Prscrbr_NPI,Prscrbr_Last_Org_Name,Prscrbr_First_Name,Prscrbr_City,Prscrbr_State_Abrvtn,Prscrbr_State_FIPS,Prscrbr_Type,Prscrbr_Type_Src,Brnd_Name,Gnrc_Name,Tot_Clms,Tot_30day_Fills,Tot_Day_Suply,Tot_Drug_Cst,Tot_Benes,GE65_Sprsn_Flag,GE65_Tot_Clms,GE65_Tot_30day_Fills,GE65_Tot_Drug_Cst,GE65_Tot_Day_Suply,GE65_Bene_Sprsn_Flag,GE65_Tot_Benes
1003000126,Enkeshafi,Ardalan,Bethesda,MD,24,Hospitalist,Claim-Specialty,Eliquis,Apixaban,13,15.3,437,8828.74,,#,,,,,*,
1003000126,Enkeshafi,Ardalan,Bethesda,MD,24,Hospitalist,Claim-Specialty,Prednisone,Prednisone,14,14,153,54.98,14,#,,,,,#,
1003000142,Khalil,Rashid,Toledo,OH,39,Anesthesiology,Claim-Specialty,Acetaminophen-Codeine,Acetaminophen With Codeine,43,43,1020,491.38,12,#,,,,,*,
1003000142,Khalil,Rashid,Toledo,OH,39,Anesthesiology,Claim-Specialty,Amitriptyline Hcl,Amitriptyline Hcl,35,35,1050,471.01,15,#,,,,,*,
1003000142,Khalil,Rashid,Toledo,OH,39,Anesthesiology,Claim-Specialty,Baclofen,Baclofen,55,63,1890,796.1,23,,27,29,417.86,870,*,
1003000142,Khalil,Rashid,Toledo,OH,39,Anesthesiology,Claim-Specialty,Buprenorphine,Buprenorphine,16,16,448,6229.05,,*,,,,,*,
1003000142,Khalil,Rashid,Toledo,OH,39,Anesthesiology,Claim-Specialty,Cyclobenzaprine Hcl,Cyclobenzaprine Hcl,54,56,1645,572.47,30,,16,16,217.6,455,,11
1003000142,Khalil,Rashid,Toledo,OH,39,Anesthesiology,Claim-Specialty,Dantrolene Sodium,Dantrolene Sodium,14,14,221,236.09,13,*,,,,,*,
1003000142,Khalil,Rashid,Toledo,OH,39,Anesthesiology,Claim-Specialty,Diclofenac Sodium,Diclofenac Sodium,82,82,1629,2423.34,42,,42,42,1374.84,753,,24
1003000142,Khalil,Rashid,Toledo,OH,39,Anesthesiology,Claim-Specialty,Duloxetine Hcl,Duloxetine Hcl,27,31,930,337.43,14,,11,13,159.01,390,*,
1003000142,Khalil,Rashid,Toledo,OH,39,Anesthesiology,Claim-Specialty,Gabapentin,Gabapentin,281,345,10315,5713.75,125,,167,209,3585.65,6255,,73
1003000142,Khalil,Rashid,Toledo,OH,39,Anesthesiology,Claim-Specialty,Hydrocodone-Acetaminophen,Hydrocodone/Acetaminophen,355,355.5,9511,7202.47,171,,214,214,4543.33,5669,,110
1003000142,Khalil,Rashid,Toledo,OH,39,Anesthesiology,Claim-Specialty,Lidocaine,Lidocaine,20,20,525,2146.83,12,#,,,,,*,
1003000142,Khalil,Rashid,Toledo,OH,39,Anesthesiology,Claim-Specialty,Meloxicam,Meloxicam,57,65,1948,230.35,25,,19,21,68.52,630,*,
1003000142,Khalil,Rashid,Toledo,OH,39,Anesthesiology,Claim-Specialty,Methocarbamol,Methocarbamol,14,14,375,231.58,,*,,,,,*,
1003000142,Khalil,Rashid,Toledo,OH,39,Anesthesiology,Claim-Specialty,Morphine Sulfate Er,Morphine Sulfate,35,35,1050,633.8,13,#,,,,,*,
1003000142,Khalil,Rashid,Toledo,OH,39,Anesthesiology,Claim-Specialty,Movantik,Naloxegol Oxalate,21,29,844,11694.14,13,#,,,,,*,
1003000142,Khalil,Rashid,Toledo,OH,39,Anesthesiology,Claim-Specialty,Oxycodone Hcl,Oxycodone Hcl,84,84,2439,1269.35,39,,62,62,983.14,1795,,27
1003000142,Khalil,Rashid,Toledo,OH,39,Anesthesiology,Claim-Specialty,Oxycodone-Acetaminophen,Oxycodone Hcl/Acetaminophen,194,194,5644,5029.88,94,,94,94,2155.06,2727,,48
1003000142,Khalil,Rashid,Toledo,OH,39,Anesthesiology,Claim-Specialty,Pregabalin,Pregabalin,143,153,4425,6575.8,58,,61,65,2168.07,1819,,27
1003000142,Khalil,Rashid,Toledo,OH,39,Anesthesiology,Claim-Specialty,Tizanidine Hcl,Tizanidine Hcl,126,140,4064,1426.75,66,,51,51,515.26,1449,,29
1003000142,Khalil,Rashid,Toledo,OH,39,Anesthesiology,Claim-Specialty,Topiramate,Topiramate,16,22,660,199.68,,*,,,,,*,
1003000142,Khalil,Rashid,Toledo,OH,39,Anesthesiology,Claim-Specialty,Tramadol Hcl,Tramadol Hcl,97,97,2550,529,41,,68,68,344.88,1756,,29
1003000167,Escobar,Julio,Dayton,NV,32,Dentist,NPPES-Specialty,Amoxicillin,Amoxicillin,51,51,308,152.04,43,#,,,,,#,
1003000167,Escobar,Julio,Dayton,NV,32,Dentist,NPPES-Specialty,Dexamethasone,Dexamethasone,20,20,20,38.04,17,#,,,,,#,
1003000423,Velotta,Jennifer,Cleveland,OH,39,Obstetrics & Gynecology,Claim-Specialty,Clotrimazole-Betamethasone,Clotrimazole/Betamethasone Dip,19,19,249,250.55,,#,,,,,*,
1003000423,Velotta,Jennifer,Cleveland,OH,39,Obstetrics & Gynecology,Claim-Specialty,Estradiol,Estradiol,39,112.4,3359,5419.72,19,#,,,,,#,
1003000480,Rothchild,Kevin,Aurora,CO,08,General Surgery,Claim-Specialty,Omeprazole,Omeprazole,16,18.1,543,384.12,,*,,,,,*,
1003000480,Rothchild,Kevin,Aurora,CO,08,General Surgery,Claim-Specialty,Oxycodone Hcl,Oxycodone Hcl,12,12,40,25.58,12,*,,,,,*,
1003000530,Semonche,Amanda,Quakertown,PA,42,Internal Medicine,Claim-Specialty,Advair Diskus,Fluticasone Propion/Salmeterol,18,25,750,8222.59,,,18,25,8222.59,750,*,
1003000530,Semonche,Amanda,Quakertown,PA,42,Internal Medicine,Claim-Specialty,Albuterol Sulfate Hfa,Albuterol Sulfate,54,59.9,1385,1900.5,24,#,,,,,#,
1003000530,Semonche,Amanda,Quakertown,PA,42,Internal Medicine,Claim-Specialty,Alendronate Sodium,Alendronate Sodium,68,155.1,4611,876.77,17,,68,155.1,876.77,4611,,17
1003000530,Semonche,Amanda,Quakertown,PA,42,Internal Medicine,Claim-Specialty,Alfuzosin Hcl Er,Alfuzosin Hcl,13,13,390,121.14,,,13,13,121.14,390,*,
1003000530,Semonche,Amanda,Quakertown,PA,42,Internal Medicine,Claim-Specialty,Allopurinol,Allopurinol,57,155,4650,927.53,14,,57,155,927.53,4650,,14
1003000530,Semonche,Amanda,Quakertown,PA,42,Internal Medicine,Claim-Specialty,Alprazolam,Alprazolam,31,54,1590,194.85,11,#,,,,,*,
1003000530,Semonche,Amanda,Quakertown,PA,42,Internal Medicine,Claim-Specialty,Amiodarone Hcl,Amiodarone Hcl,12,12,360,122.76,,,12,12,122.76,360,*,
1003000530,Semonche,Amanda,Quakertown,PA,42,Internal Medicine,Claim-Specialty,Amlodipine Besylate,Amlodipine Besylate,419,976.7,29238,3238.1,101,,403,956.5,3171.72,28664,#,
1003000530,Semonche,Amanda,Quakertown,PA,42,Internal Medicine,Claim-Specialty,Amoxicillin-Clavulanate Potass,Amoxicillin/Potassium Clav,29,29,204,299.35,28,#,,,,,#,
1003000530,Semonche,Amanda,Quakertown,PA,42,Internal Medicine,Claim-Specialty,Aripiprazole,Aripiprazole,24,36,1080,1879.6,,#,,,,,*,
1003000530,Semonche,Amanda,Quakertown,PA,42,Internal Medicine,Claim-Specialty,Atenolol,Atenolol,26,78,2340,142.77,,,26,78,142.77,2340,*,
1003000530,Semonche,Amanda,Quakertown,PA,42,Internal Medicine,Claim-Specialty,Atorvastatin Calcium,Atorvastatin Calcium,470,1154.7,34590,5690.05,112,,453,1117.7,5225.24,33480,#,
1003000530,Semonche,Amanda,Quakertown,PA,42,Internal Medicine,Claim-Specialty,Benazepril Hcl,Benazepril Hcl,13,37,1110,282.77,,,13,37,282.77,1110,*,
1003000530,Semonche,Amanda,Quakertown,PA,42,Internal Medicine,Claim-Specialty,Bupropion Hcl Sr,Bupropion Hcl,25,33.5,1005,258.44,,,25,33.5,258.44,1005,*,
1003000530,Semonche,Amanda,Quakertown,PA,42,Internal Medicine,Claim-Specialty,Bupropion Xl,Bupropion Hcl,85,191,5714,2770.34,18,,71,159,2514.77,4770,#,
1003000530,Semonche,Amanda,Quakertown,PA,42,Internal Medicine,Claim-Specialty,Buspirone Hcl,Buspirone Hcl,13,31,930,82.61,,,13,31,82.61,930,*,
1003000530,Semonche,Amanda,Quakertown,PA,42,Internal Medicine,Claim-Specialty,Butalbital-Acetaminophen-Caffe,Butalb/Acetaminophen/Caffeine,14,15,450,463.9,,,14,15,463.9,450,*,
1003000530,Semonche,Amanda,Quakertown,PA,42,Internal Medicine,Claim-Specialty,Calcitriol,Calcitriol,12,12.2,365,328.47,,,0,0,0,0,#,
1003000530,Semonche,Amanda,Quakertown,PA,42,Internal Medicine,Claim-Specialty,Carvedilol,Carvedilol,23,60,1800,391.49,,#,,,,,*,
1003000530,Semonche,Amanda,Quakertown,PA,42,Internal Medicine,Claim-Specialty,Cephalexin,Cephalexin,12,12,110,43.42,12,#,,,,,#,
1003000530,Semonche,Amanda,Quakertown,PA,42,Internal Medicine,Claim-Specialty,Chlorhexidine Gluconate,Chlorhexidine Gluconate,20,20,345,116.2,,,0,0,0,0,#,
1003000530,Semonche,Amanda,Quakertown,PA,42,Internal Medicine,Claim-Specialty,Citalopram Hbr,Citalopram Hydrobromide,39,81,2430,228.34,,,39,81,228.34,2430,*,
1003000530,Semonche,Amanda,Quakertown,PA,42,Internal Medicine,Claim-Specialty,Clonazepam,Clonazepam,35,45,1341,386.75,,,22,32,258.27,951,*,
1003000530,Semonche,Amanda,Quakertown,PA,42,Internal Medicine,Claim-Specialty,Clonidine Hcl,Clonidine Hcl,13,27.6,827,48.65,,,13,27.6,48.65,827,*,
1003000530,Semonche,Amanda,Quakertown,PA,42,Internal Medicine,Claim-Specialty,Clopidogrel,Clopidogrel Bisulfate,85,188,5630,1640.22,19,,85,188,1640.22,5630,,19
1003000530,Semonche,Amanda,Quakertown,PA,42,Internal Medicine,Claim-Specialty,Cyclobenzaprine Hcl,Cyclobenzaprine Hcl,11,11,110,41.17,,*,,,,,*,
1003000530,Semonche,Amanda,Quakertown,PA,42,Internal Medicine,Claim-Specialty,Dexlansoprazole Dr,Dexlansoprazole,13,24,720,5600.13,,,13,24,5600.13,720,*,
1003000530,Semonche,Amanda,Quakertown,PA,42,Internal Medicine,Claim-Specialty,Diazepam,Diazepam,16,16,199,41.64,,*,,,,,*,
1003000530,Semonche,Amanda,Quakertown,PA,42,Internal Medicine,Claim-Specialty,Diclofenac Sodium,Diclofenac Sodium,14,14,260,307.2,,#,,,,,*,
1003000530,Semonche,Amanda,Quakertown,PA,42,Internal Medicine,Claim-Specialty,Diltiazem 24hr Er (Cd),Diltiazem Hcl,14,14,420,232.74,,,14,14,232.74,420,*,
1003000530,Semonche,Amanda,Quakertown,PA,42,Internal Medicine,Claim-Specialty,Dofetilide,Dofetilide,14,14,409,312.85,,,14,14,312.85,409,*,
1003000530,Semonche,Amanda,Quakertown,PA,42,Internal Medicine,Claim-Specialty,Donepezil Hcl,Donepezil Hcl,20,30,900,289.85,,,20,30,289.85,900,*,
1003000530,Semonche,Amanda,Quakertown,PA,42,Internal Medicine,Claim-Specialty,Doxazosin Mesylate,Doxazosin Mesylate,15,35.8,1050,386.22,,,15,35.8,386.22,1050,*,
1003000530,Semonche,Amanda,Quakertown,PA,42,Internal Medicine,Claim-Specialty,Doxycycline Hyclate,Doxycycline Hyclate,30,30,251,319.64,28,,30,30,319.64,251,,28
1003000530,Semonche,Amanda,Quakertown,PA,42,Internal Medicine,Claim-Specialty,Duloxetine Hcl,Duloxetine Hcl,69,113,3382,3664.57,11,,55,89,3243.56,2662,*,
1003000530,Semonche,Amanda,Quakertown,PA,42,Internal Medicine,Claim-Specialty,Eliquis,Apixaban,113,167,4999,92087.78,20,,113,167,92087.78,4999,,20
1003000530,Semonche,Amanda,Quakertown,PA,42,Internal Medicine,Claim-Specialty,Escitalopram Oxalate,Escitalopram Oxalate,75,168,5015,967.02,19,#,,,,,#,
1003000530,Semonche,Amanda,Quakertown,PA,42,Internal Medicine,Claim-Specialty,Ezetimibe,Ezetimibe,13,39,1170,272.15,,,13,39,272.15,1170,*,
1003000530,Semonche,Amanda,Quakertown,PA,42,Internal Medicine,Claim-Specialty,Famotidine,Famotidine,143,293.5,8770,1813.81,42,#,,,,,#,
1003000530,Semonche,Amanda,Quakertown,PA,42,Internal Medicine,Claim-Specialty,Febuxostat,Febuxostat,12,12,360,2867.88,,,12,12,2867.88,360,*,
1003000530,Semonche,Amanda,Quakertown,PA,42,Internal Medicine,Claim-Specialty,Fenofibrate,Fenofibrate,12,32,960,400.88,,*,,,,,*,
1003000530,Semonche,Amanda,Quakertown,PA,42,Internal Medicine,Claim-Specialty,Finasteride,Finasteride,31,79,2370,628.74,,,31,79,628.74,2370,*,
1003000530,Semonche,Amanda,Quakertown,PA,42,Internal Medicine,Claim-Specialty,Fluticasone Propionate,Fluticasone Propionate,59,108,3240,709.42,23,#,,,,,#,
1003000530,Semonche,Amanda,Quakertown,PA,42,Internal Medicine,Claim-Specialty,Fluticasone-Salmeterol,Fluticasone Propion/Salmeterol,16,24,720,3464.46,,#,,,,,*,
1003000530,Semonche,Amanda,Quakertown,PA,42,Internal Medicine,Claim-Specialty,Fosinopril Sodium,Fosinopril Sodium,23,33,990,487.11,,,23,33,487.11,990,*,
1003000530,Semonche,Amanda,Quakertown,PA,42,Internal Medicine,Claim-Specialty,Furosemide,Furosemide,74,137,4054,516.89,23,#,,,,,#,
1003000530,Semonche,Amanda,Quakertown,PA,42,Internal Medicine,Claim-Specialty,Gabapentin,Gabapentin,223,382,11391,3411.56,53,,203,358,3230.61,10677,#,
1003000530,Semonche,Amanda,Quakertown,PA,42,Internal Medicine,Claim-Specialty,Gemfibrozil,Gemfibrozil,11,11,330,99,,,11,11,99,330,*,
1003000530,Semonche,Amanda,Quakertown,PA,42,Internal Medicine,Claim-Specialty,Glipizide,Glipizide,82,191.1,5694,958.43,18,,82,191.1,958.43,5694,,18
1003000530,Semonche,Amanda,Quakertown,PA,42,Internal Medicine,Claim-Specialty,Glycopyrrolate,Glycopyrrolate,14,16.2,485,908.42,,*,,,,,*,
1003000530,Semonche,Amanda,Quakertown,PA,42,Internal Medicine,Claim-Specialty,Hydrochlorothiazide,Hydrochlorothiazide,188,456,13668,712.76,44,#,,,,,#,
1003000530,Semonche,Amanda,Quakertown,PA,42,Internal Medicine,Claim-Specialty,Hydrocodone-Acetaminophen,Hydrocodone/Acetaminophen,21,21,306,463.91,,,21,21,463.91,306,*,
1003000530,Semonche,Amanda,Quakertown,PA,42,Internal Medicine,Claim-Specialty,Irbesartan,Irbesartan,19,33,964,852.51,,*,,,,,*,
1003000530,Semonche,Amanda,Quakertown,PA,42,Internal Medicine,Claim-Specialty,Isosorbide Mononitrate Er,Isosorbide Mononitrate,23,47,1410,529.15,,#,,,,,*,
1003000530,Semonche,Amanda,Quakertown,PA,42,Internal Medicine,Claim-Specialty,Januvia,Sitagliptin Phosphate,27,49,1470,27971.54,,,27,49,27971.54,1470,*,
1003000530,Semonche,Amanda,Quakertown,PA,42,Internal Medicine,Claim-Specialty,Jardiance,Empagliflozin,24,45,1350,27759.5,,,24,45,27759.5,1350,*,
1003000530,Semonche,Amanda,Quakertown,PA,42,Internal Medicine,Claim-Specialty,Klor-Con M20,Potassium Chloride,25,73,2190,630.04,,,25,73,630.04,2190,*,
1003000530,Semonche,Amanda,Quakertown,PA,42,Internal Medicine,Claim-Specialty,Lamotrigine,Lamotrigine,24,24.4,730,255.05,,,0,0,0,0,#,
1003000530,Semonche,Amanda,Quakertown,PA,42,Internal Medicine,Claim-Specialty,Lantus Solostar,"Insulin Glargine,hum.Rec.Anlog",22,30,811,10350.07,,,22,30,10350.07,811,*,
1003000530,Semonche,Amanda,Quakertown,PA,42,Internal Medicine,Claim-Specialty,Levothyroxine Sodium,Levothyroxine Sodium,373,633.6,18868,4183.87,63,,325,577.4,3455.21,17229,#,
1003000530,Semonche,Amanda,Quakertown,PA,42,Internal Medicine,Claim-Specialty,Lisinopril,Lisinopril,295,758.3,22742,3178.29,72,#,,,,,#,
1003000530,Semonche,Amanda,Quakertown,PA,42,Internal Medicine,Claim-Specialty,Lisinopril-Hydrochlorothiazide,Lisinopril/Hydrochlorothiazide,39,117,3510,671.14,12,,39,117,671.14,3510,,12
1003000530,Semonche,Amanda,Quakertown,PA,42,Internal Medicine,Claim-Specialty,Loperamide,Loperamide Hcl,13,15.1,301,291.57,,*,,,,,*,
1003000530,Semonche,Amanda,Quakertown,PA,42,Internal Medicine,Claim-Specialty,Lorazepam,Lorazepam,83,86.5,1870,503.02,27,#,,,,,#,
1003000530,Semonche,Amanda,Quakertown,PA,42,Internal Medicine,Claim-Specialty,Losartan Potassium,Losartan Potassium,205,464.3,13886,3180.14,48,,194,443.2,3051.65,13255,#,
1003000530,Semonche,Amanda,Quakertown,PA,42,Internal Medicine,Claim-Specialty,Meclizine Hcl,Meclizine Hcl,19,19,209,83.08,,#,,,,,*,
1003000530,Semonche,Amanda,Quakertown,PA,42,Internal Medicine,Claim-Specialty,Meloxicam,Meloxicam,27,59,1750,89.38,11,#,,,,,*,
1003000530,Semonche,Amanda,Quakertown,PA,42,Internal Medicine,Claim-Specialty,Metformin Hcl,Metformin Hcl,136,337.5,10125,1345.8,31,,124,325.3,1289.91,9760,#,
1003000530,Semonche,Amanda,Quakertown,PA,42,Internal Medicine,Claim-Specialty,Metformin Hcl Er,Metformin Hcl,41,99,2942,798.5,13,#,,,,,#,
1003000530,Semonche,Amanda,Quakertown,PA,42,Internal Medicine,Claim-Specialty,Metoprolol Succinate,Metoprolol Succinate,137,313,9359,3258.29,34,#,,,,,#,
1003000530,Semonche,Amanda,Quakertown,PA,42,Internal Medicine,Claim-Specialty,Metoprolol Tartrate,Metoprolol Tartrate,162,396,11880,1914.77,39,,162,396,1914.77,11880,,39
1003000530,Semonche,Amanda,Quakertown,PA,42,Internal Medicine,Claim-Specialty,Minocycline Hcl,Minocycline Hcl,12,12,360,209.16,,,12,12,209.16,360,*,
1003000530,Semonche,Amanda,Quakertown,PA,42,Internal Medicine,Claim-Specialty,Mirtazapine,Mirtazapine,20,38,1140,628.21,,,20,38,628.21,1140,*,
1003000530,Semonche,Amanda,Quakertown,PA,42,Internal Medicine,Claim-Specialty,Montelukast Sodium,Montelukast Sodium,32,84,2520,771.35,,#,,,,,*,
1003000530,Semonche,Amanda,Quakertown,PA,42,Internal Medicine,Claim-Specialty,Myrbetriq,Mirabegron,23,25,750,10615.93,,,23,25,10615.93,750,*,
1003000530,Semonche,Amanda,Quakertown,PA,42,Internal Medicine,Claim-Specialty,Nebivolol Hcl,Nebivolol Hcl,24,36,1080,3026.05,,,12,24,1397.25,720,*,
1003000530,Semonche,Amanda,Quakertown,PA,42,Internal Medicine,Claim-Specialty,Olmesartan Medoxomil,Olmesartan Medoxomil,34,78,2340,565.72,,#,,,,,*,
1003000530,Semonche,Amanda,Quakertown,PA,42,Internal Medicine,Claim-Specialty,Omeprazole,Omeprazole,116,244.8,7334,1743.04,31,,105,227.7,1536.13,6822,#,
1003000530,Semonche,Amanda,Quakertown,PA,42,Internal Medicine,Claim-Specialty,Ondansetron Hcl,Ondansetron Hcl,16,16,254,106.17,,#,,,,,*,
1003000530,Semonche,Amanda,Quakertown,PA,42,Internal Medicine,Claim-Specialty,Ondansetron Odt,Ondansetron,11,11,110,68.32,,,11,11,68.32,110,*,
1003000530,Semonche,Amanda,Quakertown,PA,42,Internal Medicine,Claim-Specialty,Oxybutynin Chloride Er,Oxybutynin Chloride,19,51,1530,1749.56,,,19,51,1749.56,1530,*,
1003000530,Semonche,Amanda,Quakertown,PA,42,Internal Medicine,Claim-Specialty,Pantoprazole Sodium,Pantoprazole Sodium,154,257.6,7696,2578.24,33,,139,236.6,2024.1,7066,#,
1003000530,Semonche,Amanda,Quakertown,PA,42,Internal Medicine,Claim-Specialty,Paroxetine Hcl,Paroxetine Hcl,13,27,810,110.99,,,13,27,110.99,810,*,
1003000530,Semonche,Amanda,Quakertown,PA,42,Internal Medicine,Claim-Specialty,Paxlovid (Eua),Nirmatrelvir/Ritonavir,12,12,60,92.5,12,,12,12,92.5,60,,12
1003000530,Semonche,Amanda,Quakertown,PA,42,Internal Medicine,Claim-Specialty,Potassium Chloride,Potassium Chloride,70,113.2,3355,2324.32,16,#,,,,,#,
1003000530,Semonche,Amanda,Quakertown,PA,42,Internal Medicine,Claim-Specialty,Pramipexole Dihydrochloride,Pramipexole Di-Hcl,16,42,1260,297.77,,#,,,,,*,
1003000530,Semonche,Amanda,Quakertown,PA,42,Internal Medicine,Claim-Specialty,Pravastatin Sodium,Pravastatin Sodium,177,503,15090,3424.52,50,#,,,,,#,
1003000530,Semonche,Amanda,Quakertown,PA,42,Internal Medicine,Claim-Specialty,Prednisone,Prednisone,42,44.7,948,238.04,24,#,,,,,#,
1003000530,Semonche,Amanda,Quakertown,PA,42,Internal Medicine,Claim-Specialty,Pregabalin,Pregabalin,14,30,900,520.49,,#,,,,,*,
1003000530,Semonche,Amanda,Quakertown,PA,42,Internal Medicine,Claim-Specialty,Quetiapine Fumarate,Quetiapine Fumarate,33,67,2010,782.96,,#,,,,,*,
1003000530,Semonche,Amanda,Quakertown,PA,42,Internal Medicine,Claim-Specialty,Ropinirole Hcl,Ropinirole Hcl,32,52,1560,446.55,,#,,,,,*,
1003000530,Semonche,Amanda,Quakertown,PA,42,Internal Medicine,Claim-Specialty,Rosuvastatin Calcium,Rosuvastatin Calcium,94,240,7171,2111.54,23,#,,,,,#,
1003000530,Semonche,Amanda,Quakertown,PA,42,Internal Medicine,Claim-Specialty,Sertraline Hcl,Sertraline Hcl,97,217,6498,892.2,28,,86,198,817.67,5928,#,
1003000530,Semonche,Amanda,Quakertown,PA,42,Internal Medicine,Claim-Specialty,Simvastatin,Simvastatin,175,478.4,14350,2081.26,45,,163,466.2,2031.79,13985,#,
1003000530,Semonche,Amanda,Quakertown,PA,42,Internal Medicine,Claim-Specialty,Spironolactone,Spironolactone,19,51.6,1547,345.85,,,19,51.6,345.85,1547,*,
1003000530,Semonche,Amanda,Quakertown,PA,42,Internal Medicine,Claim-Specialty,Symbicort,Budesonide/Formoterol Fumarate,20,36,1080,12911.94,,,20,36,12911.94,1080,*,
1003000530,Semonche,Amanda,Quakertown,PA,42,Internal Medicine,Claim-Specialty,Synthroid,Levothyroxine Sodium,30,54,1596,2299.72,,,30,54,2299.72,1596,*,
1003000530,Semonche,Amanda,Quakertown,PA,42,Internal Medicine,Claim-Specialty,Tamsulosin Hcl,Tamsulosin Hcl,81,183,5490,1462.82,22,#,,,,,#,
1003000530,Semonche,Amanda,Quakertown,PA,42,Internal Medicine,Claim-Specialty,Tizanidine Hcl,Tizanidine Hcl,13,13.2,286,271.15,,*,,,,,*,
1003000530,Semonche,Amanda,Quakertown,PA,42,Internal Medicine,Claim-Specialty,Torsemide,Torsemide,15,21,630,290.41,,,15,21,290.41,630,*,
1003000530,Semonche,Amanda,Quakertown,PA,42,Internal Medicine,Claim-Specialty,Tradjenta,Linagliptin,24,28,840,15238.26,,,24,28,15238.26,840,*,
1003000530,Semonche,Amanda,Quakertown,PA,42,Internal Medicine,Claim-Specialty,Tramadol Hcl,Tramadol Hcl,16,16,348,79.1,,#,,,,,*,
1003000530,Semonche,Amanda,Quakertown,PA,42,Internal Medicine,Claim-Specialty,Tramadol Hcl Er,Tramadol Hcl,13,13,390,458.43,,#,,,,,*,
1003000530,Semonche,Amanda,Quakertown,PA,42,Internal Medicine,Claim-Specialty,Trazodone Hcl,Trazodone Hcl,76,141,4223,2281.88,17,#,,,,,#,
1003000530,Semonche,Amanda,Quakertown,PA,42,Internal Medicine,Claim-Specialty,Triamcinolone Acetonide,Triamcinolone Acetonide,15,15,297,87.72,12,#,,,,,#,
1003000530,Semonche,Amanda,Quakertown,PA,42,Internal Medicine,Claim-Specialty,Triamterene-Hydrochlorothiazid,Triamterene/Hydrochlorothiazid,17,27,810,83.25,,,17,27,83.25,810,*,
1003000530,Semonche,Amanda,Quakertown,PA,42,Internal Medicine,Claim-Specialty,Ultra-Fine Mini Pen Needle,"Pen Needle, Diabetic",18,18,360,1114.32,,,0,0,0,0,#,
1003000530,Semonche,Amanda,Quakertown,PA,42,Internal Medicine,Claim-Specialty,Valacyclovir,Valacyclovir Hcl,15,15,296,259.45,,#,,,,,*,
1003000530,Semonche,Amanda,Quakertown,PA,42,Internal Medicine,Claim-Specialty,Valsartan,Valsartan,56,144,4320,2508.7,12,#,,,,,#,
1003000530,Semonche,Amanda,Quakertown,PA,42,Internal Medicine,Claim-Specialty,Valsartan-Hydrochlorothiazide,Valsartan/Hydrochlorothiazide,20,58,1717,1368.17,,,20,58,1368.17,1717,*,
1003000530,Semonche,Amanda,Quakertown,PA,42,Internal Medicine,Claim-Specialty,Venlafaxine Hcl,Venlafaxine Hcl,11,19,570,219.51,,,11,19,219.51,570,*,
1003000530,Semonche,Amanda,Quakertown,PA,42,Internal Medicine,Claim-Specialty,Venlafaxine Hcl Er,Venlafaxine Hcl,60,118,3540,1287.22,13,#,,,,,#,
1003000530,Semonche,Amanda,Quakertown,PA,42,Internal Medicine,Claim-Specialty,Warfarin Sodium,Warfarin Sodium,20,55.8,1674,145.37,,,20,55.8,145.37,1674,*,
1003000530,Semonche,Amanda,Quakertown,PA,42,Internal Medicine,Claim-Specialty,Xarelto,Rivaroxaban,23,47,1410,25917.35,,#,,,,,*,
1003000530,Semonche,Amanda,Quakertown,PA,42,Internal Medicine,Claim-Specialty,Zolpidem Tartrate,Zolpidem Tartrate,39,69,2041,360.06,,,39,69,360.06,2041,*,
1003000597,Kim,Dae,Tulsa,OK,40,Urology,Claim-Specialty,Amoxicillin-Clavulanate Potass,Amoxicillin/Potassium Clav,141,149,1661,1809.38,116,,120,128,1541.38,1397,,101
1003000597,Kim,Dae,Tulsa,OK,40,Urology,Claim-Specialty,Cephalexin,Cephalexin,35,74,2175,407.88,21,#,,,,,#,
1003000597,Kim,Dae,Tulsa,OK,40,Urology,Claim-Specialty,Ciprofloxacin Hcl,Ciprofloxacin Hcl,122,122,381,324.67,108,,111,111,298.9,333,#,
1003000597,Kim,Dae,Tulsa,OK,40,Urology,Claim-Specialty,Estradiol,Estradiol,20,40.9,1219,2117.09,12,,20,40.9,2117.09,1219,,12
1003000597,Kim,Dae,Tulsa,OK,40,Urology,Claim-Specialty,Finasteride,Finasteride,144,387.4,11621,2922.72,51,#,,,,,#,
1003000597,Kim,Dae,Tulsa,OK,40,Urology,Claim-Specialty,Fluconazole,Fluconazole,11,11,62,73.09,,,11,11,73.09,62,*,
1003000597,Kim,Dae,Tulsa,OK,40,Urology,Claim-Specialty,Gemtesa,Vibegron,249,331,9875,164656.98,55,,151,212,105171.63,6327,,39
1003000597,Kim,Dae,Tulsa,OK,40,Urology,Claim-Specialty,Hydrocodone-Acetaminophen,Hydrocodone/Acetaminophen,269,269,1307,1573.37,220,,234,234,1351.61,1123,,191
1003000597,Kim,Dae,Tulsa,OK,40,Urology,Claim-Specialty,Myrbetriq,Mirabegron,40,67,1988,31469.53,11,#,,,,,*,
1003000597,Kim,Dae,Tulsa,OK,40,Urology,Claim-Specialty,Nitrofurantoin Mono-Macro,Nitrofurantoin Monohyd/M-Cryst,17,19,251,321.13,14,#,,,,,#,
1003000597,Kim,Dae,Tulsa,OK,40,Urology,Claim-Specialty,Orgovyx,Relugolix,18,18,540,46790.38,,,18,18,46790.38,540,*,
1003000597,Kim,Dae,Tulsa,OK,40,Urology,Claim-Specialty,Oxybutynin Chloride,Oxybutynin Chloride,31,47,1334,792.49,,#,,,,,*,
1003000597,Kim,Dae,Tulsa,OK,40,Urology,Claim-Specialty,Oxybutynin Chloride Er,Oxybutynin Chloride,30,60,1794,556.24,16,,16,28,247.51,840,*,
1003000597,Kim,Dae,Tulsa,OK,40,Urology,Claim-Specialty,Sildenafil Citrate,Sildenafil Citrate,15,21,438,70.08,,,15,21,70.08,438,*,
1003000597,Kim,Dae,Tulsa,OK,40,Urology,Claim-Specialty,Solifenacin Succinate,Solifenacin Succinate,108,239,7170,6547.46,37,#,,,,,#,
1003000597,Kim,Dae,Tulsa,OK,40,Urology,Claim-Specialty,Tamsulosin Hcl,Tamsulosin Hcl,556,1318.7,39530,11670.55,176,,497,1227.7,10304.79,36808,,163
1003000597,Kim,Dae,Tulsa,OK,40,Urology,Claim-Specialty,Tramadol Hcl,Tramadol Hcl,22,22,104,36.18,16,#,,,,,#,
1003000597,Kim,Dae,Tulsa,OK,40,Urology,Claim-Specialty,Trimethoprim,Trimethoprim,11,31.7,950,756.76,,,11,31.7,756.76,950,*,
1003000720,Hernandez,Otniel,Fort Myers,FL,12,Nurse Practitioner,Claim-Specialty,Albuterol Sulfate Hfa,Albuterol Sulfate,27,27.4,593,805.18,27,#,,,,,#,
1003000720,Hernandez,Otniel,Fort Myers,FL,12,Nurse Practitioner,Claim-Specialty,Amoxicillin-Clavulanate Potass,Amoxicillin/Potassium Clav,37,37,355,457.76,37,,26,26,332.57,251,,26
1003000720,Hernandez,Otniel,Fort Myers,FL,12,Nurse Practitioner,Claim-Specialty,Azithromycin,Azithromycin,22,22,112,93.96,21,,22,22,93.96,112,,21
1003000720,Hernandez,Otniel,Fort Myers,FL,12,Nurse Practitioner,Claim-Specialty,Cephalexin,Cephalexin,16,16,121,96.14,15,#,,,,,#,
1003000720,Hernandez,Otniel,Fort Myers,FL,12,Nurse Practitioner,Claim-Specialty,Doxycycline Hyclate,Doxycycline Hyclate,45,45,444,797.15,43,#,,,,,#,
1003000720,Hernandez,Otniel,Fort Myers,FL,12,Nurse Practitioner,Claim-Specialty,Methylprednisolone,Methylprednisolone,58,58,361,465.15,56,#,,,,,#,
1003000720,Hernandez,Otniel,Fort Myers,FL,12,Nurse Practitioner,Claim-Specialty,Naproxen,Naproxen,26,26,425,156.56,25,#,,,,,#,
1003000720,Hernandez,Otniel,Fort Myers,FL,12,Nurse Practitioner,Claim-Specialty,Nitrofurantoin Mono-Macro,Nitrofurantoin Monohyd/M-Cryst,24,24,166,535.37,24,#,,,,,#,
1003000720,Hernandez,Otniel,Fort Myers,FL,12,Nurse Practitioner,Claim-Specialty,Ofloxacin,Ofloxacin,22,26.4,582,801.98,20,#,,,,,#,
1003000720,Hernandez,Otniel,Fort Myers,FL,12,Nurse Practitioner,Claim-Specialty,Prednisone,Prednisone,12,12,77,20.62,12,#,,,,,#,
1003000720,Hernandez,Otniel,Fort Myers,FL,12,Nurse Practitioner,Claim-Specialty,Sulfamethoxazole-Trimethoprim,Sulfamethoxazole/Trimethoprim,13,13,116,78.58,13,,13,13,78.58,116,,13
1003000738,Zumwalt,Juliette,Houston,TX,48,Physician Assistant,Claim-Specialty,Meloxicam,Meloxicam,19,19,570,62.56,15,,19,19,62.56,570,,15
1003000738,Zumwalt,Juliette,Houston,TX,48,Physician Assistant,Claim-Specialty,Methylprednisolone,Methylprednisolone,11,11,66,141.14,11,,11,11,141.14,66,,11
1003000746,Gallegos,Mike,Placitas,NM,35,Pharmacist,NPPES-Taxonomy,Abrysvo,"Rsv Vacc, Pref A And Pref B/Pf",66,66,66,21633.31,66,,66,66,21633.31,66,,66
1003000746,Gallegos,Mike,Placitas,NM,35,Pharmacist,NPPES-Taxonomy,Shingrix,Varicella-Zoster Ge/As01b/Pf,17,17,133,3501.94,14,#,,,,,#,
1003000902,Lohano,Jaivanti,Louisville,KY,21,Family Practice,Claim-Specialty,Acyclovir,Acyclovir,27,35,817,603.18,,#,,,,,*,
1003000902,Lohano,Jaivanti,Louisville,KY,21,Family Practice,Claim-Specialty,Albuterol Sulfate Hfa,Albuterol Sulfate,256,293.6,6763,9003.04,67,,113,133.5,4165.19,3062,,43
1003000902,Lohano,Jaivanti,Louisville,KY,21,Family Practice,Claim-Specialty,Alendronate Sodium,Alendronate Sodium,38,99.5,2976,383.67,,#,,,,,*,
1003000902,Lohano,Jaivanti,Louisville,KY,21,Family Practice,Claim-Specialty,Allopurinol,Allopurinol,30,80,2400,356.85,,,30,80,356.85,2400,*,
1003000902,Lohano,Jaivanti,Louisville,KY,21,Family Practice,Claim-Specialty,Alprazolam,Alprazolam,73,73,2157,224.93,14,,53,53,164.73,1570,#,
1003000902,Lohano,Jaivanti,Louisville,KY,21,Family Practice,Claim-Specialty,Amitriptyline Hcl,Amitriptyline Hcl,13,17,510,128.12,,*,,,,,*,
1003000902,Lohano,Jaivanti,Louisville,KY,21,Family Practice,Claim-Specialty,Amlodipine Besylate,Amlodipine Besylate,289,730.6,21888,1826.38,74,,260,671.6,1621.54,20134,#,
1003000902,Lohano,Jaivanti,Louisville,KY,21,Family Practice,Claim-Specialty,Amlodipine Besylate-Benazepril,Amlodipine Besylate/Benazepril,13,39,1170,202.8,,*,,,,,*,
1003000902,Lohano,Jaivanti,Louisville,KY,21,Family Practice,Claim-Specialty,Amoxicillin,Amoxicillin,14,14,122,38.12,12,*,,,,,*,
1003000902,Lohano,Jaivanti,Louisville,KY,21,Family Practice,Claim-Specialty,Anoro Ellipta,Umeclidinium Brm/Vilanterol Tr,28,30,900,15482.35,,*,,,,,*,
1003000902,Lohano,Jaivanti,Louisville,KY,21,Family Practice,Claim-Specialty,Atenolol,Atenolol,61,169,5055,448.34,16,,50,136,433.66,4065,#,
1003000902,Lohano,Jaivanti,Louisville,KY,21,Family Practice,Claim-Specialty,Atorvastatin Calcium,Atorvastatin Calcium,699,1703.3,50975,5977.08,176,,544,1400.1,4816.22,41929,,145
1003000902,Lohano,Jaivanti,Louisville,KY,21,Family Practice,Claim-Specialty,Azithromycin,Azithromycin,44,44,222,199.88,35,#,,,,,#,
1003000902,Lohano,Jaivanti,Louisville,KY,21,Family Practice,Claim-Specialty,Baclofen,Baclofen,39,49,1347,186.22,12,#,,,,,*,
1003000902,Lohano,Jaivanti,Louisville,KY,21,Family Practice,Claim-Specialty,Benazepril Hcl,Benazepril Hcl,23,45,1350,126.94,,#,,,,,*,
1003000902,Lohano,Jaivanti,Louisville,KY,21,Family Practice,Claim-Specialty,Breo Ellipta,Fluticasone/Vilanterol,46,62,1860,26939.48,,,17,25,10894.09,750,*,
1003000902,Lohano,Jaivanti,Louisville,KY,21,Family Practice,Claim-Specialty,Breztri Aerosphere,Budesonide/Glycopyr/Formoterol,13,13,390,8820.06,,,13,13,8820.06,390,*,
1003000902,Lohano,Jaivanti,Louisville,KY,21,Family Practice,Claim-Specialty,Bupropion Hcl,Bupropion Hcl,13,19,570,203.74,,,13,19,203.74,570,*,
1003000902,Lohano,Jaivanti,Louisville,KY,21,Family Practice,Claim-Specialty,Bupropion Hcl Sr,Bupropion Hcl,12,32,960,408.56,,*,,,,,*,
1003000902,Lohano,Jaivanti,Louisville,KY,21,Family Practice,Claim-Specialty,Bupropion Xl,Bupropion Hcl,20,36,1080,340.54,,*,,,,,*,
1003000902,Lohano,Jaivanti,Louisville,KY,21,Family Practice,Claim-Specialty,Buspirone Hcl,Buspirone Hcl,90,110,3155,876.88,22,,72,90,652.94,2625,#,
1003000902,Lohano,Jaivanti,Louisville,KY,21,Family Practice,Claim-Specialty,Carvedilol,Carvedilol,66,122,3630,387,16,#,,,,,#,
1003000902,Lohano,Jaivanti,Louisville,KY,21,Family Practice,Claim-Specialty,Celecoxib,Celecoxib,13,35,1050,463.3,,*,,,,,*,
1003000902,Lohano,Jaivanti,Louisville,KY,21,Family Practice,Claim-Specialty,Cephalexin,Cephalexin,18,18,126,110.95,17,*,,,,,*,
1003000902,Lohano,Jaivanti,Louisville,KY,21,Family Practice,Claim-Specialty,Chlorthalidone,Chlorthalidone,11,33,990,128.4,,*,,,,,*,
1003000902,Lohano,Jaivanti,Louisville,KY,21,Family Practice,Claim-Specialty,Ciprofloxacin Hcl,Ciprofloxacin Hcl,17,17,118,157.64,17,#,,,,,#,
1003000902,Lohano,Jaivanti,Louisville,KY,21,Family Practice,Claim-Specialty,Citalopram Hbr,Citalopram Hydrobromide,88,216,6480,657.56,20,,65,171,527.77,5130,#,
1003000902,Lohano,Jaivanti,Louisville,KY,21,Family Practice,Claim-Specialty,Clonazepam,Clonazepam,62,62,1784,351.04,,,40,40,245.46,1124,*,
1003000902,Lohano,Jaivanti,Louisville,KY,21,Family Practice,Claim-Specialty,Clonidine Hcl,Clonidine Hcl,73,142.5,4212,368.08,15,,59,116.5,232.05,3432,#,
1003000902,Lohano,Jaivanti,Louisville,KY,21,Family Practice,Claim-Specialty,Clopidogrel,Clopidogrel Bisulfate,93,219.1,6514,977.59,26,,65,171.1,714.27,5074,#,
1003000902,Lohano,Jaivanti,Louisville,KY,21,Family Practice,Claim-Specialty,Clotrimazole-Betamethasone,Clotrimazole/Betamethasone Dip,18,18.5,349,557.52,,#,,,,,*,
1003000902,Lohano,Jaivanti,Louisville,KY,21,Family Practice,Claim-Specialty,Cyclobenzaprine Hcl,Cyclobenzaprine Hcl,52,55,1120,219.71,22,,29,31.5,142.59,585,#,
1003000902,Lohano,Jaivanti,Louisville,KY,21,Family Practice,Claim-Specialty,Dextroamphetamine-Amphetamine,Dextroamphetamine/Amphetamine,31,31,917,1087.38,,,20,20,810.08,587,*,
1003000902,Lohano,Jaivanti,Louisville,KY,21,Family Practice,Claim-Specialty,Diclofenac Sodium,Diclofenac Sodium,38,54,1285,928.99,15,#,,,,,*,
1003000902,Lohano,Jaivanti,Louisville,KY,21,Family Practice,Claim-Specialty,Dicyclomine Hcl,Dicyclomine Hcl,28,28,810,466.66,,#,,,,,*,
1003000902,Lohano,Jaivanti,Louisville,KY,21,Family Practice,Claim-Specialty,Diltiazem 24hr Er (Cd),Diltiazem Hcl,22,52,1560,889.6,,#,,,,,*,
1003000902,Lohano,Jaivanti,Louisville,KY,21,Family Practice,Claim-Specialty,Diphenoxylate-Atropine,Diphenoxylate Hcl/Atropine,16,16,77,74.32,,*,,,,,*,
1003000902,Lohano,Jaivanti,Louisville,KY,21,Family Practice,Claim-Specialty,Duloxetine Hcl,Duloxetine Hcl,23,47,1410,308.68,,#,,,,,*,
1003000902,Lohano,Jaivanti,Louisville,KY,21,Family Practice,Claim-Specialty,Edarbyclor,Azilsartan Med/Chlorthalidone,12,14,420,3458.42,,,12,14,3458.42,420,*,
1003000902,Lohano,Jaivanti,Louisville,KY,21,Family Practice,Claim-Specialty,Eliquis,Apixaban,54,80,2400,48026.49,15,,54,80,48026.49,2400,,15
1003000902,Lohano,Jaivanti,Louisville,KY,21,Family Practice,Claim-Specialty,Escitalopram Oxalate,Escitalopram Oxalate,130,274.8,8144,1040.44,31,,111,239.8,870.83,7099,#,
1003000902,Lohano,Jaivanti,Louisville,KY,21,Family Practice,Claim-Specialty,Esomeprazole Magnesium,Esomeprazole Magnesium,50,100,3000,2091.19,,,26,64,1526.33,1920,*,
1003000902,Lohano,Jaivanti,Louisville,KY,21,Family Practice,Claim-Specialty,Estradiol,Estradiol,19,51,1521,508.99,,#,,,,,*,
1003000902,Lohano,Jaivanti,Louisville,KY,21,Family Practice,Claim-Specialty,Ezetimibe,Ezetimibe,36,79.9,2346,651.73,,#,,,,,*,
1003000902,Lohano,Jaivanti,Louisville,KY,21,Family Practice,Claim-Specialty,Famotidine,Famotidine,13,39,1170,192.01,,*,,,,,*,
1003000902,Lohano,Jaivanti,Louisville,KY,21,Family Practice,Claim-Specialty,Fenofibrate,Fenofibrate,25,39,1170,549.25,,#,,,,,*,
1003000902,Lohano,Jaivanti,Louisville,KY,21,Family Practice,Claim-Specialty,Fenofibrate,Fenofibrate Nanocrystallized,69,143,4290,3479.12,16,,58,110,2365.36,3300,#,
1003000902,Lohano,Jaivanti,Louisville,KY,21,Family Practice,Claim-Specialty,Fluconazole,Fluconazole,26,26,70,150.87,19,#,,,,,#,
1003000902,Lohano,Jaivanti,Louisville,KY,21,Family Practice,Claim-Specialty,Fluoxetine Hcl,Fluoxetine Hcl,47,117,3510,407.88,,,29,87,191.29,2610,*,
1003000902,Lohano,Jaivanti,Louisville,KY,21,Family Practice,Claim-Specialty,Fluticasone Propionate,Fluticasone Propionate,55,104.5,3136,805.82,21,,29,61,271.61,1830,#,
1003000902,Lohano,Jaivanti,Louisville,KY,21,Family Practice,Claim-Specialty,Fluticasone-Salmeterol,Fluticasone Propion/Salmeterol,32,44,1320,6995.21,,*,,,,,*,
1003000902,Lohano,Jaivanti,Louisville,KY,21,Family Practice,Claim-Specialty,Furosemide,Furosemide,122,210,6174,548.03,29,,87,163,378.24,4764,#,
1003000902,Lohano,Jaivanti,Louisville,KY,21,Family Practice,Claim-Specialty,Gabapentin,Gabapentin,262,367,10799,3476.83,59,,146,233,1164.77,6802,,38
1003000902,Lohano,Jaivanti,Louisville,KY,21,Family Practice,Claim-Specialty,Gemfibrozil,Gemfibrozil,11,11,330,74.36,,,11,11,74.36,330,*,
1003000902,Lohano,Jaivanti,Louisville,KY,21,Family Practice,Claim-Specialty,Glimepiride,Glimepiride,55,123,3690,831.67,13,,36,90,609.26,2700,*,
1003000902,Lohano,Jaivanti,Louisville,KY,21,Family Practice,Claim-Specialty,Glipizide Er,Glipizide,20,36,1080,353.04,,*,,,,,*,
1003000902,Lohano,Jaivanti,Louisville,KY,21,Family Practice,Claim-Specialty,Hydralazine Hcl,Hydralazine Hcl,41,83,2490,685.03,11,#,,,,,*,
1003000902,Lohano,Jaivanti,Louisville,KY,21,Family Practice,Claim-Specialty,Hydrochlorothiazide,Hydrochlorothiazide,127,285,8550,650.52,33,,93,213,563.49,6390,#,
1003000902,Lohano,Jaivanti,Louisville,KY,21,Family Practice,Claim-Specialty,Hydrocodone-Acetaminophen,Hydrocodone/Acetaminophen,46,46,525,463.1,13,,26,26,266.52,329,*,
1003000902,Lohano,Jaivanti,Louisville,KY,21,Family Practice,Claim-Specialty,Hydroxyzine Hcl,Hydroxyzine Hcl,66,82,1975,381.27,11,,39,55,274.58,1625,*,
1003000902,Lohano,Jaivanti,Louisville,KY,21,Family Practice,Claim-Specialty,Ibuprofen,Ibuprofen,22,22,360,130.48,,#,,,,,*,
1003000902,Lohano,Jaivanti,Louisville,KY,21,Family Practice,Claim-Specialty,Isosorbide Mononitrate Er,Isosorbide Mononitrate,33,69,2041,347.99,,,33,69,347.99,2041,*,
1003000902,Lohano,Jaivanti,Louisville,KY,21,Family Practice,Claim-Specialty,Janumet,Sitagliptin Phos/Metformin Hcl,12,12,360,7374.48,,,0,0,0,0,#,
1003000902,Lohano,Jaivanti,Louisville,KY,21,Family Practice,Claim-Specialty,Januvia,Sitagliptin Phosphate,16,26,780,14551.38,,*,,,,,*,
1003000902,Lohano,Jaivanti,Louisville,KY,21,Family Practice,Claim-Specialty,Jardiance,Empagliflozin,37,59,1770,36990.02,,#,,,,,*,
1003000902,Lohano,Jaivanti,Louisville,KY,21,Family Practice,Claim-Specialty,Klor-Con M10,Potassium Chloride,13,31,876,416.03,,*,,,,,*,
1003000902,Lohano,Jaivanti,Louisville,KY,21,Family Practice,Claim-Specialty,Lantus Solostar,"Insulin Glargine,hum.Rec.Anlog",39,74.4,2139,23436.41,,,27,62,19870.43,1767,*,
1003000902,Lohano,Jaivanti,Louisville,KY,21,Family Practice,Claim-Specialty,Levothyroxine Sodium,Levothyroxine Sodium,306,698.1,20847,3916.87,73,,263,611.1,3509.79,18261,#,
1003000902,Lohano,Jaivanti,Louisville,KY,21,Family Practice,Claim-Specialty,Lisinopril,Lisinopril,374,960.2,28755,2273.85,101,,297,786.7,1705.75,23550,,82
1003000902,Lohano,Jaivanti,Louisville,KY,21,Family Practice,Claim-Specialty,Lisinopril-Hydrochlorothiazide,Lisinopril/Hydrochlorothiazide,74,221.5,6646,784.15,21,,52,155.5,515.95,4666,#,
1003000902,Lohano,Jaivanti,Louisville,KY,21,Family Practice,Claim-Specialty,Lorazepam,Lorazepam,38,38,980,530.02,,,19,19,152.92,430,*,
1003000902,Lohano,Jaivanti,Louisville,KY,21,Family Practice,Claim-Specialty,Losartan Potassium,Losartan Potassium,139,352.3,10533,1581.31,39,#,,,,,#,
1003000902,Lohano,Jaivanti,Louisville,KY,21,Family Practice,Claim-Specialty,Losartan-Hydrochlorothiazide,Losartan/Hydrochlorothiazide,36,109.3,3280,508.59,11,,36,109.3,508.59,3280,,11
1003000902,Lohano,Jaivanti,Louisville,KY,21,Family Practice,Claim-Specialty,Lovastatin,Lovastatin,21,61,1830,207.39,,,21,61,207.39,1830,*,
1003000902,Lohano,Jaivanti,Louisville,KY,21,Family Practice,Claim-Specialty,Meclizine Hcl,Meclizine Hcl,15,15,92,50.55,,,15,15,50.55,92,*,
1003000902,Lohano,Jaivanti,Louisville,KY,21,Family Practice,Claim-Specialty,Meloxicam,Meloxicam,101,165,4925,329.68,27,,71,109,241.46,3245,#,
1003000902,Lohano,Jaivanti,Louisville,KY,21,Family Practice,Claim-Specialty,Memantine Hcl,Memantine Hcl,23,39,945,412.13,,,23,39,412.13,945,*,
1003000902,Lohano,Jaivanti,Louisville,KY,21,Family Practice,Claim-Specialty,Metformin Hcl,Metformin Hcl,210,540,16148,1073.73,61,,167,437,969.48,13065,,47
1003000902,Lohano,Jaivanti,Louisville,KY,21,Family Practice,Claim-Specialty,Metformin Hcl Er,Metformin Hcl,12,34.3,1029,44.59,,,12,34.3,44.59,1029,*,
1003000902,Lohano,Jaivanti,Louisville,KY,21,Family Practice,Claim-Specialty,Methylprednisolone,Methylprednisolone,40,40,240,348.45,32,#,,,,,#,
1003000902,Lohano,Jaivanti,Louisville,KY,21,Family Practice,Claim-Specialty,Metoclopramide Hcl,Metoclopramide Hcl,18,40,1185,86.28,,*,,,,,*,
1003000902,Lohano,Jaivanti,Louisville,KY,21,Family Practice,Claim-Specialty,Metoprolol Succinate,Metoprolol Succinate,131,273.2,8035,1810.53,30,,78,176,1403.69,5134,#,
1003000902,Lohano,Jaivanti,Louisville,KY,21,Family Practice,Claim-Specialty,Metoprolol Tartrate,Metoprolol Tartrate,179,375,11169,1026.92,45,,121,301,794.23,8958,#,
1003000902,Lohano,Jaivanti,Louisville,KY,21,Family Practice,Claim-Specialty,Mirtazapine,Mirtazapine,34,36,1048,695.34,,#,,,,,*,
1003000902,Lohano,Jaivanti,Louisville,KY,21,Family Practice,Claim-Specialty,Montelukast Sodium,Montelukast Sodium,135,309,9236,2101.26,32,,84,216.3,1474.68,6482,#,
1003000902,Lohano,Jaivanti,Louisville,KY,21,Family Practice,Claim-Specialty,Myrbetriq,Mirabegron,15,21,630,10150.98,,,0,0,0,0,#,
1003000902,Lohano,Jaivanti,Louisville,KY,21,Family Practice,Claim-Specialty,Namzaric,Memantine Hcl/Donepezil Hcl,14,22,660,12167.12,,*,,,,,*,
1003000902,Lohano,Jaivanti,Louisville,KY,21,Family Practice,Claim-Specialty,Nitrofurantoin Mono-Macro,Nitrofurantoin Monohyd/M-Cryst,15,15,151,304.35,12,#,,,,,*,
1003000902,Lohano,Jaivanti,Louisville,KY,21,Family Practice,Claim-Specialty,Nortriptyline Hcl,Nortriptyline Hcl,18,34,1006,269.68,,,18,34,269.68,1006,*,
1003000902,Lohano,Jaivanti,Louisville,KY,21,Family Practice,Claim-Specialty,Novolog Mix 70-30 Flexpen,Insulin Aspart Prot/Insuln Asp,11,11.1,332,19735.54,,,11,11.1,19735.54,332,*,
1003000902,Lohano,Jaivanti,Louisville,KY,21,Family Practice,Claim-Specialty,Nystatin,Nystatin,13,13,123,175.31,,#,,,,,*,
1003000902,Lohano,Jaivanti,Louisville,KY,21,Family Practice,Claim-Specialty,Omeprazole,Omeprazole,266,539,16094,3128.63,60,,188,409,1887.74,12194,,45
1003000902,Lohano,Jaivanti,Louisville,KY,21,Family Practice,Claim-Specialty,Ondansetron Hcl,Ondansetron Hcl,24,24,340,389.2,,*,,,,,*,
1003000902,Lohano,Jaivanti,Louisville,KY,21,Family Practice,Claim-Specialty,Ondansetron Odt,Ondansetron,67,67,595,1221.32,18,,16,16,492.34,102,#,
1003000902,Lohano,Jaivanti,Louisville,KY,21,Family Practice,Claim-Specialty,Oxybutynin Chloride Er,Oxybutynin Chloride,17,33,990,1093.79,,#,,,,,*,
1003000902,Lohano,Jaivanti,Louisville,KY,21,Family Practice,Claim-Specialty,Ozempic,Semaglutide,18,19.7,568,18681.38,,*,,,,,*,
1003000902,Lohano,Jaivanti,Louisville,KY,21,Family Practice,Claim-Specialty,Pantoprazole Sodium,Pantoprazole Sodium,166,355,10526,1959.77,43,,127,274,1526.53,8096,#,
1003000902,Lohano,Jaivanti,Louisville,KY,21,Family Practice,Claim-Specialty,Paroxetine Hcl,Paroxetine Hcl,30,88,2625,354.88,,#,,,,,*,
1003000902,Lohano,Jaivanti,Louisville,KY,21,Family Practice,Claim-Specialty,Paxlovid (Eua),Nirmatrelvir/Ritonavir,14,14,70,127,14,,14,14,127,70,,14
1003000902,Lohano,Jaivanti,Louisville,KY,21,Family Practice,Claim-Specialty,Potassium Chloride,Potassium Chloride,134,277.5,8262,3541.86,36,,108,245.5,3237.51,7302,#,
1003000902,Lohano,Jaivanti,Louisville,KY,21,Family Practice,Claim-Specialty,Pramipexole Dihydrochloride,Pramipexole Di-Hcl,15,21,630,185.85,,,15,21,185.85,630,*,
1003000902,Lohano,Jaivanti,Louisville,KY,21,Family Practice,Claim-Specialty,Pravastatin Sodium,Pravastatin Sodium,124,298,8938,1507.63,29,,84,226,775.7,6778,#,
1003000902,Lohano,Jaivanti,Louisville,KY,21,Family Practice,Claim-Specialty,Prednisone,Prednisone,29,33,387,96.17,27,#,,,,,#,
1003000902,Lohano,Jaivanti,Louisville,KY,21,Family Practice,Claim-Specialty,Pregabalin,Pregabalin,40,48,1417,1407.78,,,23,31,246.15,907,*,
1003000902,Lohano,Jaivanti,Louisville,KY,21,Family Practice,Claim-Specialty,Promethazine Hcl,Promethazine Hcl,18,18,156,68.95,,,0,0,0,0,#,
1003000902,Lohano,Jaivanti,Louisville,KY,21,Family Practice,Claim-Specialty,Propranolol Hcl,Propranolol Hcl,18,28.7,836,590.27,,,18,28.7,590.27,836,*,
1003000902,Lohano,Jaivanti,Louisville,KY,21,Family Practice,Claim-Specialty,Quetiapine Fumarate,Quetiapine Fumarate,41,49.5,1479,820.77,,,18,20.5,184.43,609,*,
1003000902,Lohano,Jaivanti,Louisville,KY,21,Family Practice,Claim-Specialty,Ropinirole Hcl,Ropinirole Hcl,39,49,1325,797.27,,,27,37,232.06,975,*,
1003000902,Lohano,Jaivanti,Louisville,KY,21,Family Practice,Claim-Specialty,Rosuvastatin Calcium,Rosuvastatin Calcium,92,253.8,7590,1499.59,27,#,,,,,#,
1003000902,Lohano,Jaivanti,Louisville,KY,21,Family Practice,Claim-Specialty,Sertraline Hcl,Sertraline Hcl,108,270,8079,679.37,29,,82,202,514.9,6039,#,
1003000902,Lohano,Jaivanti,Louisville,KY,21,Family Practice,Claim-Specialty,Simvastatin,Simvastatin,115,288.3,8640,1153.53,29,,85,232.3,876.18,6970,#,
1003000902,Lohano,Jaivanti,Louisville,KY,21,Family Practice,Claim-Specialty,Spiriva Handihaler,Tiotropium Bromide,13,15,450,8207.17,,*,,,,,*,
1003000902,Lohano,Jaivanti,Louisville,KY,21,Family Practice,Claim-Specialty,Spironolactone,Spironolactone,22,42,1221,283.36,,#,,,,,*,
1003000902,Lohano,Jaivanti,Louisville,KY,21,Family Practice,Claim-Specialty,Sucralfate,Sucralfate,13,19,570,558.5,,#,,,,,*,
1003000902,Lohano,Jaivanti,Louisville,KY,21,Family Practice,Claim-Specialty,Sulfamethoxazole-Trimethoprim,Sulfamethoxazole/Trimethoprim,12,12,90,74.52,11,#,,,,,*,
1003000902,Lohano,Jaivanti,Louisville,KY,21,Family Practice,Claim-Specialty,Symbicort,Budesonide/Formoterol Fumarate,47,71,2130,30393.39,,,21,35,14934.43,1050,*,
1003000902,Lohano,Jaivanti,Louisville,KY,21,Family Practice,Claim-Specialty,Synthroid,Levothyroxine Sodium,39,102.3,3060,3441.64,,,39,102.3,3441.64,3060,*,
1003000902,Lohano,Jaivanti,Louisville,KY,21,Family Practice,Claim-Specialty,Tamsulosin Hcl,Tamsulosin Hcl,55,95,2780,517.5,16,#,,,,,#,
1003000902,Lohano,Jaivanti,Louisville,KY,21,Family Practice,Claim-Specialty,Tizanidine Hcl,Tizanidine Hcl,70,78,2204,1036.83,11,,32,40,158.25,1160,*,
1003000902,Lohano,Jaivanti,Louisville,KY,21,Family Practice,Claim-Specialty,Topiramate,Topiramate,30,40,1200,212.58,,,0,0,0,0,#,
1003000902,Lohano,Jaivanti,Louisville,KY,21,Family Practice,Claim-Specialty,Torsemide,Torsemide,19,37,1051,226.56,,#,,,,,*,
1003000902,Lohano,Jaivanti,Louisville,KY,21,Family Practice,Claim-Specialty,Tramadol Hcl,Tramadol Hcl,36,36,548,246.19,17,#,,,,,#,
1003000902,Lohano,Jaivanti,Louisville,KY,21,Family Practice,Claim-Specialty,Trazodone Hcl,Trazodone Hcl,104,169,4965,756.97,27,,68,121,475.44,3525,#,
1003000902,Lohano,Jaivanti,Louisville,KY,21,Family Practice,Claim-Specialty,Trelegy Ellipta,Fluticasone/Umeclidin/Vilanter,41,41,1230,29069.99,,#,,,,,*,
1003000902,Lohano,Jaivanti,Louisville,KY,21,Family Practice,Claim-Specialty,Triamterene-Hydrochlorothiazid,Triamterene/Hydrochlorothiazid,18,52,1560,166.9,,,18,52,166.9,1560,*,
1003000902,Lohano,Jaivanti,Louisville,KY,21,Family Practice,Claim-Specialty,Trintellix,Vortioxetine Hydrobromide,17,27,810,13771.64,,,0,0,0,0,#,
1003000902,Lohano,Jaivanti,Louisville,KY,21,Family Practice,Claim-Specialty,Valacyclovir,Valacyclovir Hcl,24,39.8,1083,994.11,,*,,,,,*,
1003000902,Lohano,Jaivanti,Louisville,KY,21,Family Practice,Claim-Specialty,Valsartan,Valsartan,13,39,1170,103.4,,*,,,,,*,
1003000902,Lohano,Jaivanti,Louisville,KY,21,Family Practice,Claim-Specialty,Valsartan-Hydrochlorothiazide,Valsartan/Hydrochlorothiazide,17,27,810,896.85,,,17,27,896.85,810,*,
1003000902,Lohano,Jaivanti,Louisville,KY,21,Family Practice,Claim-Specialty,Venlafaxine Hcl Er,Venlafaxine Hcl,41,59,1770,767.59,,#,,,,,*,
1003000902,Lohano,Jaivanti,Louisville,KY,21,Family Practice,Claim-Specialty,Ventolin Hfa,Albuterol Sulfate,27,28.2,553,1851.72,,*,,,,,*,
1003000902,Lohano,Jaivanti,Louisville,KY,21,Family Practice,Claim-Specialty,Verapamil Er,Verapamil Hcl,20,60,1800,558.34,,#,,,,,*,
1003000902,Lohano,Jaivanti,Louisville,KY,21,Family Practice,Claim-Specialty,Xarelto,Rivaroxaban,24,43,1290,24699.99,,#,,,,,*,
1003000902,Lohano,Jaivanti,Louisville,KY,21,Family Practice,Claim-Specialty,Zolpidem Tartrate,Zolpidem Tartrate,98,108,3180,343.23,13,,63,73,278.07,2130,*,
1003000936,Stellingworth,Mark,Hartsville,SC,45,Cardiology,Claim-Specialty,Amlodipine Besylate,Amlodipine Besylate,217,369.4,11070,1260.56,63,,187,317.4,936.33,9510,#,
1003000936,Stellingworth,Mark,Hartsville,SC,45,Cardiology,Claim-Specialty,Atorvastatin Calcium,Atorvastatin Calcium,41,95,2850,597.21,16,,30,78,530.01,2340,#,
1003000936,Stellingworth,Mark,Hartsville,SC,45,Cardiology,Claim-Specialty,Bumetanide,Bumetanide,15,19,547,542.72,,#,,,,,*,
1003000936,Stellingworth,Mark,Hartsville,SC,45,Cardiology,Claim-Specialty,Carvedilol,Carvedilol,43,89,2647,511.31,21,#,,,,,#,
1003000936,Stellingworth,Mark,Hartsville,SC,45,Cardiology,Claim-Specialty,Chlorthalidone,Chlorthalidone,40,80,2400,557.57,19,#,,,,,#,
1003000936,Stellingworth,Mark,Hartsville,SC,45,Cardiology,Claim-Specialty,Clopidogrel,Clopidogrel Bisulfate,28,46,1380,351.47,,#,,,,,*,
1003000936,Stellingworth,Mark,Hartsville,SC,45,Cardiology,Claim-Specialty,Diltiazem 24hr Er (Cd),Diltiazem Hcl,12,24,720,454.3,,,12,24,454.3,720,*,
1003000936,Stellingworth,Mark,Hartsville,SC,45,Cardiology,Claim-Specialty,Eliquis,Apixaban,41,75,2250,43819.14,19,,41,75,43819.14,2250,,19
1003000936,Stellingworth,Mark,Hartsville,SC,45,Cardiology,Claim-Specialty,Entresto,Sacubitril/Valsartan,34,46,1380,33069.39,12,#,,,,,*,
1003000936,Stellingworth,Mark,Hartsville,SC,45,Cardiology,Claim-Specialty,Ezetimibe,Ezetimibe,156,254,7620,3828.34,60,,141,237,3682.31,7110,#,
1003000936,Stellingworth,Mark,Hartsville,SC,45,Cardiology,Claim-Specialty,Furosemide,Furosemide,19,43,1290,87.34,12,#,,,,,*,
1003000936,Stellingworth,Mark,Hartsville,SC,45,Cardiology,Claim-Specialty,Hydralazine Hcl,Hydralazine Hcl,20,28,840,184.33,,*,,,,,*,
1003000936,Stellingworth,Mark,Hartsville,SC,45,Cardiology,Claim-Specialty,Hydrocodone-Acetaminophen,Hydrocodone/Acetaminophen,14,14,67,101.03,14,#,,,,,#,
1003000936,Stellingworth,Mark,Hartsville,SC,45,Cardiology,Claim-Specialty,Isosorbide Mononitrate Er,Isosorbide Mononitrate,53,79,2370,697.88,15,,36,60,290.99,1800,#,
1003000936,Stellingworth,Mark,Hartsville,SC,45,Cardiology,Claim-Specialty,Jardiance,Empagliflozin,22,36,1080,22747.38,,,22,36,22747.38,1080,*,
1003000936,Stellingworth,Mark,Hartsville,SC,45,Cardiology,Claim-Specialty,Levofloxacin,Levofloxacin,12,12,94,68.02,11,#,,,,,*,
1003000936,Stellingworth,Mark,Hartsville,SC,45,Cardiology,Claim-Specialty,Lisinopril,Lisinopril,13,33.1,994,86.74,,,13,33.1,86.74,994,*,
1003000936,Stellingworth,Mark,Hartsville,SC,45,Cardiology,Claim-Specialty,Losartan Potassium,Losartan Potassium,69,131.3,3940,739.5,28,#,,,,,#,
1003000936,Stellingworth,Mark,Hartsville,SC,45,Cardiology,Claim-Specialty,Metolazone,Metolazone,22,22,660,960.15,,,22,22,960.15,660,*,
1003000936,Stellingworth,Mark,Hartsville,SC,45,Cardiology,Claim-Specialty,Metoprolol Succinate,Metoprolol Succinate,66,122,3656,790.95,24,,49,105,633.76,3146,#,
1003000936,Stellingworth,Mark,Hartsville,SC,45,Cardiology,Claim-Specialty,Metoprolol Tartrate,Metoprolol Tartrate,38,80,2373,205.52,17,,26,66,137.59,1980,#,
1003000936,Stellingworth,Mark,Hartsville,SC,45,Cardiology,Claim-Specialty,Nebivolol Hcl,Nebivolol Hcl,64,96,2880,2808.7,23,#,,,,,#,
1003000936,Stellingworth,Mark,Hartsville,SC,45,Cardiology,Claim-Specialty,Potassium Chloride,Potassium Chloride,22,24,720,182.26,,#,,,,,*,
1003000936,Stellingworth,Mark,Hartsville,SC,45,Cardiology,Claim-Specialty,Pravastatin Sodium,Pravastatin Sodium,33,41.3,1240,341.04,,,33,41.3,341.04,1240,*,
1003000936,Stellingworth,Mark,Hartsville,SC,45,Cardiology,Claim-Specialty,Repatha Sureclick,Evolocumab,21,26.4,756,15207.12,,#,,,,,*,
1003000936,Stellingworth,Mark,Hartsville,SC,45,Cardiology,Claim-Specialty,Rosuvastatin Calcium,Rosuvastatin Calcium,106,192,5760,1578.06,45,,93,173,1448.7,5190,#,
1003000936,Stellingworth,Mark,Hartsville,SC,45,Cardiology,Claim-Specialty,Spironolactone,Spironolactone,75,144,4320,568.07,31,#,,,,,#,
1003000936,Stellingworth,Mark,Hartsville,SC,45,Cardiology,Claim-Specialty,Warfarin Sodium,Warfarin Sodium,20,42.2,1266,131.77,,#,,,,,*,
1003001207,Gorji,Niloo,Tolland,CT,09,Dentist,NPPES-Specialty,Amoxicillin,Amoxicillin,35,35,164,128.14,31,#,,,,,#,
1003001207,Gorji,Niloo,Tolland,CT,09,Dentist,NPPES-Specialty,Clindamycin Hcl,Clindamycin Hcl,13,13,79,68.63,11,#,,,,,*,
1003001207,Gorji,Niloo,Tolland,CT,09,Dentist,NPPES-Specialty,Pilocarpine Hcl,Pilocarpine Hcl,21,45,1278,2066.55,,#,,,,,*,
1003001256,Caragol,Jennifer,Evans,CO,08,Family Practice,Claim-Specialty,Albuterol Sulfate Hfa,Albuterol Sulfate,13,13,212,539.1,,,13,13,539.1,212,*,
1003001256,Caragol,Jennifer,Evans,CO,08,Family Practice,Claim-Specialty,Amlodipine Besylate,Amlodipine Besylate,20,58,1740,116.79,,#,,,,,*,
1003001256,Caragol,Jennifer,Evans,CO,08,Family Practice,Claim-Specialty,Atorvastatin Calcium,Atorvastatin Calcium,39,93.5,2804,379.95,11,#,,,,,*,
1003001256,Caragol,Jennifer,Evans,CO,08,Family Practice,Claim-Specialty,Citalopram Hbr,Citalopram Hydrobromide,14,41.5,1246,64.66,,,14,41.5,64.66,1246,*,
1003001256,Caragol,Jennifer,Evans,CO,08,Family Practice,Claim-Specialty,Fluticasone Propionate,Fluticasone Propionate,15,15,450,384.99,,*,,,,,*,
1003001256,Caragol,Jennifer,Evans,CO,08,Family Practice,Claim-Specialty,Gabapentin,Gabapentin,12,30,900,265.32,,,12,30,265.32,900,*,
1003001256,Caragol,Jennifer,Evans,CO,08,Family Practice,Claim-Specialty,Hydroxyzine Hcl,Hydroxyzine Hcl,18,18,498,171.63,,#,,,,,*,
1003001256,Caragol,Jennifer,Evans,CO,08,Family Practice,Claim-Specialty,Levothyroxine Sodium,Levothyroxine Sodium,26,58,1740,340.31,,#,,,,,*,
1003001256,Caragol,Jennifer,Evans,CO,08,Family Practice,Claim-Specialty,Lisinopril,Lisinopril,14,40,1200,56.61,,,14,40,56.61,1200,*,
1003001256,Caragol,Jennifer,Evans,CO,08,Family Practice,Claim-Specialty,Metformin Hcl,Metformin Hcl,13,19,570,94.37,,,13,19,94.37,570,*,
1003001256,Caragol,Jennifer,Evans,CO,08,Family Practice,Claim-Specialty,Myrbetriq,Mirabegron,11,11,330,5199.6,,,11,11,5199.6,330,*,
1003001256,Caragol,Jennifer,Evans,CO,08,Family Practice,Claim-Specialty,Pantoprazole Sodium,Pantoprazole Sodium,11,12,360,183.53,,,11,12,183.53,360,*,
1003001256,Caragol,Jennifer,Evans,CO,08,Family Practice,Claim-Specialty,Trulicity,Dulaglutide,11,16.4,476,16848.82,,*,,,,,*,
1003001256,Caragol,Jennifer,Evans,CO,08,Family Practice,Claim-Specialty,Venlafaxine Hcl Er,Venlafaxine Hcl,14,22.7,680,1139.49,,,14,22.7,1139.49,680,*,
1003001298,Warren,Kasey,Kyle,TX,48,Optometry,Claim-Specialty,Neomycin-Polymyxin-Dexameth,Neomycin/Polymyxin B/Dexametha,12,12,107,176.09,11,#,,,,,*,
1003001363,Stevens,Charles,El Centro,CA,06,Pain Management,Claim-Specialty,Acetaminophen-Codeine,Acetaminophen With Codeine,32,32,661,610.44,16,,21,21,275.47,414,#,
1003001363,Stevens,Charles,El Centro,CA,06,Pain Management,Claim-Specialty,Amitriptyline Hcl,Amitriptyline Hcl,87,103,3082,1564.91,40,,32,38,431.97,1140,,19
1003001363,Stevens,Charles,El Centro,CA,06,Pain Management,Claim-Specialty,Baclofen,Baclofen,132,138,4140,3390.42,58,,87,89,2172.46,2670,,38
1003001363,Stevens,Charles,El Centro,CA,06,Pain Management,Claim-Specialty,Buprenorphine,Buprenorphine,23,23,650,9206.49,13,#,,,,,*,
1003001363,Stevens,Charles,El Centro,CA,06,Pain Management,Claim-Specialty,Buprenorphine-Naloxone,Buprenorphine Hcl/Naloxone Hcl,13,13,390,3256.54,,*,,,,,*,
1003001363,Stevens,Charles,El Centro,CA,06,Pain Management,Claim-Specialty,Butalbital-Acetaminophen-Caffe,Butalb/Acetaminophen/Caffeine,17,17,510,487.63,,*,,,,,*,
1003001363,Stevens,Charles,El Centro,CA,06,Pain Management,Claim-Specialty,Celecoxib,Celecoxib,38,42,1260,1523.04,15,,23,27,666.63,810,#,
1003001363,Stevens,Charles,El Centro,CA,06,Pain Management,Claim-Specialty,Cephalexin,Cephalexin,23,23,203,210.74,21,#,,,,,#,
1003001363,Stevens,Charles,El Centro,CA,06,Pain Management,Claim-Specialty,Cyclobenzaprine Hcl,Cyclobenzaprine Hcl,151,153,4545,1641.11,61,,94,94,738.91,2820,,36
1003001363,Stevens,Charles,El Centro,CA,06,Pain Management,Claim-Specialty,Diclofenac Sodium,Diclofenac Sodium,226,265.6,6801,6502.47,102,,145,164.4,4057.25,4187,,67
1003001363,Stevens,Charles,El Centro,CA,06,Pain Management,Claim-Specialty,Duloxetine Hcl,Duloxetine Hcl,53,63,1890,1629.68,23,,28,30,524.54,900,#,
1003001363,Stevens,Charles,El Centro,CA,06,Pain Management,Claim-Specialty,Eszopiclone,Eszopiclone,11,11,330,147.72,,*,,,,,*,
1003001363,Stevens,Charles,El Centro,CA,06,Pain Management,Claim-Specialty,Fentanyl,Fentanyl,43,43,1290,5031.01,20,,32,32,3276.02,960,#,
1003001363,Stevens,Charles,El Centro,CA,06,Pain Management,Claim-Specialty,Gabapentin,Gabapentin,577,649.7,19421,10945.83,268,,399,458,7288.96,13671,,198
1003001363,Stevens,Charles,El Centro,CA,06,Pain Management,Claim-Specialty,Hydrocodone-Acetaminophen,Hydrocodone/Acetaminophen,1103,1103,31748,36461.34,498,,823,823,26360.77,23736,,371
1003001363,Stevens,Charles,El Centro,CA,06,Pain Management,Claim-Specialty,Hydromorphone Hcl,Hydromorphone Hcl,60,60,1605,1028.66,32,,25,25,529.46,681,,14
1003001363,Stevens,Charles,El Centro,CA,06,Pain Management,Claim-Specialty,Ibuprofen,Ibuprofen,120,126,3705,1441.11,64,,59,65,722.81,1950,,35
1003001363,Stevens,Charles,El Centro,CA,06,Pain Management,Claim-Specialty,Lansoprazole,Lansoprazole,15,15,375,520.36,,#,,,,,*,
1003001363,Stevens,Charles,El Centro,CA,06,Pain Management,Claim-Specialty,Lidocaine,Lidocaine,56,63,1757,5735.92,32,,29,36,2649.23,995,,19
1003001363,Stevens,Charles,El Centro,CA,06,Pain Management,Claim-Specialty,Meloxicam,Meloxicam,146,176,5281,1204.83,73,,106,126,865.37,3781,,54
1003001363,Stevens,Charles,El Centro,CA,06,Pain Management,Claim-Specialty,Methocarbamol,Methocarbamol,29,31,910,399.69,16,,12,14,69.03,420,*,
1003001363,Stevens,Charles,El Centro,CA,06,Pain Management,Claim-Specialty,Morphine Sulfate,Morphine Sulfate,47,47,1407,1732.25,26,,24,24,828.31,720,*,
1003001363,Stevens,Charles,El Centro,CA,06,Pain Management,Claim-Specialty,Morphine Sulfate Er,Morphine Sulfate,241,241,7099,6193.85,112,,178,178,4554.55,5287,,78
1003001363,Stevens,Charles,El Centro,CA,06,Pain Management,Claim-Specialty,Movantik,Naloxegol Oxalate,22,24,720,9966.47,,#,,,,,*,
1003001363,Stevens,Charles,El Centro,CA,06,Pain Management,Claim-Specialty,Naloxone Hcl,Naloxone Hcl,300,377.7,7636,24256.58,284,,201,256.3,16530.47,5229,,191
1003001363,Stevens,Charles,El Centro,CA,06,Pain Management,Claim-Specialty,Naproxen,Naproxen,34,38,1140,1251.69,16,,21,25,1146.77,750,*,
1003001363,Stevens,Charles,El Centro,CA,06,Pain Management,Claim-Specialty,Omeprazole,Omeprazole,55,67,2010,729.95,15,,43,51,498.58,1530,#,
1003001363,Stevens,Charles,El Centro,CA,06,Pain Management,Claim-Specialty,Ondansetron Odt,Ondansetron,35,35,1012,760.56,15,#,,,,,#,
1003001363,Stevens,Charles,El Centro,CA,06,Pain Management,Claim-Specialty,Oxycodone Hcl,Oxycodone Hcl,523,523,15227,13399.73,235,,339,339,8589.34,9949,,152
1003001363,Stevens,Charles,El Centro,CA,06,Pain Management,Claim-Specialty,Oxycodone-Acetaminophen,Oxycodone Hcl/Acetaminophen,486,486,13885,21251.45,222,,335,335,14054.01,9542,,157
1003001363,Stevens,Charles,El Centro,CA,06,Pain Management,Claim-Specialty,Oxycontin,Oxycodone Hcl,30,30,847,21081.38,11,#,,,,,*,
1003001363,Stevens,Charles,El Centro,CA,06,Pain Management,Claim-Specialty,Pantoprazole Sodium,Pantoprazole Sodium,14,18,540,162.2,,*,,,,,*,
1003001363,Stevens,Charles,El Centro,CA,06,Pain Management,Claim-Specialty,Pregabalin,Pregabalin,220,227,6797,7141.27,104,,109,116,3007.13,3480,,56
1003001363,Stevens,Charles,El Centro,CA,06,Pain Management,Claim-Specialty,Relistor,Methylnaltrexone Bromide,33,33,990,78499.16,15,#,,,,,*,
1003001363,Stevens,Charles,El Centro,CA,06,Pain Management,Claim-Specialty,Ropinirole Hcl,Ropinirole Hcl,31,39,1170,563,15,#,,,,,#,
1003001363,Stevens,Charles,El Centro,CA,06,Pain Management,Claim-Specialty,Tizanidine Hcl,Tizanidine Hcl,89,91,2475,1047.5,41,,63,63,809.59,1698,,24
1003001363,Stevens,Charles,El Centro,CA,06,Pain Management,Claim-Specialty,Topiramate,Topiramate,37,45,1310,602.96,18,,19,19,132.77,530,*,
1003001363,Stevens,Charles,El Centro,CA,06,Pain Management,Claim-Specialty,Tramadol Hcl,Tramadol Hcl,301,301,7815,3701.47,142,,270,270,3278.11,6908,,124
1003001363,Stevens,Charles,El Centro,CA,06,Pain Management,Claim-Specialty,Tramadol Hcl Er,Tramadol Hcl,23,23,689,1724.24,,#,,,,,*,
1003001363,Stevens,Charles,El Centro,CA,06,Pain Management,Claim-Specialty,Trazodone Hcl,Trazodone Hcl,111,127,3790,1084.29,38,,78,88,801.5,2640,,26
1003001363,Stevens,Charles,El Centro,CA,06,Pain Management,Claim-Specialty,Xtampza Er,Oxycodone Myristate,32,32,922,14851.66,12,,13,13,8611.07,367,*,
1003001371,Kanter,David,Syracuse,NY,36,Physical Medicine and Rehabilitation,Claim-Specialty,Amitriptyline Hcl,Amitriptyline Hcl,12,12,360,80.17,,,12,12,80.17,360,*,
1003001371,Kanter,David,Syracuse,NY,36,Physical Medicine and Rehabilitation,Claim-Specialty,Baclofen,Baclofen,270,304,8963,15754.22,42,,70,84,2788.3,2494,*,
1003001371,Kanter,David,Syracuse,NY,36,Physical Medicine and Rehabilitation,Claim-Specialty,Clonazepam,Clonazepam,26,26,780,979.65,,,0,0,0,0,#,
1003001371,Kanter,David,Syracuse,NY,36,Physical Medicine and Rehabilitation,Claim-Specialty,Clonidine Hcl,Clonidine Hcl,12,12,360,72.81,,,0,0,0,0,#,
1003001371,Kanter,David,Syracuse,NY,36,Physical Medicine and Rehabilitation,Claim-Specialty,Cyclobenzaprine Hcl,Cyclobenzaprine Hcl,25,25,721,611.92,,,13,13,233.98,361,*,
1003001371,Kanter,David,Syracuse,NY,36,Physical Medicine and Rehabilitation,Claim-Specialty,Dantrolene Sodium,Dantrolene Sodium,48,52,1560,7380.1,,,0,0,0,0,#,
1003001371,Kanter,David,Syracuse,NY,36,Physical Medicine and Rehabilitation,Claim-Specialty,Fluoxetine Hcl,Fluoxetine Hcl,15,15,450,173.05,,*,,,,,*,
1003001371,Kanter,David,Syracuse,NY,36,Physical Medicine and Rehabilitation,Claim-Specialty,Gabapentin,Gabapentin,41,45,1342,867.08,,*,,,,,*,
1003001371,Kanter,David,Syracuse,NY,36,Physical Medicine and Rehabilitation,Claim-Specialty,Gablofen,Baclofen,12,12,360,13292.04,,,0,0,0,0,#,
1003001371,Kanter,David,Syracuse,NY,36,Physical Medicine and Rehabilitation,Claim-Specialty,Hydroxyzine Hcl,Hydroxyzine Hcl,16,16,240,260.48,,,0,0,0,0,#,
1003001371,Kanter,David,Syracuse,NY,36,Physical Medicine and Rehabilitation,Claim-Specialty,Meloxicam,Meloxicam,33,35,1050,191.5,,*,,,,,*,
1003001371,Kanter,David,Syracuse,NY,36,Physical Medicine and Rehabilitation,Claim-Specialty,Nabumetone,Nabumetone,13,13,390,176.47,,,0,0,0,0,#,
1003001371,Kanter,David,Syracuse,NY,36,Physical Medicine and Rehabilitation,Claim-Specialty,Oxybutynin Chloride,Oxybutynin Chloride,15,15,258,383.83,,,0,0,0,0,#,
1003001371,Kanter,David,Syracuse,NY,36,Physical Medicine and Rehabilitation,Claim-Specialty,Sertraline Hcl,Sertraline Hcl,12,12,360,37.92,,,0,0,0,0,#,
1003001371,Kanter,David,Syracuse,NY,36,Physical Medicine and Rehabilitation,Claim-Specialty,Tizanidine Hcl,Tizanidine Hcl,50,51,1509,1662.47,,,0,0,0,0,#,
1003001371,Kanter,David,Syracuse,NY,36,Physical Medicine and Rehabilitation,Claim-Specialty,Topiramate,Topiramate,13,13,390,181.76,,,0,0,0,0,#,
1003001462,Wolski,Michal,Waxahachie,TX,48,Radiation Oncology,Claim-Specialty,Hydrocodone-Acetaminophen,Hydrocodone/Acetaminophen,15,15,169,179.51,11,#,,,,,*,
1003001462,Wolski,Michal,Waxahachie,TX,48,Radiation Oncology,Claim-Specialty,Lorazepam,Lorazepam,15,17,313,44.13,,,15,17,44.13,313,*,
1003001462,Wolski,Michal,Waxahachie,TX,48,Radiation Oncology,Claim-Specialty,Memantine Hcl,Memantine Hcl,12,12,360,363.13,,*,,,,,*,
1003001462,Wolski,Michal,Waxahachie,TX,48,Radiation Oncology,Claim-Specialty,Ssd,Silver Sulfadiazine,11,11,201,201.62,,*,,,,,*,
1003001462,Wolski,Michal,Waxahachie,TX,48,Radiation Oncology,Claim-Specialty,Tamsulosin Hcl,Tamsulosin Hcl,13,17,510,158.24,,,13,17,158.24,510,*,
1003001645,Trivedi,Vinod,Sacramento,CA,06,Infectious Disease,Claim-Specialty,Amoxicillin,Amoxicillin,51,63,1598,345.8,,,51,63,345.8,1598,*,
1003001645,Trivedi,Vinod,Sacramento,CA,06,Infectious Disease,Claim-Specialty,Amoxicillin-Clavulanate Potass,Amoxicillin/Potassium Clav,15,15,401,574.82,,#,,,,,*,
1003001645,Trivedi,Vinod,Sacramento,CA,06,Infectious Disease,Claim-Specialty,Azithromycin,Azithromycin,56,82,2286,1437.83,14,#,,,,,#,
1003001645,Trivedi,Vinod,Sacramento,CA,06,Infectious Disease,Claim-Specialty,Biktarvy,Bictegrav/Emtricit/Tenofov Ala,119,133,3990,531623.88,13,,55,69,269358.1,2070,*,
1003001645,Trivedi,Vinod,Sacramento,CA,06,Infectious Disease,Claim-Specialty,Cefadroxil,Cefadroxil,18,18,316,1436.38,,,18,18,1436.38,316,*,
1003001645,Trivedi,Vinod,Sacramento,CA,06,Infectious Disease,Claim-Specialty,Cefepime Hcl,Cefepime Hcl,25,25,141,6141.85,,,12,12,2366.32,58,*,
1003001645,Trivedi,Vinod,Sacramento,CA,06,Infectious Disease,Claim-Specialty,Cefpodoxime Proxetil,Cefpodoxime Proxetil,16,16,443,1743.73,,#,,,,,*,
1003001645,Trivedi,Vinod,Sacramento,CA,06,Infectious Disease,Claim-Specialty,Ceftriaxone,Ceftriaxone Sodium,19,19,117,1119.58,,#,,,,,*,
1003001645,Trivedi,Vinod,Sacramento,CA,06,Infectious Disease,Claim-Specialty,Cephalexin,Cephalexin,53,65,1740,770.97,11,,53,65,770.97,1740,,11
1003001645,Trivedi,Vinod,Sacramento,CA,06,Infectious Disease,Claim-Specialty,Ciprofloxacin Hcl,Ciprofloxacin Hcl,18,18,326,294.31,,#,,,,,*,
1003001645,Trivedi,Vinod,Sacramento,CA,06,Infectious Disease,Claim-Specialty,Daptomycin,Daptomycin,17,17,93,6690,,#,,,,,*,
1003001645,Trivedi,Vinod,Sacramento,CA,06,Infectious Disease,Claim-Specialty,Descovy,Emtricitabine/Tenofov Alafenam,12,12,360,25418.4,,,12,12,25418.4,360,*,
1003001645,Trivedi,Vinod,Sacramento,CA,06,Infectious Disease,Claim-Specialty,Doxycycline Monohydrate,Doxycycline Monohydrate,40,56,1536,1803.45,11,#,,,,,*,
1003001645,Trivedi,Vinod,Sacramento,CA,06,Infectious Disease,Claim-Specialty,Ethambutol Hcl,Ethambutol Hcl,37,47,1335,2000.89,,#,,,,,*,
1003001645,Trivedi,Vinod,Sacramento,CA,06,Infectious Disease,Claim-Specialty,Fluconazole,Fluconazole,22,40,1200,789.53,,,22,40,789.53,1200,*,
1003001645,Trivedi,Vinod,Sacramento,CA,06,Infectious Disease,Claim-Specialty,Fosfomycin Tromethamine,Fosfomycin Tromethamine,12,12,147,1116.63,,*,,,,,*,
1003001645,Trivedi,Vinod,Sacramento,CA,06,Infectious Disease,Claim-Specialty,Gemtesa,Vibegron,12,12,360,6275.75,,,12,12,6275.75,360,*,
1003001645,Trivedi,Vinod,Sacramento,CA,06,Infectious Disease,Claim-Specialty,Genvoya,Elviteg/Cob/Emtri/Tenof Alafen,19,27,810,113062.28,,,19,27,113062.28,810,*,
1003001645,Trivedi,Vinod,Sacramento,CA,06,Infectious Disease,Claim-Specialty,Isoniazid,Isoniazid,12,13.8,404,50.19,,*,,,,,*,
1003001645,Trivedi,Vinod,Sacramento,CA,06,Infectious Disease,Claim-Specialty,Juluca,Dolutegravir/Rilpivirine,11,11,330,38952.1,,,0,0,0,0,#,
1003001645,Trivedi,Vinod,Sacramento,CA,06,Infectious Disease,Claim-Specialty,Levofloxacin,Levofloxacin,11,11,257,466.97,,*,,,,,*,
1003001645,Trivedi,Vinod,Sacramento,CA,06,Infectious Disease,Claim-Specialty,Nitrofurantoin Mono-Macro,Nitrofurantoin Monohyd/M-Cryst,19,19,452,366.85,,,19,19,366.85,452,*,
1003001645,Trivedi,Vinod,Sacramento,CA,06,Infectious Disease,Claim-Specialty,Posaconazole,Posaconazole,11,11,330,58286.97,,*,,,,,*,
1003001645,Trivedi,Vinod,Sacramento,CA,06,Infectious Disease,Claim-Specialty,Pravastatin Sodium,Pravastatin Sodium,11,11,330,76.7,,,11,11,76.7,330,*,
1003001645,Trivedi,Vinod,Sacramento,CA,06,Infectious Disease,Claim-Specialty,Rifampin,Rifampin,44,64,1795,2916.93,11,#,,,,,*,
1003001645,Trivedi,Vinod,Sacramento,CA,06,Infectious Disease,Claim-Specialty,Sulfamethoxazole-Trimethoprim,Sulfamethoxazole/Trimethoprim,54,64,1828,660.52,,,38,48,423.14,1348,*,
1003001645,Trivedi,Vinod,Sacramento,CA,06,Infectious Disease,Claim-Specialty,Symtuza,Darunavir/Cob/Emtri/Tenof Alaf,11,11,330,48957.73,,,0,0,0,0,#,
1003001645,Trivedi,Vinod,Sacramento,CA,06,Infectious Disease,Claim-Specialty,Tivicay,Dolutegravir Sodium,13,13,390,27451.41,,,13,13,27451.41,390,*,
1003001645,Trivedi,Vinod,Sacramento,CA,06,Infectious Disease,Claim-Specialty,Vancomycin Hcl,Vancomycin Hcl,39,39,219,7098.39,,*,,,,,*,
1003001678,Eirich,Rebecca,Turnersville,NJ,34,Nurse Practitioner,Claim-Specialty,Clobetasol Propionate,Clobetasol Propionate,14,14,182,149.2,12,,14,14,149.2,182,,12
1003001678,Eirich,Rebecca,Turnersville,NJ,34,Nurse Practitioner,Claim-Specialty,Estradiol,Estradiol,35,85.6,2550,5922.83,18,#,,,,,#,
1003001678,Eirich,Rebecca,Turnersville,NJ,34,Nurse Practitioner,Claim-Specialty,Nitrofurantoin Mono-Macro,Nitrofurantoin Monohyd/M-Cryst,12,12,71,151.66,,,12,12,151.66,71,*,
1003001678,Eirich,Rebecca,Turnersville,NJ,34,Nurse Practitioner,Claim-Specialty,Valacyclovir,Valacyclovir Hcl,13,35,1000,861.27,,*,,,,,*,
1003001785,Jones,Jaclyn,Tulsa,OK,40,Orthopedic Surgery,Claim-Specialty,Celecoxib,Celecoxib,31,38,1140,876.67,19,,19,22,287.3,660,#,
1003001785,Jones,Jaclyn,Tulsa,OK,40,Orthopedic Surgery,Claim-Specialty,Cyclobenzaprine Hcl,Cyclobenzaprine Hcl,93,93,957,579.38,76,,68,68,461.71,707,,52
1003001785,Jones,Jaclyn,Tulsa,OK,40,Orthopedic Surgery,Claim-Specialty,Hydrocodone-Acetaminophen,Hydrocodone/Acetaminophen,50,50,347,568.66,39,,35,35,382.24,245,#,
1003001785,Jones,Jaclyn,Tulsa,OK,40,Orthopedic Surgery,Claim-Specialty,Ibuprofen,Ibuprofen,11,11,330,129.78,11,*,,,,,*,
1003001785,Jones,Jaclyn,Tulsa,OK,40,Orthopedic Surgery,Claim-Specialty,Meloxicam,Meloxicam,48,58,1740,187.04,22,#,,,,,#,
1003001785,Jones,Jaclyn,Tulsa,OK,40,Orthopedic Surgery,Claim-Specialty,Methylprednisolone,Methylprednisolone,50,50,300,432.54,46,,34,34,311.66,204,,31
1003001785,Jones,Jaclyn,Tulsa,OK,40,Orthopedic Surgery,Claim-Specialty,Ondansetron Hcl,Ondansetron Hcl,24,24,155,163.33,23,#,,,,,#,
1003001785,Jones,Jaclyn,Tulsa,OK,40,Orthopedic Surgery,Claim-Specialty,Ondansetron Odt,Ondansetron,82,82,520,774.14,81,,59,59,585.88,375,,58
1003001785,Jones,Jaclyn,Tulsa,OK,40,Orthopedic Surgery,Claim-Specialty,Oxycodone-Acetaminophen,Oxycodone Hcl/Acetaminophen,107,107,706,1289.11,79,,75,75,968.18,496,,58
1003002049,Srinivasan,Lakshmi,Fremont,CA,06,Endocrinology,Claim-Specialty,Alendronate Sodium,Alendronate Sodium,22,58.9,1764,294.26,,,22,58.9,294.26,1764,*,
1003002049,Srinivasan,Lakshmi,Fremont,CA,06,Endocrinology,Claim-Specialty,Amlodipine Besylate,Amlodipine Besylate,42,96,2880,469.73,,#,,,,,*,
1003002049,Srinivasan,Lakshmi,Fremont,CA,06,Endocrinology,Claim-Specialty,Atorvastatin Calcium,Atorvastatin Calcium,70,162.2,4865,618.43,17,,47,139,407.25,4170,#,
1003002049,Srinivasan,Lakshmi,Fremont,CA,06,Endocrinology,Claim-Specialty,Basaglar Kwikpen U-100,"Insulin Glargine,hum.Rec.Anlog",15,34,1020,7067.5,,*,,,,,*,
1003002049,Srinivasan,Lakshmi,Fremont,CA,06,Endocrinology,Claim-Specialty,Benazepril Hcl,Benazepril Hcl,12,36,1080,123.19,,,12,36,123.19,1080,*,
1003002049,Srinivasan,Lakshmi,Fremont,CA,06,Endocrinology,Claim-Specialty,Comfort Ez Pen Needle,"Pen Needle, Diabetic",14,21.5,596,1235.21,,,14,21.5,1235.21,596,*,
1003002049,Srinivasan,Lakshmi,Fremont,CA,06,Endocrinology,Claim-Specialty,Droplet Pen Needle,"Pen Needle, Diabetic",14,40.7,1220,1024.61,,,14,40.7,1024.61,1220,*,
1003002049,Srinivasan,Lakshmi,Fremont,CA,06,Endocrinology,Claim-Specialty,Forteo,Teriparatide,14,15.8,448,72120.33,,#,,,,,*,
1003002049,Srinivasan,Lakshmi,Fremont,CA,06,Endocrinology,Claim-Specialty,Glipizide,Glipizide,83,249,7470,1544.07,27,#,,,,,#,
1003002049,Srinivasan,Lakshmi,Fremont,CA,06,Endocrinology,Claim-Specialty,Humalog Kwikpen U-100,Insulin Lispro,11,30.8,920,15224.11,,,11,30.8,15224.11,920,*,
1003002049,Srinivasan,Lakshmi,Fremont,CA,06,Endocrinology,Claim-Specialty,Hydrochlorothiazide,Hydrochlorothiazide,12,36,1080,134.58,,,12,36,134.58,1080,*,
1003002049,Srinivasan,Lakshmi,Fremont,CA,06,Endocrinology,Claim-Specialty,Janumet,Sitagliptin Phos/Metformin Hcl,17,43,1290,24437.29,,,17,43,24437.29,1290,*,
1003002049,Srinivasan,Lakshmi,Fremont,CA,06,Endocrinology,Claim-Specialty,Januvia,Sitagliptin Phosphate,43,123,3690,69535.04,13,#,,,,,#,
1003002049,Srinivasan,Lakshmi,Fremont,CA,06,Endocrinology,Claim-Specialty,Jardiance,Empagliflozin,71,197,5910,118588.37,21,#,,,,,#,
1003002049,Srinivasan,Lakshmi,Fremont,CA,06,Endocrinology,Claim-Specialty,Lantus Solostar,"Insulin Glargine,hum.Rec.Anlog",14,42.3,1264,14553.73,,,14,42.3,14553.73,1264,*,
1003002049,Srinivasan,Lakshmi,Fremont,CA,06,Endocrinology,Claim-Specialty,Levothyroxine Sodium,Levothyroxine Sodium,166,460.6,13776,2991.86,43,,144,421.8,2486.2,12614,#,
1003002049,Srinivasan,Lakshmi,Fremont,CA,06,Endocrinology,Claim-Specialty,Levoxyl,Levothyroxine Sodium,13,38.4,1152,120.98,,,13,38.4,120.98,1152,*,
1003002049,Srinivasan,Lakshmi,Fremont,CA,06,Endocrinology,Claim-Specialty,Lisinopril,Lisinopril,16,24.2,725,45.6,,*,,,,,*,
1003002049,Srinivasan,Lakshmi,Fremont,CA,06,Endocrinology,Claim-Specialty,Losartan Potassium,Losartan Potassium,11,33,990,175.73,,,11,33,175.73,990,*,
1003002049,Srinivasan,Lakshmi,Fremont,CA,06,Endocrinology,Claim-Specialty,Metformin Hcl,Metformin Hcl,79,213.5,6390,872.87,25,#,,,,,#,
1003002049,Srinivasan,Lakshmi,Fremont,CA,06,Endocrinology,Claim-Specialty,Metformin Hcl Er,Metformin Hcl,98,253.5,7500,1925.93,26,,83,232.5,1500.58,6975,#,
1003002049,Srinivasan,Lakshmi,Fremont,CA,06,Endocrinology,Claim-Specialty,Nano 2nd Gen Pen Needle,"Pen Needle, Diabetic",26,63.3,1900,2690,,#,,,,,*,
1003002049,Srinivasan,Lakshmi,Fremont,CA,06,Endocrinology,Claim-Specialty,Novolog Flexpen,Insulin Aspart,48,99.6,2966,74999.87,15,#,,,,,#,
1003002049,Srinivasan,Lakshmi,Fremont,CA,06,Endocrinology,Claim-Specialty,Ozempic,Semaglutide,113,230.7,6828,236624.18,25,,98,203.1,207499.84,6016,#,
1003002049,Srinivasan,Lakshmi,Fremont,CA,06,Endocrinology,Claim-Specialty,Pioglitazone Hcl,Pioglitazone Hcl,21,63,1890,492.94,,,21,63,492.94,1890,*,
1003002049,Srinivasan,Lakshmi,Fremont,CA,06,Endocrinology,Claim-Specialty,Repaglinide,Repaglinide,29,86.2,2586,1787.52,,,29,86.2,1787.52,2586,*,
1003002049,Srinivasan,Lakshmi,Fremont,CA,06,Endocrinology,Claim-Specialty,Rosuvastatin Calcium,Rosuvastatin Calcium,14,42,1260,1151.63,,*,,,,,*,
1003002049,Srinivasan,Lakshmi,Fremont,CA,06,Endocrinology,Claim-Specialty,Synthroid,Levothyroxine Sodium,23,62.4,1872,2820.98,,,23,62.4,2820.98,1872,*,
1003002049,Srinivasan,Lakshmi,Fremont,CA,06,Endocrinology,Claim-Specialty,Toujeo Solostar,"Insulin Glargine,hum.Rec.Anlog",13,38.6,1158,7529.24,,,13,38.6,7529.24,1158,*,
1003002049,Srinivasan,Lakshmi,Fremont,CA,06,Endocrinology,Claim-Specialty,Tresiba Flextouch U-100,Insulin Degludec,33,83.1,2494,21463.41,11,#,,,,,*,
1003002049,Srinivasan,Lakshmi,Fremont,CA,06,Endocrinology,Claim-Specialty,Tresiba Flextouch U-200,Insulin Degludec,16,41.7,1251,22753.5,,,16,41.7,22753.5,1251,*,
1003002049,Srinivasan,Lakshmi,Fremont,CA,06,Endocrinology,Claim-Specialty,Trulicity,Dulaglutide,19,36.1,1070,37491.42,,,19,36.1,37491.42,1070,*,
1003002049,Srinivasan,Lakshmi,Fremont,CA,06,Endocrinology,Claim-Specialty,Ultra-Fine Mini Pen Needle,"Pen Needle, Diabetic",19,56.3,1690,2893.5,,#,,,,,*,
1003002072,Gotesman,Alexander,Hamilton,NJ,34,Urology,Claim-Specialty,Finasteride,Finasteride,51,101.9,3055,723.75,13,#,,,,,#,
1003002072,Gotesman,Alexander,Hamilton,NJ,34,Urology,Claim-Specialty,Myrbetriq,Mirabegron,58,61.3,1793,27522.08,,,40,43.3,19780.59,1297,*,
1003002072,Gotesman,Alexander,Hamilton,NJ,34,Urology,Claim-Specialty,Oxybutynin Chloride Er,Oxybutynin Chloride,21,29,820,694.96,,*,,,,,*,
1003002072,Gotesman,Alexander,Hamilton,NJ,34,Urology,Claim-Specialty,Solifenacin Succinate,Solifenacin Succinate,14,28.2,845,803.54,,*,,,,,*,
1003002072,Gotesman,Alexander,Hamilton,NJ,34,Urology,Claim-Specialty,Sulfamethoxazole-Trimethoprim,Sulfamethoxazole/Trimethoprim,25,25,52,41.19,20,#,,,,,#,
1003002072,Gotesman,Alexander,Hamilton,NJ,34,Urology,Claim-Specialty,Tamsulosin Hcl,Tamsulosin Hcl,156,293,8767,2615.75,45,,111,243.5,2038.29,7304,#,
1003002072,Gotesman,Alexander,Hamilton,NJ,34,Urology,Claim-Specialty,Testosterone Cypionate,Testosterone Cypionate,22,23.3,666,1062.5,,#,,,,,*,
1003002072,Gotesman,Alexander,Hamilton,NJ,34,Urology,Claim-Specialty,Tolterodine Tartrate Er,Tolterodine Tartrate,12,12.1,360,784.84,,*,,,,,*,
1003002072,Gotesman,Alexander,Hamilton,NJ,34,Urology,Claim-Specialty,Tramadol Hcl,Tramadol Hcl,23,23,86,37.55,22,#,,,,,#,
1003002106,Castro Cordoba,Juan Luis,Boynton Beach,FL,12,Psychiatry,Claim-Specialty,Bupropion Xl,Bupropion Hcl,11,11,300,115.32,,*,,,,,*,
1003002106,Castro Cordoba,Juan Luis,Boynton Beach,FL,12,Psychiatry,Claim-Specialty,Buspirone Hcl,Buspirone Hcl,11,11,330,74.16,11,*,,,,,*,
1003002106,Castro Cordoba,Juan Luis,Boynton Beach,FL,12,Psychiatry,Claim-Specialty,Clonazepam,Clonazepam,16,16.5,465,176.99,14,*,,,,,*,
1003002106,Castro Cordoba,Juan Luis,Boynton Beach,FL,12,Psychiatry,Claim-Specialty,Duloxetine Hcl,Duloxetine Hcl,11,11,330,217.62,,*,,,,,*,
1003002106,Castro Cordoba,Juan Luis,Boynton Beach,FL,12,Psychiatry,Claim-Specialty,Quetiapine Fumarate,Quetiapine Fumarate,12,12,345,100.84,,*,,,,,*,
1003002312,Hopkins,Patricia,Weymouth,MA,25,Rheumatology,Claim-Specialty,Albuterol Sulfate Hfa,Albuterol Sulfate,20,30.6,868,999.39,11,,20,30.6,999.39,868,,11
1003002312,Hopkins,Patricia,Weymouth,MA,25,Rheumatology,Claim-Specialty,Allopurinol,Allopurinol,24,66,1980,454.53,12,,24,66,454.53,1980,,12
1003002312,Hopkins,Patricia,Weymouth,MA,25,Rheumatology,Claim-Specialty,Alprazolam,Alprazolam,36,36,1070,251.47,,#,,,,,*,
1003002312,Hopkins,Patricia,Weymouth,MA,25,Rheumatology,Claim-Specialty,Amitriptyline Hcl,Amitriptyline Hcl,11,29,870,288.98,,*,,,,,*,
1003002312,Hopkins,Patricia,Weymouth,MA,25,Rheumatology,Claim-Specialty,Amlodipine Besylate,Amlodipine Besylate,57,146,4380,471.61,21,#,,,,,#,
1003002312,Hopkins,Patricia,Weymouth,MA,25,Rheumatology,Claim-Specialty,Armour Thyroid,"Thyroid,pork",13,23,690,1215.71,,,13,23,1215.71,690,*,
1003002312,Hopkins,Patricia,Weymouth,MA,25,Rheumatology,Claim-Specialty,Atenolol,Atenolol,20,51,1530,178.33,,,20,51,178.33,1530,*,
1003002312,Hopkins,Patricia,Weymouth,MA,25,Rheumatology,Claim-Specialty,Atorvastatin Calcium,Atorvastatin Calcium,52,134,4020,1139.16,21,#,,,,,#,
1003002312,Hopkins,Patricia,Weymouth,MA,25,Rheumatology,Claim-Specialty,Azithromycin,Azithromycin,13,13,101,68.17,11,,13,13,68.17,101,,11
1003002312,Hopkins,Patricia,Weymouth,MA,25,Rheumatology,Claim-Specialty,Cevimeline Hcl,Cevimeline Hcl,15,27,783,2669.08,,,15,27,2669.08,783,*,
1003002312,Hopkins,Patricia,Weymouth,MA,25,Rheumatology,Claim-Specialty,Citalopram Hbr,Citalopram Hydrobromide,13,33,990,81,,*,,,,,*,
1003002312,Hopkins,Patricia,Weymouth,MA,25,Rheumatology,Claim-Specialty,Clonazepam,Clonazepam,34,34,990,338.52,,,20,20,146.79,570,*,
1003002312,Hopkins,Patricia,Weymouth,MA,25,Rheumatology,Claim-Specialty,Clopidogrel,Clopidogrel Bisulfate,19,47,1410,377.69,,#,,,,,*,
1003002312,Hopkins,Patricia,Weymouth,MA,25,Rheumatology,Claim-Specialty,Colchicine,Colchicine,11,29,850,460.05,,,11,29,460.05,850,*,
1003002312,Hopkins,Patricia,Weymouth,MA,25,Rheumatology,Claim-Specialty,Cyclobenzaprine Hcl,Cyclobenzaprine Hcl,28,28,840,431.26,,,16,16,223.68,480,*,
1003002312,Hopkins,Patricia,Weymouth,MA,25,Rheumatology,Claim-Specialty,Dextroamphetamine-Amphetamine,Dextroamphetamine/Amphetamine,26,28,810,551.57,,,11,13,325.14,360,*,
1003002312,Hopkins,Patricia,Weymouth,MA,25,Rheumatology,Claim-Specialty,Diazepam,Diazepam,11,11,330,23.29,,,11,11,23.29,330,*,
1003002312,Hopkins,Patricia,Weymouth,MA,25,Rheumatology,Claim-Specialty,Diclofenac Sodium,Diclofenac Sodium,14,27,801,310.21,,#,,,,,*,
1003002312,Hopkins,Patricia,Weymouth,MA,25,Rheumatology,Claim-Specialty,Duloxetine Hcl,Duloxetine Hcl,24,36,1080,833.6,,,24,36,833.6,1080,*,
1003002312,Hopkins,Patricia,Weymouth,MA,25,Rheumatology,Claim-Specialty,Eliquis,Apixaban,27,49,1470,28632.73,,#,,,,,*,
1003002312,Hopkins,Patricia,Weymouth,MA,25,Rheumatology,Claim-Specialty,Enbrel Sureclick,Etanercept,13,20.2,588,144229.53,,,13,20.2,144229.53,588,*,
1003002312,Hopkins,Patricia,Weymouth,MA,25,Rheumatology,Claim-Specialty,Escitalopram Oxalate,Escitalopram Oxalate,14,30,900,386.9,,,14,30,386.9,900,*,
1003002312,Hopkins,Patricia,Weymouth,MA,25,Rheumatology,Claim-Specialty,Esomeprazole Magnesium,Esomeprazole Magnesium,14,20,600,429.79,,,14,20,429.79,600,*,
1003002312,Hopkins,Patricia,Weymouth,MA,25,Rheumatology,Claim-Specialty,Estradiol,Estradiol,13,15,450,303.95,,,13,15,303.95,450,*,
1003002312,Hopkins,Patricia,Weymouth,MA,25,Rheumatology,Claim-Specialty,Febuxostat,Febuxostat,13,23,674,507.85,,,13,23,507.85,674,*,
1003002312,Hopkins,Patricia,Weymouth,MA,25,Rheumatology,Claim-Specialty,Fluticasone Propionate,Fluticasone Propionate,20,37,1110,224.22,,#,,,,,*,
1003002312,Hopkins,Patricia,Weymouth,MA,25,Rheumatology,Claim-Specialty,Furosemide,Furosemide,18,28,788,45.52,,#,,,,,*,
1003002312,Hopkins,Patricia,Weymouth,MA,25,Rheumatology,Claim-Specialty,Gabapentin,Gabapentin,40,59,1770,464.58,18,,40,59,464.58,1770,,18
1003002312,Hopkins,Patricia,Weymouth,MA,25,Rheumatology,Claim-Specialty,Glipizide Er,Glipizide,11,23,690,165.81,,*,,,,,*,
1003002312,Hopkins,Patricia,Weymouth,MA,25,Rheumatology,Claim-Specialty,Humira(Cf) Pen,Adalimumab,28,29.7,840,218108.01,,,15,16.7,120569.18,476,*,
1003002312,Hopkins,Patricia,Weymouth,MA,25,Rheumatology,Claim-Specialty,Hydrochlorothiazide,Hydrochlorothiazide,47,91,2730,153.35,20,#,,,,,#,
1003002312,Hopkins,Patricia,Weymouth,MA,25,Rheumatology,Claim-Specialty,Hydrocodone-Acetaminophen,Hydrocodone/Acetaminophen,95,95,2525,1981.28,26,#,,,,,#,
1003002312,Hopkins,Patricia,Weymouth,MA,25,Rheumatology,Claim-Specialty,Hydroxychloroquine Sulfate,Hydroxychloroquine Sulfate,33,69,2011,1693.62,12,,33,69,1693.62,2011,,12
1003002312,Hopkins,Patricia,Weymouth,MA,25,Rheumatology,Claim-Specialty,Ibuprofen,Ibuprofen,30,41.5,1245,327.06,16,#,,,,,#,
1003002312,Hopkins,Patricia,Weymouth,MA,25,Rheumatology,Claim-Specialty,Isosorbide Mononitrate Er,Isosorbide Mononitrate,22,42,1260,254.22,,,22,42,254.22,1260,*,
1003002312,Hopkins,Patricia,Weymouth,MA,25,Rheumatology,Claim-Specialty,Levothyroxine Sodium,Levothyroxine Sodium,88,230,6900,1121.9,32,#,,,,,#,
1003002312,Hopkins,Patricia,Weymouth,MA,25,Rheumatology,Claim-Specialty,Lidocaine,Lidocaine,22,24,720,1975,,,22,24,1975,720,*,
1003002312,Hopkins,Patricia,Weymouth,MA,25,Rheumatology,Claim-Specialty,Lisinopril,Lisinopril,45,116,3480,356.13,24,,32,89,316.12,2670,#,
1003002312,Hopkins,Patricia,Weymouth,MA,25,Rheumatology,Claim-Specialty,Lorazepam,Lorazepam,111,113,3198,815.21,21,#,,,,,#,
1003002312,Hopkins,Patricia,Weymouth,MA,25,Rheumatology,Claim-Specialty,Losartan Potassium,Losartan Potassium,39,103,3090,505.3,13,,39,103,505.3,3090,,13
1003002312,Hopkins,Patricia,Weymouth,MA,25,Rheumatology,Claim-Specialty,Meloxicam,Meloxicam,23,31,926,198.91,,#,,,,,*,
1003002312,Hopkins,Patricia,Weymouth,MA,25,Rheumatology,Claim-Specialty,Metformin Hcl,Metformin Hcl,50,112,3360,426.75,21,,50,112,426.75,3360,,21
1003002312,Hopkins,Patricia,Weymouth,MA,25,Rheumatology,Claim-Specialty,Methotrexate,Methotrexate Sodium,58,126.6,3758,1973.85,22,,58,126.6,1973.85,3758,,22
1003002312,Hopkins,Patricia,Weymouth,MA,25,Rheumatology,Claim-Specialty,Methotrexate Sodium,Methotrexate Sodium/Pf,16,19.6,491,128.51,,,16,19.6,128.51,491,*,
1003002312,Hopkins,Patricia,Weymouth,MA,25,Rheumatology,Claim-Specialty,Metoprolol Succinate,Metoprolol Succinate,52,148,4440,1572.89,20,#,,,,,#,
1003002312,Hopkins,Patricia,Weymouth,MA,25,Rheumatology,Claim-Specialty,Metoprolol Tartrate,Metoprolol Tartrate,33,70,2063,190.79,,#,,,,,*,
1003002312,Hopkins,Patricia,Weymouth,MA,25,Rheumatology,Claim-Specialty,Mirtazapine,Mirtazapine,21,43,1290,275.52,,,21,43,275.52,1290,*,
1003002312,Hopkins,Patricia,Weymouth,MA,25,Rheumatology,Claim-Specialty,Montelukast Sodium,Montelukast Sodium,25,72,2160,634.34,,,25,72,634.34,2160,*,
1003002312,Hopkins,Patricia,Weymouth,MA,25,Rheumatology,Claim-Specialty,Movantik,Naloxegol Oxalate,11,13,390,5547.33,,*,,,,,*,
1003002312,Hopkins,Patricia,Weymouth,MA,25,Rheumatology,Claim-Specialty,Myrbetriq,Mirabegron,11,11,330,5319.67,,,11,11,5319.67,330,*,
1003002312,Hopkins,Patricia,Weymouth,MA,25,Rheumatology,Claim-Specialty,Naltrexone Hcl,Naltrexone Hcl,14,14,420,605.14,,,14,14,605.14,420,*,
1003002312,Hopkins,Patricia,Weymouth,MA,25,Rheumatology,Claim-Specialty,Olmesartan Medoxomil,Olmesartan Medoxomil,21,57,1710,3178.98,,,21,57,3178.98,1710,*,
1003002312,Hopkins,Patricia,Weymouth,MA,25,Rheumatology,Claim-Specialty,Omeprazole,Omeprazole,42,100,3000,770.88,16,#,,,,,#,
1003002312,Hopkins,Patricia,Weymouth,MA,25,Rheumatology,Claim-Specialty,Orencia,Abatacept/Maltose,13,13,364,52695.66,,,13,13,52695.66,364,*,
1003002312,Hopkins,Patricia,Weymouth,MA,25,Rheumatology,Claim-Specialty,Otezla,Apremilast,13,13,390,64590.76,,,0,0,0,0,#,
1003002312,Hopkins,Patricia,Weymouth,MA,25,Rheumatology,Claim-Specialty,Oxycodone Hcl,Oxycodone Hcl,25,25,694,587.85,,#,,,,,*,
1003002312,Hopkins,Patricia,Weymouth,MA,25,Rheumatology,Claim-Specialty,Oxycodone-Acetaminophen,Oxycodone Hcl/Acetaminophen,83,83,2376,2287.85,19,,65,65,1641.43,1836,#,
1003002312,Hopkins,Patricia,Weymouth,MA,25,Rheumatology,Claim-Specialty,Ozempic,Semaglutide,11,11.9,342,10413.53,,*,,,,,*,
1003002312,Hopkins,Patricia,Weymouth,MA,25,Rheumatology,Claim-Specialty,Pantoprazole Sodium,Pantoprazole Sodium,12,34,1020,231.24,,*,,,,,*,
1003002312,Hopkins,Patricia,Weymouth,MA,25,Rheumatology,Claim-Specialty,Potassium Chloride,Potassium Chloride,21,39,1170,295.47,,,21,39,295.47,1170,*,
1003002312,Hopkins,Patricia,Weymouth,MA,25,Rheumatology,Claim-Specialty,Prednisone,Prednisone,239,317.7,9224,2018.52,60,,221,299.7,1879.74,8709,#,
1003002312,Hopkins,Patricia,Weymouth,MA,25,Rheumatology,Claim-Specialty,Propranolol Hcl,Propranolol Hcl,18,38,1140,586.01,,#,,,,,*,
1003002312,Hopkins,Patricia,Weymouth,MA,25,Rheumatology,Claim-Specialty,Rinvoq,Upadacitinib,15,15,450,95153.9,,,15,15,95153.9,450,*,
1003002312,Hopkins,Patricia,Weymouth,MA,25,Rheumatology,Claim-Specialty,Ropinirole Hcl,Ropinirole Hcl,11,25,750,166.57,,*,,,,,*,
1003002312,Hopkins,Patricia,Weymouth,MA,25,Rheumatology,Claim-Specialty,Rosuvastatin Calcium,Rosuvastatin Calcium,29,80.2,2406,2683.06,12,,29,80.2,2683.06,2406,,12
1003002312,Hopkins,Patricia,Weymouth,MA,25,Rheumatology,Claim-Specialty,Sertraline Hcl,Sertraline Hcl,14,28,840,221.53,,,14,28,221.53,840,*,
1003002312,Hopkins,Patricia,Weymouth,MA,25,Rheumatology,Claim-Specialty,Simponi Aria,Golimumab,13,13,364,84205.94,,,0,0,0,0,#,
1003002312,Hopkins,Patricia,Weymouth,MA,25,Rheumatology,Claim-Specialty,Simvastatin,Simvastatin,19,52,1560,229.72,,,19,52,229.72,1560,*,
1003002312,Hopkins,Patricia,Weymouth,MA,25,Rheumatology,Claim-Specialty,Spironolactone,Spironolactone,11,21,630,131.64,,*,,,,,*,
1003002312,Hopkins,Patricia,Weymouth,MA,25,Rheumatology,Claim-Specialty,Symbicort,Budesonide/Formoterol Fumarate,13,18,540,5013.1,,#,,,,,*,
1003002312,Hopkins,Patricia,Weymouth,MA,25,Rheumatology,Claim-Specialty,Tamsulosin Hcl,Tamsulosin Hcl,11,33,990,611.16,,,11,33,611.16,990,*,
1003002312,Hopkins,Patricia,Weymouth,MA,25,Rheumatology,Claim-Specialty,Tramadol Hcl,Tramadol Hcl,99,103,2768,980.09,26,,80,84,749.61,2228,#,
1003002312,Hopkins,Patricia,Weymouth,MA,25,Rheumatology,Claim-Specialty,Trazodone Hcl,Trazodone Hcl,26,40.1,1183,793.29,,,26,40.1,793.29,1183,*,
1003002312,Hopkins,Patricia,Weymouth,MA,25,Rheumatology,Claim-Specialty,Venlafaxine Hcl Er,Venlafaxine Hcl,17,32,960,377.75,,,17,32,377.75,960,*,
1003002312,Hopkins,Patricia,Weymouth,MA,25,Rheumatology,Claim-Specialty,Xeljanz Xr,Tofacitinib Citrate,35,35,1009,190969.22,,#,,,,,*,
1003002312,Hopkins,Patricia,Weymouth,MA,25,Rheumatology,Claim-Specialty,Zolpidem Tartrate,Zolpidem Tartrate,42,58,1740,386.83,13,#,,,,,#,
1003002320,Eklund,D.,Pearl,MS,28,Dentist,NPPES-Specialty,Amoxicillin,Amoxicillin,16,16,32,29.97,,,16,16,29.97,32,*,
1003002320,Eklund,D.,Pearl,MS,28,Dentist,NPPES-Specialty,Penicillin V Potassium,Penicillin V Potassium,16,16,105,102.29,13,#,,,,,*,
1003002361,King,Michael,Woodbridge,VA,51,Dentist,NPPES-Specialty,Amoxicillin,Amoxicillin,11,11,75,31.79,,*,,,,,*,
1003002379,Shrestha,Salona,Portland,OR,41,Internal Medicine,Claim-Specialty,Atorvastatin Calcium,Atorvastatin Calcium,24,24,680,638.11,,,12,12,285.7,320,*,
1003002379,Shrestha,Salona,Portland,OR,41,Internal Medicine,Claim-Specialty,Colchicine,Colchicine,11,11,330,1553.18,,,0,0,0,0,#,
1003002379,Shrestha,Salona,Portland,OR,41,Internal Medicine,Claim-Specialty,Gabapentin,Gabapentin,15,15,448,990.06,,*,,,,,*,
1003002379,Shrestha,Salona,Portland,OR,41,Internal Medicine,Claim-Specialty,Glipizide,Glipizide,14,14,304,474.81,,,0,0,0,0,#,
1003002379,Shrestha,Salona,Portland,OR,41,Internal Medicine,Claim-Specialty,Levetiracetam,Levetiracetam,13,13,390,1784.27,,,0,0,0,0,#,
1003002379,Shrestha,Salona,Portland,OR,41,Internal Medicine,Claim-Specialty,Oxycodone Hcl,Oxycodone Hcl,19,19,71,93.93,18,#,,,,,#,
1003002379,Shrestha,Salona,Portland,OR,41,Internal Medicine,Claim-Specialty,Pantoprazole Sodium,Pantoprazole Sodium,11,11,314,124.99,,*,,,,,*,
1003002627,Kadiyala,Samatha,Lake Jackson,TX,48,Obstetrics & Gynecology,Claim-Specialty,Celecoxib,Celecoxib,30,30,40,41.09,28,#,,,,,#,
1003002627,Kadiyala,Samatha,Lake Jackson,TX,48,Obstetrics & Gynecology,Claim-Specialty,Diazepam,Diazepam,29,29,57,23.81,27,#,,,,,#,
1003002627,Kadiyala,Samatha,Lake Jackson,TX,48,Obstetrics & Gynecology,Claim-Specialty,Estradiol,Estradiol,337,721.5,21503,33619.96,187,,312,676.7,30919.92,20159,#,
1003002627,Kadiyala,Samatha,Lake Jackson,TX,48,Obstetrics & Gynecology,Claim-Specialty,Fluconazole,Fluconazole,22,26.7,452,224.77,19,#,,,,,#,
1003002627,Kadiyala,Samatha,Lake Jackson,TX,48,Obstetrics & Gynecology,Claim-Specialty,Gabapentin,Gabapentin,19,35.3,1060,256.99,,#,,,,,*,
1003002627,Kadiyala,Samatha,Lake Jackson,TX,48,Obstetrics & Gynecology,Claim-Specialty,Hydrocodone-Acetaminophen,Hydrocodone/Acetaminophen,50,50,160,178.24,44,,39,39,134.76,123,#,
1003002627,Kadiyala,Samatha,Lake Jackson,TX,48,Obstetrics & Gynecology,Claim-Specialty,Metronidazole,Metronidazole,12,12,94,80.22,12,*,,,,,*,
1003002627,Kadiyala,Samatha,Lake Jackson,TX,48,Obstetrics & Gynecology,Claim-Specialty,Myrbetriq,Mirabegron,118,202,6037,90217.96,37,#,,,,,#,
1003002627,Kadiyala,Samatha,Lake Jackson,TX,48,Obstetrics & Gynecology,Claim-Specialty,Nitrofurantoin Mono-Macro,Nitrofurantoin Monohyd/M-Cryst,66,85.4,1333,1798.35,54,#,,,,,#,
1003002627,Kadiyala,Samatha,Lake Jackson,TX,48,Obstetrics & Gynecology,Claim-Specialty,Nystatin,Nystatin,11,11,155,96.49,11,*,,,,,*,
1003002627,Kadiyala,Samatha,Lake Jackson,TX,48,Obstetrics & Gynecology,Claim-Specialty,Osphena,Ospemifene,21,33,990,8188.69,,,21,33,8188.69,990,*,
1003002627,Kadiyala,Samatha,Lake Jackson,TX,48,Obstetrics & Gynecology,Claim-Specialty,Oxybutynin Chloride Er,Oxybutynin Chloride,12,32,960,962.1,,*,,,,,*,
1003002627,Kadiyala,Samatha,Lake Jackson,TX,48,Obstetrics & Gynecology,Claim-Specialty,Premarin,"Estrogens, Conjugated",25,56.4,1682,12333.8,12,#,,,,,#,
1003002627,Kadiyala,Samatha,Lake Jackson,TX,48,Obstetrics & Gynecology,Claim-Specialty,Sulfamethoxazole-Trimethoprim,Sulfamethoxazole/Trimethoprim,26,26,193,143.2,22,#,,,,,#,
1003002627,Kadiyala,Samatha,Lake Jackson,TX,48,Obstetrics & Gynecology,Claim-Specialty,Triamcinolone Acetonide,Triamcinolone Acetonide,24,27.5,527,121.01,18,,24,27.5,121.01,527,,18
1003002627,Kadiyala,Samatha,Lake Jackson,TX,48,Obstetrics & Gynecology,Claim-Specialty,Valacyclovir,Valacyclovir Hcl,14,26,580,575.42,,*,,,,,*,
1003002627,Kadiyala,Samatha,Lake Jackson,TX,48,Obstetrics & Gynecology,Claim-Specialty,Yuvafem,Estradiol,43,112.2,3360,7976.66,19,,43,112.2,7976.66,3360,,19
1003002643,Bradt,Carie,Rochester,NY,36,Physician Assistant,Claim-Specialty,Amoxicillin,Amoxicillin,71,71,92,82.75,35,#,,,,,#,
1003002643,Bradt,Carie,Rochester,NY,36,Physician Assistant,Claim-Specialty,Clindamycin Hcl,Clindamycin Hcl,20,20,22,26.36,11,,20,20,26.36,22,,11
1003002643,Bradt,Carie,Rochester,NY,36,Physician Assistant,Claim-Specialty,Oxycodone-Acetaminophen,Oxycodone Hcl/Acetaminophen,72,72,374,489.08,72,#,,,,,#,
1003002718,La,Trang,Oakland,CA,06,Radiation Oncology,Claim-Specialty,Bicalutamide,Bicalutamide,11,11,310,212.91,11,*,,,,,*,
1003002718,La,Trang,Oakland,CA,06,Radiation Oncology,Claim-Specialty,Ciprofloxacin Hcl,Ciprofloxacin Hcl,11,11,11,57.61,,*,,,,,*,
1003002718,La,Trang,Oakland,CA,06,Radiation Oncology,Claim-Specialty,Hydrocodone-Acetaminophen,Hydrocodone/Acetaminophen,15,15,138,538.84,11,,15,15,538.84,138,,11
1003002718,La,Trang,Oakland,CA,06,Radiation Oncology,Claim-Specialty,Lidocaine Hcl Viscous,Lidocaine Hcl,24,24,315,274.17,,,24,24,274.17,315,*,
1003002718,La,Trang,Oakland,CA,06,Radiation Oncology,Claim-Specialty,Tamsulosin Hcl,Tamsulosin Hcl,30,54.7,1640,438.4,13,,30,54.7,438.4,1640,,13
1003002817,Iglesias,Nayvis,Doral,FL,12,Family Practice,NPPES-Specialty,Acyclovir,Acyclovir,32,32,392,1000.59,26,#,,,,,#,
1003002817,Iglesias,Nayvis,Doral,FL,12,Family Practice,NPPES-Specialty,Albuterol Sulfate Hfa,Albuterol Sulfate,191,195.4,5722,5444.31,72,#,,,,,#,
1003002817,Iglesias,Nayvis,Doral,FL,12,Family Practice,NPPES-Specialty,Alendronate Sodium,Alendronate Sodium,173,487,14604,1450.93,43,#,,,,,#,
1003002817,Iglesias,Nayvis,Doral,FL,12,Family Practice,NPPES-Specialty,Aliskiren,Aliskiren Hemifumarate,27,27,810,4358.76,,,27,27,4358.76,810,*,
1003002817,Iglesias,Nayvis,Doral,FL,12,Family Practice,NPPES-Specialty,Allopurinol,Allopurinol,53,159,4770,850.56,15,#,,,,,#,
1003002817,Iglesias,Nayvis,Doral,FL,12,Family Practice,NPPES-Specialty,Alprazolam,Alprazolam,559,559,16723,1626.09,61,#,,,,,#,
1003002817,Iglesias,Nayvis,Doral,FL,12,Family Practice,NPPES-Specialty,Amiodarone Hcl,Amiodarone Hcl,35,54,1620,3850.76,,,35,54,3850.76,1620,*,
1003002817,Iglesias,Nayvis,Doral,FL,12,Family Practice,NPPES-Specialty,Amlodipine Besylate,Amlodipine Besylate,387,1090,32700,1019.27,116,#,,,,,#,
1003002817,Iglesias,Nayvis,Doral,FL,12,Family Practice,NPPES-Specialty,Amlodipine Besylate-Benazepril,Amlodipine Besylate/Benazepril,25,75,2250,382.08,,,25,75,382.08,2250,*,
1003002817,Iglesias,Nayvis,Doral,FL,12,Family Practice,NPPES-Specialty,Ammonium Lactate,Ammonium Lactate,70,70,2100,922.02,45,#,,,,,#,
1003002817,Iglesias,Nayvis,Doral,FL,12,Family Practice,NPPES-Specialty,Amoxicillin,Amoxicillin,64,64,434,169.13,53,,64,64,169.13,434,,53
1003002817,Iglesias,Nayvis,Doral,FL,12,Family Practice,NPPES-Specialty,Amoxicillin-Clavulanate Potass,Amoxicillin/Potassium Clav,98,98,680,994.29,81,#,,,,,#,
1003002817,Iglesias,Nayvis,Doral,FL,12,Family Practice,NPPES-Specialty,Anastrozole,Anastrozole,13,13,390,221.04,,,13,13,221.04,390,*,
1003002817,Iglesias,Nayvis,Doral,FL,12,Family Practice,NPPES-Specialty,Atenolol,Atenolol,140,354.7,10617,689.19,36,,128,340.5,621.61,10200,#,
1003002817,Iglesias,Nayvis,Doral,FL,12,Family Practice,NPPES-Specialty,Atorvastatin Calcium,Atorvastatin Calcium,646,1876,56274,6727.95,195,,602,1756,6311.31,52680,,183
1003002817,Iglesias,Nayvis,Doral,FL,12,Family Practice,NPPES-Specialty,Azelastine Hcl,Azelastine Hcl,64,64,1890,2057.75,47,#,,,,,#,
1003002817,Iglesias,Nayvis,Doral,FL,12,Family Practice,NPPES-Specialty,Azelastine-Fluticasone,Azelastine/Fluticasone,21,21,630,3153.2,,,21,21,3153.2,630,*,
1003002817,Iglesias,Nayvis,Doral,FL,12,Family Practice,NPPES-Specialty,Azithromycin,Azithromycin,59,59,296,390.01,41,#,,,,,#,
1003002817,Iglesias,Nayvis,Doral,FL,12,Family Practice,NPPES-Specialty,Baclofen,Baclofen,271,271,2172,881.93,173,#,,,,,#,
1003002817,Iglesias,Nayvis,Doral,FL,12,Family Practice,NPPES-Specialty,Benazepril Hcl,Benazepril Hcl,12,36,1080,100.46,,,12,36,100.46,1080,*,
1003002817,Iglesias,Nayvis,Doral,FL,12,Family Practice,NPPES-Specialty,Benzonatate,Benzonatate,409,409,2962,4280.51,238,,395,395,4131.31,2862,#,
1003002817,Iglesias,Nayvis,Doral,FL,12,Family Practice,NPPES-Specialty,Bicalutamide,Bicalutamide,23,25,750,1098.34,,,23,25,1098.34,750,*,
1003002817,Iglesias,Nayvis,Doral,FL,12,Family Practice,NPPES-Specialty,Brilinta,Ticagrelor,52,52,1560,22206.68,,,52,52,22206.68,1560,*,
1003002817,Iglesias,Nayvis,Doral,FL,12,Family Practice,NPPES-Specialty,Budesonide-Formoterol Fumarate,Budesonide/Formoterol Fumarate,114,122,3660,28513.38,38,,114,122,28513.38,3660,,38
1003002817,Iglesias,Nayvis,Doral,FL,12,Family Practice,NPPES-Specialty,Bumetanide,Bumetanide,94,178,4587,2805.72,39,,94,178,2805.72,4587,,39
1003002817,Iglesias,Nayvis,Doral,FL,12,Family Practice,NPPES-Specialty,Buspirone Hcl,Buspirone Hcl,161,163,4890,1763.42,24,,161,163,1763.42,4890,,24
1003002817,Iglesias,Nayvis,Doral,FL,12,Family Practice,NPPES-Specialty,Carbidopa-Levodopa,Carbidopa/Levodopa,38,42,1260,718.26,,,38,42,718.26,1260,*,
1003002817,Iglesias,Nayvis,Doral,FL,12,Family Practice,NPPES-Specialty,Carvedilol,Carvedilol,134,318.1,9533,1052.58,35,#,,,,,#,
1003002817,Iglesias,Nayvis,Doral,FL,12,Family Practice,NPPES-Specialty,Celecoxib,Celecoxib,11,11,267,320.6,,,11,11,320.6,267,*,
1003002817,Iglesias,Nayvis,Doral,FL,12,Family Practice,NPPES-Specialty,Cephalexin,Cephalexin,39,39,255,178.73,33,#,,,,,#,
1003002817,Iglesias,Nayvis,Doral,FL,12,Family Practice,NPPES-Specialty,Chlordiazepoxide Hcl,Chlordiazepoxide Hcl,106,106,3180,655.23,16,,106,106,655.23,3180,,16
1003002817,Iglesias,Nayvis,Doral,FL,12,Family Practice,NPPES-Specialty,Chlorthalidone,Chlorthalidone,22,66,1980,1077.53,,,22,66,1077.53,1980,*,
1003002817,Iglesias,Nayvis,Doral,FL,12,Family Practice,NPPES-Specialty,Cholestyramine Light,Cholestyramine/Aspartame,38,38,1125,3011.05,,,38,38,3011.05,1125,*,
1003002817,Iglesias,Nayvis,Doral,FL,12,Family Practice,NPPES-Specialty,Ciclopirox,Ciclopirox,61,61,1830,1868.75,45,#,,,,,#,
1003002817,Iglesias,Nayvis,Doral,FL,12,Family Practice,NPPES-Specialty,Ciclopirox,Ciclopirox Olamine,36,36,1080,385.08,19,,36,36,385.08,1080,,19
1003002817,Iglesias,Nayvis,Doral,FL,12,Family Practice,NPPES-Specialty,Cilostazol,Cilostazol,36,94,2820,655.11,,,36,94,655.11,2820,*,
1003002817,Iglesias,Nayvis,Doral,FL,12,Family Practice,NPPES-Specialty,Ciprofloxacin Hcl,Ciprofloxacin Hcl,110,110,741,713.37,82,#,,,,,#,
1003002817,Iglesias,Nayvis,Doral,FL,12,Family Practice,NPPES-Specialty,Citalopram Hbr,Citalopram Hydrobromide,20,60,1800,109.73,,,20,60,109.73,1800,*,
1003002817,Iglesias,Nayvis,Doral,FL,12,Family Practice,NPPES-Specialty,Clobetasol Propionate,Clobetasol Propionate,104,104,3097,10379.89,42,,87,87,8618.14,2587,#,
1003002817,Iglesias,Nayvis,Doral,FL,12,Family Practice,NPPES-Specialty,Clonazepam,Clonazepam,204,204,6093,936.92,27,,204,204,936.92,6093,,27
1003002817,Iglesias,Nayvis,Doral,FL,12,Family Practice,NPPES-Specialty,Clonidine Hcl,Clonidine Hcl,30,58,1740,178.07,,,30,58,178.07,1740,*,
1003002817,Iglesias,Nayvis,Doral,FL,12,Family Practice,NPPES-Specialty,Clopidogrel,Clopidogrel Bisulfate,110,324,9720,1303.63,35,#,,,,,#,
1003002817,Iglesias,Nayvis,Doral,FL,12,Family Practice,NPPES-Specialty,Clorazepate Dipotassium,Clorazepate Dipotassium,41,41,1230,1604.8,,,41,41,1604.8,1230,*,
1003002817,Iglesias,Nayvis,Doral,FL,12,Family Practice,NPPES-Specialty,Clotrimazole-Betamethasone,Clotrimazole/Betamethasone Dip,130,130,3515,1410.93,78,#,,,,,#,
1003002817,Iglesias,Nayvis,Doral,FL,12,Family Practice,NPPES-Specialty,Colchicine,Colchicine,21,21,475,2026.39,,#,,,,,*,
1003002817,Iglesias,Nayvis,Doral,FL,12,Family Practice,NPPES-Specialty,Dabigatran Etexilate,Dabigatran Etexilate Mesylate,42,50,1500,11225.88,,,42,50,11225.88,1500,*,
1003002817,Iglesias,Nayvis,Doral,FL,12,Family Practice,NPPES-Specialty,Desonide,Desonide,16,16,435,278.25,12,,16,16,278.25,435,,12
1003002817,Iglesias,Nayvis,Doral,FL,12,Family Practice,NPPES-Specialty,Diclofenac Sodium,Diclofenac Sodium,177,177,2002,484.83,116,#,,,,,#,
1003002817,Iglesias,Nayvis,Doral,FL,12,Family Practice,NPPES-Specialty,Dicyclomine Hcl,Dicyclomine Hcl,84,84,2406,1064.3,42,,84,84,1064.3,2406,,42
1003002817,Iglesias,Nayvis,Doral,FL,12,Family Practice,NPPES-Specialty,Digoxin,Digoxin,26,70,2079,1017.69,,,26,70,1017.69,2079,*,
1003002817,Iglesias,Nayvis,Doral,FL,12,Family Practice,NPPES-Specialty,Diltiazem 24hr Er (Cd),Diltiazem Hcl,19,55,1650,962.68,,,19,55,962.68,1650,*,
1003002817,Iglesias,Nayvis,Doral,FL,12,Family Practice,NPPES-Specialty,Diltiazem 24hr Er (Xr),Diltiazem Hcl,13,39,1170,375.27,,,13,39,375.27,1170,*,
1003002817,Iglesias,Nayvis,Doral,FL,12,Family Practice,NPPES-Specialty,Diltiazem Hcl,Diltiazem Hcl,32,58,1740,719.13,,,32,58,719.13,1740,*,
1003002817,Iglesias,Nayvis,Doral,FL,12,Family Practice,NPPES-Specialty,Diovan Hct,Valsartan/Hydrochlorothiazide,22,29,870,9087.12,,,22,29,9087.12,870,*,
1003002817,Iglesias,Nayvis,Doral,FL,12,Family Practice,NPPES-Specialty,Donepezil Hcl,Donepezil Hcl,98,288,8640,824.4,33,,98,288,824.4,8640,,33
1003002817,Iglesias,Nayvis,Doral,FL,12,Family Practice,NPPES-Specialty,Doxazosin Mesylate,Doxazosin Mesylate,45,134,4020,1084.08,14,,45,134,1084.08,4020,,14
1003002817,Iglesias,Nayvis,Doral,FL,12,Family Practice,NPPES-Specialty,Doxycycline Hyclate,Doxycycline Hyclate,259,259,1794,6470.13,191,#,,,,,#,
1003002817,Iglesias,Nayvis,Doral,FL,12,Family Practice,NPPES-Specialty,Duloxetine Hcl,Duloxetine Hcl,87,141,4230,1515.89,18,,74,128,1375.28,3840,#,
1003002817,Iglesias,Nayvis,Doral,FL,12,Family Practice,NPPES-Specialty,Dutasteride,Dutasteride,17,49,1470,4084.97,,,17,49,4084.97,1470,*,
1003002817,Iglesias,Nayvis,Doral,FL,12,Family Practice,NPPES-Specialty,Eliquis,Apixaban,466,466,13980,251771.69,53,,443,443,239078.1,13290,#,
1003002817,Iglesias,Nayvis,Doral,FL,12,Family Practice,NPPES-Specialty,Enalapril Maleate,Enalapril Maleate,98,294,8820,4363.98,30,,98,294,4363.98,8820,,30
1003002817,Iglesias,Nayvis,Doral,FL,12,Family Practice,NPPES-Specialty,Entresto,Sacubitril/Valsartan,35,35,1050,22872.21,,,35,35,22872.21,1050,*,
1003002817,Iglesias,Nayvis,Doral,FL,12,Family Practice,NPPES-Specialty,Erythromycin,Erythromycin Base,26,26,734,316.7,24,,26,26,316.7,734,,24
1003002817,Iglesias,Nayvis,Doral,FL,12,Family Practice,NPPES-Specialty,Escitalopram Oxalate,Escitalopram Oxalate,359,599.1,17916,2445.39,81,#,,,,,#,
1003002817,Iglesias,Nayvis,Doral,FL,12,Family Practice,NPPES-Specialty,Esomeprazole Magnesium,Esomeprazole Magnesium,33,97,2910,2114.25,11,,33,97,2114.25,2910,,11
1003002817,Iglesias,Nayvis,Doral,FL,12,Family Practice,NPPES-Specialty,Estazolam,Estazolam,12,12,360,452.17,,,0,0,0,0,#,
1003002817,Iglesias,Nayvis,Doral,FL,12,Family Practice,NPPES-Specialty,Exemestane,Exemestane,26,26,780,4524.92,,,13,13,1113.5,390,*,
1003002817,Iglesias,Nayvis,Doral,FL,12,Family Practice,NPPES-Specialty,Ezetimibe,Ezetimibe,23,40,1200,2884.39,,,23,40,2884.39,1200,*,
1003002817,Iglesias,Nayvis,Doral,FL,12,Family Practice,NPPES-Specialty,Famotidine,Famotidine,79,181,5430,1168.21,27,#,,,,,#,
1003002817,Iglesias,Nayvis,Doral,FL,12,Family Practice,NPPES-Specialty,Fenofibrate,Fenofibrate,131,369.2,11076,6004.9,37,,109,327,5433.33,9810,#,
1003002817,Iglesias,Nayvis,Doral,FL,12,Family Practice,NPPES-Specialty,Fenofibrate,"Fenofibrate,micronized",13,39,1170,1148,,*,,,,,*,
1003002817,Iglesias,Nayvis,Doral,FL,12,Family Practice,NPPES-Specialty,Finasteride,Finasteride,76,225,6735,1203.57,22,,76,225,1203.57,6735,,22
1003002817,Iglesias,Nayvis,Doral,FL,12,Family Practice,NPPES-Specialty,Fluconazole,Fluconazole,14,14,34,112.57,14,,14,14,112.57,34,,14
1003002817,Iglesias,Nayvis,Doral,FL,12,Family Practice,NPPES-Specialty,Fluoxetine Hcl,Fluoxetine Hcl,11,29,870,50.42,,*,,,,,*,
1003002817,Iglesias,Nayvis,Doral,FL,12,Family Practice,NPPES-Specialty,Fluticasone Propionate,Fluticasone Propionate,129,131,3900,1209.12,95,#,,,,,#,
1003002817,Iglesias,Nayvis,Doral,FL,12,Family Practice,NPPES-Specialty,Fluticasone-Salmeterol,Fluticasone Propion/Salmeterol,26,26,780,6204.2,,,26,26,6204.2,780,*,
1003002817,Iglesias,Nayvis,Doral,FL,12,Family Practice,NPPES-Specialty,Folic Acid,Folic Acid,28,28,840,57.53,,,28,28,57.53,840,*,
1003002817,Iglesias,Nayvis,Doral,FL,12,Family Practice,NPPES-Specialty,Furosemide,Furosemide,91,207,6155,439.16,32,,91,207,439.16,6155,,32
1003002817,Iglesias,Nayvis,Doral,FL,12,Family Practice,NPPES-Specialty,Gabapentin,Gabapentin,346,664,19885,3066.27,84,,327,621,2714.9,18610,#,
1003002817,Iglesias,Nayvis,Doral,FL,12,Family Practice,NPPES-Specialty,Gentamicin Sulfate,Gentamicin Sulfate,25,25,424,341.34,21,#,,,,,#,
1003002817,Iglesias,Nayvis,Doral,FL,12,Family Practice,NPPES-Specialty,Glimepiride,Glimepiride,59,167,5010,664.73,17,,59,167,664.73,5010,,17
1003002817,Iglesias,Nayvis,Doral,FL,12,Family Practice,NPPES-Specialty,Glipizide,Glipizide,135,374,11220,1143.18,40,#,,,,,#,
1003002817,Iglesias,Nayvis,Doral,FL,12,Family Practice,NPPES-Specialty,Glipizide Er,Glipizide,33,89,2670,1259.33,,,33,89,1259.33,2670,*,
1003002817,Iglesias,Nayvis,Doral,FL,12,Family Practice,NPPES-Specialty,Glipizide-Metformin,Glipizide/Metformin Hcl,17,43,1290,1057.22,,,17,43,1057.22,1290,*,
1003002817,Iglesias,Nayvis,Doral,FL,12,Family Practice,NPPES-Specialty,Hydralazine Hcl,Hydralazine Hcl,160,314.2,9422,2176.82,35,,147,301,2094.88,9030,#,
1003002817,Iglesias,Nayvis,Doral,FL,12,Family Practice,NPPES-Specialty,Hydrochlorothiazide,Hydrochlorothiazide,264,780,23381,1329.61,80,#,,,,,#,
1003002817,Iglesias,Nayvis,Doral,FL,12,Family Practice,NPPES-Specialty,Hydrocortisone,Hydrocortisone,72,72,2080,818.09,56,#,,,,,#,
1003002817,Iglesias,Nayvis,Doral,FL,12,Family Practice,NPPES-Specialty,Ibuprofen,Ibuprofen,58,58,1296,248.96,36,,58,58,248.96,1296,,36
1003002817,Iglesias,Nayvis,Doral,FL,12,Family Practice,NPPES-Specialty,Insulin Aspart Flexpen,Insulin Aspart,38,62.5,1838,12250.63,,,38,62.5,12250.63,1838,*,
1003002817,Iglesias,Nayvis,Doral,FL,12,Family Practice,NPPES-Specialty,Insulin Aspart Prot Mix 70-30,Insulin Aspart Prot/Insuln Asp,65,72.4,2065,16033.38,,,65,72.4,16033.38,2065,*,
1003002817,Iglesias,Nayvis,Doral,FL,12,Family Practice,NPPES-Specialty,Irbesartan,Irbesartan,103,309,9270,20550.87,27,#,,,,,#,
1003002817,Iglesias,Nayvis,Doral,FL,12,Family Practice,NPPES-Specialty,Irbesartan-Hydrochlorothiazide,Irbesartan/Hydrochlorothiazide,14,42,1260,677.4,,,14,42,677.4,1260,*,
1003002817,Iglesias,Nayvis,Doral,FL,12,Family Practice,NPPES-Specialty,Isosorbide Dinitrate,Isosorbide Dinitrate,18,36,1080,1232.15,,,18,36,1232.15,1080,*,
1003002817,Iglesias,Nayvis,Doral,FL,12,Family Practice,NPPES-Specialty,Isosorbide Mononitrate Er,Isosorbide Mononitrate,27,59,1770,275.18,,,27,59,275.18,1770,*,
1003002817,Iglesias,Nayvis,Doral,FL,12,Family Practice,NPPES-Specialty,Janumet Xr,Sitagliptin Phos/Metformin Hcl,13,13,390,3412.5,,,13,13,3412.5,390,*,
1003002817,Iglesias,Nayvis,Doral,FL,12,Family Practice,NPPES-Specialty,Januvia,Sitagliptin Phosphate,16,16,480,8698.12,,,16,16,8698.12,480,*,
1003002817,Iglesias,Nayvis,Doral,FL,12,Family Practice,NPPES-Specialty,Jardiance,Empagliflozin,13,13,390,7392.32,,,13,13,7392.32,390,*,
1003002817,Iglesias,Nayvis,Doral,FL,12,Family Practice,NPPES-Specialty,Jentadueto,Linagliptin/Metformin Hcl,13,13,390,6543.16,,,13,13,6543.16,390,*,
1003002817,Iglesias,Nayvis,Doral,FL,12,Family Practice,NPPES-Specialty,Ketoconazole,Ketoconazole,48,48,1417,1179.33,23,,48,48,1179.33,1417,,23
1003002817,Iglesias,Nayvis,Doral,FL,12,Family Practice,NPPES-Specialty,Lactulose,Lactulose,45,45.5,803,383.36,29,#,,,,,#,
1003002817,Iglesias,Nayvis,Doral,FL,12,Family Practice,NPPES-Specialty,Lansoprazole,Lansoprazole,26,77,2310,1093.86,,,26,77,1093.86,2310,*,
1003002817,Iglesias,Nayvis,Doral,FL,12,Family Practice,NPPES-Specialty,Lantus,"Insulin Glargine,hum.Rec.Anlog",33,33.9,948,12741.72,,#,,,,,*,
1003002817,Iglesias,Nayvis,Doral,FL,12,Family Practice,NPPES-Specialty,Lantus Solostar,"Insulin Glargine,hum.Rec.Anlog",54,86,2558,24143.86,14,,54,86,24143.86,2558,,14
1003002817,Iglesias,Nayvis,Doral,FL,12,Family Practice,NPPES-Specialty,Latanoprost,Latanoprost,119,128,3272,1222.76,20,#,,,,,#,
1003002817,Iglesias,Nayvis,Doral,FL,12,Family Practice,NPPES-Specialty,Levetiracetam,Levetiracetam,29,41.2,1227,874,,#,,,,,*,
1003002817,Iglesias,Nayvis,Doral,FL,12,Family Practice,NPPES-Specialty,Levofloxacin,Levofloxacin,49,49,331,326.88,41,,49,49,326.88,331,,41
1003002817,Iglesias,Nayvis,Doral,FL,12,Family Practice,NPPES-Specialty,Levothyroxine Sodium,Levothyroxine Sodium,284,821.6,24648,10477.23,87,,270,779.6,9929.75,23388,#,
1003002817,Iglesias,Nayvis,Doral,FL,12,Family Practice,NPPES-Specialty,Lisinopril,Lisinopril,319,947,28410,1635.27,91,,305,905,1570.5,27150,#,
1003002817,Iglesias,Nayvis,Doral,FL,12,Family Practice,NPPES-Specialty,Lisinopril-Hydrochlorothiazide,Lisinopril/Hydrochlorothiazide,21,63,1890,145.71,,,21,63,145.71,1890,*,
1003002817,Iglesias,Nayvis,Doral,FL,12,Family Practice,NPPES-Specialty,Loperamide,Loperamide Hcl,30,30,488,884.32,15,,30,30,884.32,488,,15
1003002817,Iglesias,Nayvis,Doral,FL,12,Family Practice,NPPES-Specialty,Losartan Potassium,Losartan Potassium,344,971.2,29117,5460.43,109,,332,935.2,5209.51,28037,#,
1003002817,Iglesias,Nayvis,Doral,FL,12,Family Practice,NPPES-Specialty,Losartan-Hydrochlorothiazide,Losartan/Hydrochlorothiazide,22,66,1980,1383.64,,#,,,,,*,
1003002817,Iglesias,Nayvis,Doral,FL,12,Family Practice,NPPES-Specialty,Lovastatin,Lovastatin,20,60,1800,167.35,,,20,60,167.35,1800,*,
1003002817,Iglesias,Nayvis,Doral,FL,12,Family Practice,NPPES-Specialty,Lumigan,Bimatoprost,19,19,475,4421.13,,,19,19,4421.13,475,*,
1003002817,Iglesias,Nayvis,Doral,FL,12,Family Practice,NPPES-Specialty,Meclizine Hcl,Meclizine Hcl,121,121,2682,892.59,64,,121,121,892.59,2682,,64
1003002817,Iglesias,Nayvis,Doral,FL,12,Family Practice,NPPES-Specialty,Megestrol Acetate,Megestrol Acetate,24,24,696,2234.19,,,24,24,2234.19,696,*,
1003002817,Iglesias,Nayvis,Doral,FL,12,Family Practice,NPPES-Specialty,Meloxicam,Meloxicam,204,204,1850,186.22,141,#,,,,,#,
1003002817,Iglesias,Nayvis,Doral,FL,12,Family Practice,NPPES-Specialty,Memantine Hcl,Memantine Hcl,190,450,13500,8436.05,49,,190,450,8436.05,13500,,49
1003002817,Iglesias,Nayvis,Doral,FL,12,Family Practice,NPPES-Specialty,Metformin Hcl,Metformin Hcl,429,1254,37620,2737.05,123,,409,1194,2615.37,35820,#,
1003002817,Iglesias,Nayvis,Doral,FL,12,Family Practice,NPPES-Specialty,Metformin Hcl Er,Metformin Hcl,17,25,750,131,,#,,,,,*,
1003002817,Iglesias,Nayvis,Doral,FL,12,Family Practice,NPPES-Specialty,Methenamine Hippurate,Methenamine Hippurate,41,41,1230,2586.26,,,41,41,2586.26,1230,*,
1003002817,Iglesias,Nayvis,Doral,FL,12,Family Practice,NPPES-Specialty,Methimazole,Methimazole,18,34,1020,292.08,,,18,34,292.08,1020,*,
1003002817,Iglesias,Nayvis,Doral,FL,12,Family Practice,NPPES-Specialty,Methylprednisolone,Methylprednisolone,175,175,1135,1235.88,126,#,,,,,#,
1003002817,Iglesias,Nayvis,Doral,FL,12,Family Practice,NPPES-Specialty,Metoclopramide Hcl,Metoclopramide Hcl,17,17,177,36.19,14,,17,17,36.19,177,,14
1003002817,Iglesias,Nayvis,Doral,FL,12,Family Practice,NPPES-Specialty,Metoprolol Succinate,Metoprolol Succinate,242,648.7,19441,6176.32,70,,242,648.7,6176.32,19441,,70
1003002817,Iglesias,Nayvis,Doral,FL,12,Family Practice,NPPES-Specialty,Metoprolol Tartrate,Metoprolol Tartrate,238,655.5,19665,1344.16,63,,225,632.5,1301.01,18975,#,
1003002817,Iglesias,Nayvis,Doral,FL,12,Family Practice,NPPES-Specialty,Metronidazole,Metronidazole,44,44,453,1166.93,34,,44,44,1166.93,453,,34
1003002817,Iglesias,Nayvis,Doral,FL,12,Family Practice,NPPES-Specialty,Mirtazapine,Mirtazapine,176,206,6180,6390.76,39,,176,206,6390.76,6180,,39
1003002817,Iglesias,Nayvis,Doral,FL,12,Family Practice,NPPES-Specialty,Montelukast Sodium,Montelukast Sodium,199,495,14850,2026.33,57,#,,,,,#,
1003002817,Iglesias,Nayvis,Doral,FL,12,Family Practice,NPPES-Specialty,Mupirocin,Mupirocin,81,81,2066,952.81,68,#,,,,,#,
1003002817,Iglesias,Nayvis,Doral,FL,12,Family Practice,NPPES-Specialty,Mupirocin,Mupirocin Calcium,19,19,555,2655.79,18,#,,,,,#,
1003002817,Iglesias,Nayvis,Doral,FL,12,Family Practice,NPPES-Specialty,Myrbetriq,Mirabegron,18,18,540,7732.52,,,18,18,7732.52,540,*,
1003002817,Iglesias,Nayvis,Doral,FL,12,Family Practice,NPPES-Specialty,Naltrexone Hcl,Naltrexone Hcl,13,13,390,624.94,,,13,13,624.94,390,*,
1003002817,Iglesias,Nayvis,Doral,FL,12,Family Practice,NPPES-Specialty,Naproxen,Naproxen,16,16,220,53.34,11,,16,16,53.34,220,,11
1003002817,Iglesias,Nayvis,Doral,FL,12,Family Practice,NPPES-Specialty,Nebivolol Hcl,Nebivolol Hcl,17,51,1530,1260,,,17,51,1260,1530,*,
1003002817,Iglesias,Nayvis,Doral,FL,12,Family Practice,NPPES-Specialty,Neomycin-Polymyxin-Hc,Neomycin/Polymyxin B/Hydrocort,17,17,152,1123.52,15,,17,17,1123.52,152,,15
1003002817,Iglesias,Nayvis,Doral,FL,12,Family Practice,NPPES-Specialty,Neomycin-Polymyxin-Hydrocort,Neomycin/Polymyxin B/Hydrocort,18,18,384,1107.95,18,,18,18,1107.95,384,,18
1003002817,Iglesias,Nayvis,Doral,FL,12,Family Practice,NPPES-Specialty,Nifedipine Er,Nifedipine,36,104,3120,1400.19,14,,36,104,1400.19,3120,,14
1003002817,Iglesias,Nayvis,Doral,FL,12,Family Practice,NPPES-Specialty,Nitrofurantoin Mono-Macro,Nitrofurantoin Monohyd/M-Cryst,34,34,307,652.92,21,,34,34,652.92,307,,21
1003002817,Iglesias,Nayvis,Doral,FL,12,Family Practice,NPPES-Specialty,Nystatin,Nystatin,34,34,290,275.1,22,,34,34,275.1,290,,22
1003002817,Iglesias,Nayvis,Doral,FL,12,Family Practice,NPPES-Specialty,Olanzapine,Olanzapine,23,23,690,581.18,,#,,,,,*,
1003002817,Iglesias,Nayvis,Doral,FL,12,Family Practice,NPPES-Specialty,Olmesartan Medoxomil,Olmesartan Medoxomil,48,118,3540,937.26,14,,48,118,937.26,3540,,14
1003002817,Iglesias,Nayvis,Doral,FL,12,Family Practice,NPPES-Specialty,Omeprazole,Omeprazole,240,665,19881,1586.75,113,,227,626,1483.87,18711,#,
1003002817,Iglesias,Nayvis,Doral,FL,12,Family Practice,NPPES-Specialty,Ondansetron Odt,Ondansetron,11,11,69,83.16,,,11,11,83.16,69,*,
1003002817,Iglesias,Nayvis,Doral,FL,12,Family Practice,NPPES-Specialty,Oxybutynin Chloride,Oxybutynin Chloride,35,103,3090,438.26,11,,35,103,438.26,3090,,11
1003002817,Iglesias,Nayvis,Doral,FL,12,Family Practice,NPPES-Specialty,Oxybutynin Chloride Er,Oxybutynin Chloride,63,181,5430,2810.44,23,,63,181,2810.44,5430,,23
1003002817,Iglesias,Nayvis,Doral,FL,12,Family Practice,NPPES-Specialty,Pantoprazole Sodium,Pantoprazole Sodium,373,1049,31427,3561.76,137,,358,1008,3432.9,30197,#,
1003002817,Iglesias,Nayvis,Doral,FL,12,Family Practice,NPPES-Specialty,Paroxetine Hcl,Paroxetine Hcl,21,55,1650,158.43,,#,,,,,*,
1003002817,Iglesias,Nayvis,Doral,FL,12,Family Practice,NPPES-Specialty,Pentoxifylline,Pentoxifylline,88,190,5700,3045.77,25,#,,,,,#,
1003002817,Iglesias,Nayvis,Doral,FL,12,Family Practice,NPPES-Specialty,Pioglitazone Hcl,Pioglitazone Hcl,32,72,2160,272.25,,#,,,,,*,
1003002817,Iglesias,Nayvis,Doral,FL,12,Family Practice,NPPES-Specialty,Potassium Chloride,Potassium Chloride,13,37,1110,632.98,,*,,,,,*,
1003002817,Iglesias,Nayvis,Doral,FL,12,Family Practice,NPPES-Specialty,Pravastatin Sodium,Pravastatin Sodium,22,66,1980,396.73,,,22,66,396.73,1980,*,
1003002817,Iglesias,Nayvis,Doral,FL,12,Family Practice,NPPES-Specialty,Prednisone,Prednisone,29,29,644,133.26,,,29,29,133.26,644,*,
1003002817,Iglesias,Nayvis,Doral,FL,12,Family Practice,NPPES-Specialty,Pregabalin,Pregabalin,65,67,2010,3002.19,11,#,,,,,*,
1003002817,Iglesias,Nayvis,Doral,FL,12,Family Practice,NPPES-Specialty,Primidone,Primidone,11,11,330,69.59,,,11,11,69.59,330,*,
1003002817,Iglesias,Nayvis,Doral,FL,12,Family Practice,NPPES-Specialty,Procto-Med Hc,Hydrocortisone,20,20,554,393.83,17,,20,20,393.83,554,,17
1003002817,Iglesias,Nayvis,Doral,FL,12,Family Practice,NPPES-Specialty,Promethazine-Codeine,Promethazine Hcl/Codeine,31,31,133,122.48,26,,31,31,122.48,133,,26
1003002817,Iglesias,Nayvis,Doral,FL,12,Family Practice,NPPES-Specialty,Propafenone Hcl,Propafenone Hcl,17,25,750,1424.95,,,17,25,1424.95,750,*,
1003002817,Iglesias,Nayvis,Doral,FL,12,Family Practice,NPPES-Specialty,Propranolol Hcl,Propranolol Hcl,16,48,1440,503.43,,,16,48,503.43,1440,*,
1003002817,Iglesias,Nayvis,Doral,FL,12,Family Practice,NPPES-Specialty,Quetiapine Fumarate,Quetiapine Fumarate,66,90,2700,581.23,21,#,,,,,#,
1003002817,Iglesias,Nayvis,Doral,FL,12,Family Practice,NPPES-Specialty,Restasis,Cyclosporine,15,17,510,10568.13,,,15,17,10568.13,510,*,
1003002817,Iglesias,Nayvis,Doral,FL,12,Family Practice,NPPES-Specialty,Rosuvastatin Calcium,Rosuvastatin Calcium,140,417.5,12525,2109.21,41,#,,,,,#,
1003002817,Iglesias,Nayvis,Doral,FL,12,Family Practice,NPPES-Specialty,Sertraline Hcl,Sertraline Hcl,96,188,5640,517.96,22,,96,188,517.96,5640,,22
1003002817,Iglesias,Nayvis,Doral,FL,12,Family Practice,NPPES-Specialty,Sevelamer Carbonate,Sevelamer Carbonate,14,14,420,3173.41,,,14,14,3173.41,420,*,
1003002817,Iglesias,Nayvis,Doral,FL,12,Family Practice,NPPES-Specialty,Sildenafil Citrate,Sildenafil Citrate,253,253,7326,2818.27,56,,253,253,2818.27,7326,,56
1003002817,Iglesias,Nayvis,Doral,FL,12,Family Practice,NPPES-Specialty,Simbrinza,Brinzolamide/Brimonidine Tart,13,13,338,2485.21,,,13,13,2485.21,338,*,
1003002817,Iglesias,Nayvis,Doral,FL,12,Family Practice,NPPES-Specialty,Simvastatin,Simvastatin,594,1739.7,52182,2744.32,185,,560,1655.5,2506.9,49665,#,
1003002817,Iglesias,Nayvis,Doral,FL,12,Family Practice,NPPES-Specialty,Spiriva Respimat,Tiotropium Bromide,90,90,2700,44317.02,11,,90,90,44317.02,2700,,11
1003002817,Iglesias,Nayvis,Doral,FL,12,Family Practice,NPPES-Specialty,Spironolactone,Spironolactone,47,107,3210,695.64,14,,47,107,695.64,3210,,14
1003002817,Iglesias,Nayvis,Doral,FL,12,Family Practice,NPPES-Specialty,Sps,Sodium Polystyrene Sulfon/Sorb,15,15,19,249.17,,,15,15,249.17,19,*,
1003002817,Iglesias,Nayvis,Doral,FL,12,Family Practice,NPPES-Specialty,Ssd,Silver Sulfadiazine,19,19,570,587.32,15,,19,19,587.32,570,,15
1003002817,Iglesias,Nayvis,Doral,FL,12,Family Practice,NPPES-Specialty,Sumatriptan Succinate,Sumatriptan Succinate,19,19,570,185.73,,#,,,,,*,
1003002817,Iglesias,Nayvis,Doral,FL,12,Family Practice,NPPES-Specialty,Synthroid,Levothyroxine Sodium,101,101,3030,4435.47,13,#,,,,,#,
1003002817,Iglesias,Nayvis,Doral,FL,12,Family Practice,NPPES-Specialty,Tadalafil,Tadalafil,78,78,2165,2479.83,17,#,,,,,#,
1003002817,Iglesias,Nayvis,Doral,FL,12,Family Practice,NPPES-Specialty,Tamsulosin Hcl,Tamsulosin Hcl,173,484,14457,1877.68,60,#,,,,,#,
1003002817,Iglesias,Nayvis,Doral,FL,12,Family Practice,NPPES-Specialty,Telmisartan,Telmisartan,20,57,1710,1550.18,,,20,57,1550.18,1710,*,
1003002817,Iglesias,Nayvis,Doral,FL,12,Family Practice,NPPES-Specialty,Telmisartan-Hydrochlorothiazid,Telmisartan/Hydrochlorothiazid,16,48,1440,4544.05,,,16,48,4544.05,1440,*,
1003002817,Iglesias,Nayvis,Doral,FL,12,Family Practice,NPPES-Specialty,Temazepam,Temazepam,336,336,10080,1712.48,40,#,,,,,#,
1003002817,Iglesias,Nayvis,Doral,FL,12,Family Practice,NPPES-Specialty,Tradjenta,Linagliptin,154,154,4620,78049.62,17,,154,154,78049.62,4620,,17
1003002817,Iglesias,Nayvis,Doral,FL,12,Family Practice,NPPES-Specialty,Tramadol Hcl,Tramadol Hcl,41,41,626,110.34,24,#,,,,,#,
1003002817,Iglesias,Nayvis,Doral,FL,12,Family Practice,NPPES-Specialty,Trazodone Hcl,Trazodone Hcl,66,110,3300,445.21,18,#,,,,,#,
1003002817,Iglesias,Nayvis,Doral,FL,12,Family Practice,NPPES-Specialty,Trelegy Ellipta,Fluticasone/Umeclidin/Vilanter,13,13,390,7955.22,,,13,13,7955.22,390,*,
1003002817,Iglesias,Nayvis,Doral,FL,12,Family Practice,NPPES-Specialty,Triamcinolone Acetonide,Triamcinolone Acetonide,34,34,990,207.27,15,#,,,,,#,
1003002817,Iglesias,Nayvis,Doral,FL,12,Family Practice,NPPES-Specialty,Triamterene-Hydrochlorothiazid,Triamterene/Hydrochlorothiazid,11,33,990,177.99,,,11,33,177.99,990,*,
1003002817,Iglesias,Nayvis,Doral,FL,12,Family Practice,NPPES-Specialty,Trueplus Insulin Syringe,"Syringe And Needle,insulin,1ml",23,23,690,322.62,,,23,23,322.62,690,*,
1003002817,Iglesias,Nayvis,Doral,FL,12,Family Practice,NPPES-Specialty,Unifine Pentips,"Pen Needle, Diabetic",113,119.8,3593,2044.37,18,,113,119.8,2044.37,3593,,18
1003002817,Iglesias,Nayvis,Doral,FL,12,Family Practice,NPPES-Specialty,Valsartan,Valsartan,43,93,2775,3864.95,11,,43,93,3864.95,2775,,11
1003002817,Iglesias,Nayvis,Doral,FL,12,Family Practice,NPPES-Specialty,Vitamin D2,Ergocalciferol (Vitamin D2),14,14,420,33.89,,,14,14,33.89,420,*,
1003002817,Iglesias,Nayvis,Doral,FL,12,Family Practice,NPPES-Specialty,Warfarin Sodium,Warfarin Sodium,26,26,760,170.51,,,14,14,90.63,400,*,
1003002817,Iglesias,Nayvis,Doral,FL,12,Family Practice,NPPES-Specialty,Xarelto,Rivaroxaban,194,194,5731,100343.38,24,#,,,,,#,
1003002817,Iglesias,Nayvis,Doral,FL,12,Family Practice,NPPES-Specialty,Zenpep,Lipase/Protease/Amylase,12,12,360,6643.56,,,12,12,6643.56,360,*,
1003002817,Iglesias,Nayvis,Doral,FL,12,Family Practice,NPPES-Specialty,Zolpidem Tartrate,Zolpidem Tartrate,17,17,510,28.27,,*,,,,,*,
1003002858,Gibson,Amy,Plainfield,NJ,34,Nurse Practitioner,NPPES-Specialty,Amlodipine Besylate,Amlodipine Besylate,12,34,997,136.07,,#,,,,,*,
1003002858,Gibson,Amy,Plainfield,NJ,34,Nurse Practitioner,NPPES-Specialty,Atorvastatin Calcium,Atorvastatin Calcium,15,45,1350,311.56,,,15,45,311.56,1350,*,
1003002858,Gibson,Amy,Plainfield,NJ,34,Nurse Practitioner,NPPES-Specialty,Metoprolol Succinate,Metoprolol Succinate,16,48,1440,267.78,,,16,48,267.78,1440,*,
1003002858,Gibson,Amy,Plainfield,NJ,34,Nurse Practitioner,NPPES-Specialty,Warfarin Sodium,Warfarin Sodium,14,42,1260,465.51,,,14,42,465.51,1260,*,
1003002890,Hamman,Daniel,Brighton,CO,08,Orthopedic Surgery,Claim-Specialty,Amoxicillin,Amoxicillin,47,47,81,53.84,27,#,,,,,#,
1003002890,Hamman,Daniel,Brighton,CO,08,Orthopedic Surgery,Claim-Specialty,Celecoxib,Celecoxib,16,16,480,176.62,,,16,16,176.62,480,*,
1003002890,Hamman,Daniel,Brighton,CO,08,Orthopedic Surgery,Claim-Specialty,Cyclobenzaprine Hcl,Cyclobenzaprine Hcl,11,11,107,46.07,,*,,,,,*,
1003002890,Hamman,Daniel,Brighton,CO,08,Orthopedic Surgery,Claim-Specialty,Diclofenac Sodium,Diclofenac Sodium,28,32.7,509,422.07,12,#,,,,,*,
1003002890,Hamman,Daniel,Brighton,CO,08,Orthopedic Surgery,Claim-Specialty,Oxycodone Hcl,Oxycodone Hcl,11,11,62,67.54,11,*,,,,,*,
1003003054,Wyble,John,Monroeville,PA,42,Dentist,NPPES-Specialty,Amoxicillin,Amoxicillin,55,55,402,232.14,36,,39,39,148.33,276,,24
1003003062,Walizada,Fatima,Boise,ID,16,Pharmacist,NPPES-Taxonomy,Arexvy,Rsvpref3 Antigen/As01e/Pf,27,27,27,8668.43,27,#,,,,,#,
1003003062,Walizada,Fatima,Boise,ID,16,Pharmacist,NPPES-Taxonomy,Boostrix Tdap,"Diphth,pertuss(Acell),tet Vac",15,15,15,1032.83,15,#,,,,,#,
1003003062,Walizada,Fatima,Boise,ID,16,Pharmacist,NPPES-Taxonomy,Shingrix,Varicella-Zoster Ge/As01b/Pf,39,39,39,8446.92,33,#,,,,,#,
1003003070,Gill,Anita,Summit,NJ,34,Neurology,Claim-Specialty,Sumatriptan Succinate,Sumatriptan Succinate,13,17,510,246.07,,*,,,,,*,
1003003153,Morrison,Laura,Seattle,WA,53,Dermatology,Claim-Specialty,Clindamycin Phosphate,Clindamycin Phosphate,16,16,345,500.46,,,16,16,500.46,345,*,
1003003153,Morrison,Laura,Seattle,WA,53,Dermatology,Claim-Specialty,Clobetasol Propionate,Clobetasol Propionate,45,45,1295,2547.9,33,,45,45,2547.9,1295,,33
1003003153,Morrison,Laura,Seattle,WA,53,Dermatology,Claim-Specialty,Dupixent Pen,Dupilumab,12,12,336,42953.6,,,12,12,42953.6,336,*,
1003003153,Morrison,Laura,Seattle,WA,53,Dermatology,Claim-Specialty,Fluorouracil,Fluorouracil,57,61,1728,5607.46,52,,57,61,5607.46,1728,,52
1003003153,Morrison,Laura,Seattle,WA,53,Dermatology,Claim-Specialty,Gabapentin,Gabapentin,21,27,794,240.71,,,21,27,240.71,794,*,
1003003153,Morrison,Laura,Seattle,WA,53,Dermatology,Claim-Specialty,Ketoconazole,Ketoconazole,88,100,2903,1606.51,39,#,,,,,#,
1003003153,Morrison,Laura,Seattle,WA,53,Dermatology,Claim-Specialty,Mupirocin,Mupirocin,20,20,313,228.99,16,#,,,,,#,
1003003153,Morrison,Laura,Seattle,WA,53,Dermatology,Claim-Specialty,Triamcinolone Acetonide,Triamcinolone Acetonide,64,70.7,1841,532.4,46,#,,,,,#,
1003003336,Nagy,Attila,Bucyrus,OH,39,Dentist,NPPES-Specialty,Penicillin V Potassium,Penicillin V Potassium,14,14,140,57.68,13,#,,,,,#,
1003003609,Pakkivenkata,Uma,Dallas,TX,48,Nephrology,Claim-Specialty,Allopurinol,Allopurinol,89,254.6,7640,1345.97,33,#,,,,,#,
1003003609,Pakkivenkata,Uma,Dallas,TX,48,Nephrology,Claim-Specialty,Amlodipine Besylate,Amlodipine Besylate,61,159.7,4790,442.77,23,#,,,,,#,
1003003609,Pakkivenkata,Uma,Dallas,TX,48,Nephrology,Claim-Specialty,Auryxia,Ferric Citrate,36,36,1080,57564.26,,,19,19,38930.86,570,*,
1003003609,Pakkivenkata,Uma,Dallas,TX,48,Nephrology,Claim-Specialty,Calcitriol,Calcitriol,25,74.5,2236,1097.77,,#,,,,,*,
1003003609,Pakkivenkata,Uma,Dallas,TX,48,Nephrology,Claim-Specialty,Calcium Acetate,Calcium Acetate,27,41,1230,2877.06,,,13,21,1287.68,630,*,
1003003609,Pakkivenkata,Uma,Dallas,TX,48,Nephrology,Claim-Specialty,Carvedilol,Carvedilol,52,122,3642,543.28,19,,34,79,395.16,2370,#,
1003003609,Pakkivenkata,Uma,Dallas,TX,48,Nephrology,Claim-Specialty,Clonidine Hcl,Clonidine Hcl,13,33,990,239.97,,*,,,,,*,
1003003609,Pakkivenkata,Uma,Dallas,TX,48,Nephrology,Claim-Specialty,Farxiga,Dapagliflozin Propanediol,58,111,3330,67063.91,20,#,,,,,#,
1003003609,Pakkivenkata,Uma,Dallas,TX,48,Nephrology,Claim-Specialty,Furosemide,Furosemide,97,272,8161,843.14,43,,86,243,805.17,7291,#,
1003003609,Pakkivenkata,Uma,Dallas,TX,48,Nephrology,Claim-Specialty,Hydralazine Hcl,Hydralazine Hcl,76,188,5600,2323.19,28,#,,,,,#,
1003003609,Pakkivenkata,Uma,Dallas,TX,48,Nephrology,Claim-Specialty,Hydrochlorothiazide,Hydrochlorothiazide,28,82.3,2470,176.76,11,,28,82.3,176.76,2470,,11
1003003609,Pakkivenkata,Uma,Dallas,TX,48,Nephrology,Claim-Specialty,Lisinopril,Lisinopril,48,126.3,3790,292.1,21,,35,93.3,254.84,2800,#,
1003003609,Pakkivenkata,Uma,Dallas,TX,48,Nephrology,Claim-Specialty,Losartan Potassium,Losartan Potassium,28,74,2220,598.86,11,#,,,,,*,
1003003609,Pakkivenkata,Uma,Dallas,TX,48,Nephrology,Claim-Specialty,Metoprolol Succinate,Metoprolol Succinate,20,50,1500,295.44,,#,,,,,*,
1003003609,Pakkivenkata,Uma,Dallas,TX,48,Nephrology,Claim-Specialty,Nifedipine Er,Nifedipine,18,38,1140,366.43,,*,,,,,*,
1003003609,Pakkivenkata,Uma,Dallas,TX,48,Nephrology,Claim-Specialty,Potassium Chloride,Potassium Chloride,18,44.7,1340,304.79,,#,,,,,*,
1003003609,Pakkivenkata,Uma,Dallas,TX,48,Nephrology,Claim-Specialty,Sevelamer Carbonate,Sevelamer Carbonate,78,96,2880,12720.89,21,,39,57,6313.21,1710,#,
1003003609,Pakkivenkata,Uma,Dallas,TX,48,Nephrology,Claim-Specialty,Spironolactone,Spironolactone,12,36.3,1090,270.4,,,12,36.3,270.4,1090,*,
1003003609,Pakkivenkata,Uma,Dallas,TX,48,Nephrology,Claim-Specialty,Tamsulosin Hcl,Tamsulosin Hcl,12,37,1110,186.8,,*,,,,,*,
1003003609,Pakkivenkata,Uma,Dallas,TX,48,Nephrology,Claim-Specialty,Torsemide,Torsemide,15,33,990,684.95,,*,,,,,*,
1003003609,Pakkivenkata,Uma,Dallas,TX,48,Nephrology,Claim-Specialty,Velphoro,Sucroferric Oxyhydroxide,18,20,600,63597.75,,*,,,,,*,
1003003609,Pakkivenkata,Uma,Dallas,TX,48,Nephrology,Claim-Specialty,Vitamin D2,Ergocalciferol (Vitamin D2),22,63,1890,180.9,,,22,63,180.9,1890,*,
1003003633,Slaughter,Lisa,Somersworth,NH,33,Dentist,NPPES-Specialty,Amoxicillin,Amoxicillin,16,16,86,42.83,14,#,,,,,#,
1003003641,Partnoff,Ryan,Pasadena,CA,06,Dentist,NPPES-Specialty,Amoxicillin,Amoxicillin,24,24,164,92.11,20,,24,24,92.11,164,,20
1003003781,Choti,Supak,Burney,CA,06,Dentist,NPPES-Specialty,Amoxicillin,Amoxicillin,52,52,325,190.59,45,#,,,,,#,
1003003856,Santiago,Cynthia,Port Jefferson Station,NY,36,Family Practice,Claim-Specialty,Albuterol Sulfate Hfa,Albuterol Sulfate,13,13.3,296,295.48,,#,,,,,*,
1003003856,Santiago,Cynthia,Port Jefferson Station,NY,36,Family Practice,Claim-Specialty,Allopurinol,Allopurinol,40,119,3570,339.89,11,,40,119,339.89,3570,,11
1003003856,Santiago,Cynthia,Port Jefferson Station,NY,36,Family Practice,Claim-Specialty,Alprazolam,Alprazolam,50,50,1332,118.16,17,,50,50,118.16,1332,,17
1003003856,Santiago,Cynthia,Port Jefferson Station,NY,36,Family Practice,Claim-Specialty,Amlodipine Besylate,Amlodipine Besylate,168,491,14730,1117.41,51,,168,491,1117.41,14730,,51
1003003856,Santiago,Cynthia,Port Jefferson Station,NY,36,Family Practice,Claim-Specialty,Amoxicillin-Clavulanate Potass,Amoxicillin/Potassium Clav,52,52,475,411.35,40,#,,,,,#,
1003003856,Santiago,Cynthia,Port Jefferson Station,NY,36,Family Practice,Claim-Specialty,Atenolol,Atenolol,30,90,2700,117.42,,,30,90,117.42,2700,*,
1003003856,Santiago,Cynthia,Port Jefferson Station,NY,36,Family Practice,Claim-Specialty,Atorvastatin Calcium,Atorvastatin Calcium,427,1247,37410,4676.74,119,,379,1129,4140.07,33870,,108
1003003856,Santiago,Cynthia,Port Jefferson Station,NY,36,Family Practice,Claim-Specialty,Azelastine Hcl,Azelastine Hcl,11,18.3,550,262.23,,,11,18.3,262.23,550,*,
1003003856,Santiago,Cynthia,Port Jefferson Station,NY,36,Family Practice,Claim-Specialty,Azithromycin,Azithromycin,29,29,142,188.09,25,#,,,,,#,
1003003856,Santiago,Cynthia,Port Jefferson Station,NY,36,Family Practice,Claim-Specialty,Bupropion Hcl Sr,Bupropion Hcl,14,42,1260,447.13,,,14,42,447.13,1260,*,
1003003856,Santiago,Cynthia,Port Jefferson Station,NY,36,Family Practice,Claim-Specialty,Carvedilol,Carvedilol,12,36,1080,104.84,,,12,36,104.84,1080,*,
1003003856,Santiago,Cynthia,Port Jefferson Station,NY,36,Family Practice,Claim-Specialty,Cefdinir,Cefdinir,13,13,112,295.68,12,#,,,,,#,
1003003856,Santiago,Cynthia,Port Jefferson Station,NY,36,Family Practice,Claim-Specialty,Ciprofloxacin Hcl,Ciprofloxacin Hcl,22,22,154,122.99,17,#,,,,,#,
1003003856,Santiago,Cynthia,Port Jefferson Station,NY,36,Family Practice,Claim-Specialty,Citalopram Hbr,Citalopram Hydrobromide,11,33,990,71.6,,,11,33,71.6,990,*,
1003003856,Santiago,Cynthia,Port Jefferson Station,NY,36,Family Practice,Claim-Specialty,Clopidogrel,Clopidogrel Bisulfate,18,54,1620,331.33,,,18,54,331.33,1620,*,
1003003856,Santiago,Cynthia,Port Jefferson Station,NY,36,Family Practice,Claim-Specialty,Diltiazem 24hr Er (Cd),Diltiazem Hcl,19,57,1710,1243.81,,,19,57,1243.81,1710,*,
1003003856,Santiago,Cynthia,Port Jefferson Station,NY,36,Family Practice,Claim-Specialty,Doxycycline Monohydrate,Doxycycline Monohydrate,11,11,122,142.53,,*,,,,,*,
1003003856,Santiago,Cynthia,Port Jefferson Station,NY,36,Family Practice,Claim-Specialty,Enalapril Maleate,Enalapril Maleate,20,58,1735,568.41,,,20,58,568.41,1735,*,
1003003856,Santiago,Cynthia,Port Jefferson Station,NY,36,Family Practice,Claim-Specialty,Escitalopram Oxalate,Escitalopram Oxalate,78,218,6540,1343.53,21,,78,218,1343.53,6540,,21
1003003856,Santiago,Cynthia,Port Jefferson Station,NY,36,Family Practice,Claim-Specialty,Esomeprazole Magnesium,Esomeprazole Magnesium,13,39,1170,568.5,,,13,39,568.5,1170,*,
1003003856,Santiago,Cynthia,Port Jefferson Station,NY,36,Family Practice,Claim-Specialty,Ezetimibe,Ezetimibe,37,111,3330,961.49,14,,37,111,961.49,3330,,14
1003003856,Santiago,Cynthia,Port Jefferson Station,NY,36,Family Practice,Claim-Specialty,Famotidine,Famotidine,24,72,2160,167.55,,#,,,,,*,
1003003856,Santiago,Cynthia,Port Jefferson Station,NY,36,Family Practice,Claim-Specialty,Fenofibrate,Fenofibrate,12,36,1080,394.33,,*,,,,,*,
1003003856,Santiago,Cynthia,Port Jefferson Station,NY,36,Family Practice,Claim-Specialty,Fenofibrate,Fenofibrate Nanocrystallized,13,39,1170,194.67,,*,,,,,*,
1003003856,Santiago,Cynthia,Port Jefferson Station,NY,36,Family Practice,Claim-Specialty,Fenofibrate,"Fenofibrate,micronized",29,75,2250,1622.33,,#,,,,,*,
1003003856,Santiago,Cynthia,Port Jefferson Station,NY,36,Family Practice,Claim-Specialty,Fenofibric Acid,Fenofibric Acid (Choline),13,39,1170,717.98,,,13,39,717.98,1170,*,
1003003856,Santiago,Cynthia,Port Jefferson Station,NY,36,Family Practice,Claim-Specialty,Fluticasone Propionate,Fluticasone Propionate,33,62,1828,530.26,18,#,,,,,#,
1003003856,Santiago,Cynthia,Port Jefferson Station,NY,36,Family Practice,Claim-Specialty,Furosemide,Furosemide,30,79.8,2346,150.85,14,#,,,,,#,
1003003856,Santiago,Cynthia,Port Jefferson Station,NY,36,Family Practice,Claim-Specialty,Gabapentin,Gabapentin,15,39,1170,179.5,,#,,,,,*,
1003003856,Santiago,Cynthia,Port Jefferson Station,NY,36,Family Practice,Claim-Specialty,Glipizide Er,Glipizide,42,126,3780,755.66,12,,42,126,755.66,3780,,12
1003003856,Santiago,Cynthia,Port Jefferson Station,NY,36,Family Practice,Claim-Specialty,Hydralazine Hcl,Hydralazine Hcl,13,39,1170,215.5,,,13,39,215.5,1170,*,
1003003856,Santiago,Cynthia,Port Jefferson Station,NY,36,Family Practice,Claim-Specialty,Hydrochlorothiazide,Hydrochlorothiazide,84,252,7560,276.77,28,#,,,,,#,
1003003856,Santiago,Cynthia,Port Jefferson Station,NY,36,Family Practice,Claim-Specialty,Irbesartan,Irbesartan,16,48,1440,816.06,,,16,48,816.06,1440,*,
1003003856,Santiago,Cynthia,Port Jefferson Station,NY,36,Family Practice,Claim-Specialty,Januvia,Sitagliptin Phosphate,15,45,1350,23870.43,,,15,45,23870.43,1350,*,
1003003856,Santiago,Cynthia,Port Jefferson Station,NY,36,Family Practice,Claim-Specialty,Levocetirizine Dihydrochloride,Levocetirizine Dihydrochloride,35,92.8,2735,563.49,13,#,,,,,#,
1003003856,Santiago,Cynthia,Port Jefferson Station,NY,36,Family Practice,Claim-Specialty,Levothyroxine Sodium,Levothyroxine Sodium,153,446,13379,2682.82,44,,140,417,2378.59,12509,#,
1003003856,Santiago,Cynthia,Port Jefferson Station,NY,36,Family Practice,Claim-Specialty,Lisinopril,Lisinopril,90,240,7180,705.26,23,,79,223,651.02,6670,#,
1003003856,Santiago,Cynthia,Port Jefferson Station,NY,36,Family Practice,Claim-Specialty,Losartan Potassium,Losartan Potassium,251,725,21727,2860.94,66,#,,,,,#,
1003003856,Santiago,Cynthia,Port Jefferson Station,NY,36,Family Practice,Claim-Specialty,Losartan-Hydrochlorothiazide,Losartan/Hydrochlorothiazide,15,45,1350,222.94,,,15,45,222.94,1350,*,
1003003856,Santiago,Cynthia,Port Jefferson Station,NY,36,Family Practice,Claim-Specialty,Meloxicam,Meloxicam,13,35,1050,104.01,,,13,35,104.01,1050,*,
1003003856,Santiago,Cynthia,Port Jefferson Station,NY,36,Family Practice,Claim-Specialty,Metformin Hcl,Metformin Hcl,34,102,3060,330.69,12,,34,102,330.69,3060,,12
1003003856,Santiago,Cynthia,Port Jefferson Station,NY,36,Family Practice,Claim-Specialty,Metformin Hcl Er,Metformin Hcl,69,207,6210,576.69,24,,69,207,576.69,6210,,24
1003003856,Santiago,Cynthia,Port Jefferson Station,NY,36,Family Practice,Claim-Specialty,Metoprolol Succinate,Metoprolol Succinate,138,386.8,11605,2905.67,36,,126,350.8,2645.37,10525,#,
1003003856,Santiago,Cynthia,Port Jefferson Station,NY,36,Family Practice,Claim-Specialty,Metoprolol Tartrate,Metoprolol Tartrate,40,120,3600,366.04,,,40,120,366.04,3600,*,
1003003856,Santiago,Cynthia,Port Jefferson Station,NY,36,Family Practice,Claim-Specialty,Montelukast Sodium,Montelukast Sodium,59,177,5310,732,18,#,,,,,#,
1003003856,Santiago,Cynthia,Port Jefferson Station,NY,36,Family Practice,Claim-Specialty,Nebivolol Hcl,Nebivolol Hcl,25,61,1830,1865.54,,,25,61,1865.54,1830,*,
1003003856,Santiago,Cynthia,Port Jefferson Station,NY,36,Family Practice,Claim-Specialty,Olmesartan Medoxomil,Olmesartan Medoxomil,21,63,1890,424.58,,,21,63,424.58,1890,*,
1003003856,Santiago,Cynthia,Port Jefferson Station,NY,36,Family Practice,Claim-Specialty,Omega-3 Acid Ethyl Esters,Omega-3 Acid Ethyl Esters,23,69,2070,2548.19,,,23,69,2548.19,2070,*,
1003003856,Santiago,Cynthia,Port Jefferson Station,NY,36,Family Practice,Claim-Specialty,Omeprazole,Omeprazole,65,193,5790,643.91,22,#,,,,,#,
1003003856,Santiago,Cynthia,Port Jefferson Station,NY,36,Family Practice,Claim-Specialty,Pantoprazole Sodium,Pantoprazole Sodium,44,116,3455,632.64,15,#,,,,,#,
1003003856,Santiago,Cynthia,Port Jefferson Station,NY,36,Family Practice,Claim-Specialty,Paroxetine Hcl,Paroxetine Hcl,28,82,2460,283.1,,,28,82,283.1,2460,*,
1003003856,Santiago,Cynthia,Port Jefferson Station,NY,36,Family Practice,Claim-Specialty,Potassium Chloride,Potassium Chloride,25,73,2190,467.06,,,25,73,467.06,2190,*,
1003003856,Santiago,Cynthia,Port Jefferson Station,NY,36,Family Practice,Claim-Specialty,Pravastatin Sodium,Pravastatin Sodium,67,198.5,5955,619.88,20,,67,198.5,619.88,5955,,20
1003003856,Santiago,Cynthia,Port Jefferson Station,NY,36,Family Practice,Claim-Specialty,Rosuvastatin Calcium,Rosuvastatin Calcium,71,211,6314,992.3,25,,71,211,992.3,6314,,25
1003003856,Santiago,Cynthia,Port Jefferson Station,NY,36,Family Practice,Claim-Specialty,Sertraline Hcl,Sertraline Hcl,30,88,2640,206.23,,,30,88,206.23,2640,*,
1003003856,Santiago,Cynthia,Port Jefferson Station,NY,36,Family Practice,Claim-Specialty,Simvastatin,Simvastatin,120,360,10800,979.89,34,,120,360,979.89,10800,,34
1003003856,Santiago,Cynthia,Port Jefferson Station,NY,36,Family Practice,Claim-Specialty,Synthroid,Levothyroxine Sodium,22,66,1980,1629.39,,,22,66,1629.39,1980,*,
1003003856,Santiago,Cynthia,Port Jefferson Station,NY,36,Family Practice,Claim-Specialty,Torsemide,Torsemide,13,37,1094,224.53,,#,,,,,*,
1003003856,Santiago,Cynthia,Port Jefferson Station,NY,36,Family Practice,Claim-Specialty,Tramadol Hcl,Tramadol Hcl,19,19,570,143.66,,,19,19,143.66,570,*,
1003003856,Santiago,Cynthia,Port Jefferson Station,NY,36,Family Practice,Claim-Specialty,Trazodone Hcl,Trazodone Hcl,12,24,720,74.58,,,12,24,74.58,720,*,
1003003856,Santiago,Cynthia,Port Jefferson Station,NY,36,Family Practice,Claim-Specialty,Valsartan,Valsartan,27,79,2370,955.31,,,27,79,955.31,2370,*,
1003003856,Santiago,Cynthia,Port Jefferson Station,NY,36,Family Practice,Claim-Specialty,Venlafaxine Hcl Er,Venlafaxine Hcl,13,35,1050,240.18,,,13,35,240.18,1050,*,
1003003856,Santiago,Cynthia,Port Jefferson Station,NY,36,Family Practice,Claim-Specialty,Warfarin Sodium,Warfarin Sodium,20,53.2,1596,391.79,,,20,53.2,391.79,1596,*,
1003003856,Santiago,Cynthia,Port Jefferson Station,NY,36,Family Practice,Claim-Specialty,Zolpidem Tartrate,Zolpidem Tartrate,105,105,3150,632.04,20,,105,105,632.04,3150,,20
1003003955,Mccarthy,Michelle,Buffalo,NY,36,Physician Assistant,NPPES-Specialty,Cephalexin,Cephalexin,14,14,98,89.36,14,#,,,,,#,
1003003955,Mccarthy,Michelle,Buffalo,NY,36,Physician Assistant,NPPES-Specialty,Hydrocodone-Acetaminophen,Hydrocodone/Acetaminophen,14,14,23,25.63,14,#,,,,,#,
1003003963,Farahani,Cyrus,Smithville,TX,48,Emergency Medicine,Claim-Specialty,Cephalexin,Cephalexin,14,14,101,74.07,14,#,,,,,#,
1003004201,Philbrick,Natalie,Corpus Christi,TX,48,Internal Medicine,Claim-Specialty,Acetaminophen-Codeine,Acetaminophen With Codeine,52,52,1352,1807.56,11,#,,,,,*,
1003004201,Philbrick,Natalie,Corpus Christi,TX,48,Internal Medicine,Claim-Specialty,Albuterol Sulfate Hfa,Albuterol Sulfate,84,110.2,2640,2729.59,32,,57,69.5,1940.21,1574,#,
1003004201,Philbrick,Natalie,Corpus Christi,TX,48,Internal Medicine,Claim-Specialty,Alendronate Sodium,Alendronate Sodium,128,273.5,8112,6990.25,32,#,,,,,#,
1003004201,Philbrick,Natalie,Corpus Christi,TX,48,Internal Medicine,Claim-Specialty,Alfuzosin Hcl Er,Alfuzosin Hcl,22,64,1920,812.71,,#,,,,,*,
1003004201,Philbrick,Natalie,Corpus Christi,TX,48,Internal Medicine,Claim-Specialty,Allopurinol,Allopurinol,36,108,3240,761.88,15,#,,,,,#,
1003004201,Philbrick,Natalie,Corpus Christi,TX,48,Internal Medicine,Claim-Specialty,Alprazolam,Alprazolam,35,36,1035,149.26,12,#,,,,,#,
1003004201,Philbrick,Natalie,Corpus Christi,TX,48,Internal Medicine,Claim-Specialty,Amitriptyline Hcl,Amitriptyline Hcl,21,51,1530,363.77,,#,,,,,*,
1003004201,Philbrick,Natalie,Corpus Christi,TX,48,Internal Medicine,Claim-Specialty,Amlodipine Besylate,Amlodipine Besylate,208,585.7,17548,1052.76,67,,186,519.7,973.76,15568,#,
1003004201,Philbrick,Natalie,Corpus Christi,TX,48,Internal Medicine,Claim-Specialty,Amlodipine Besylate-Benazepril,Amlodipine Besylate/Benazepril,16,45.8,1350,407.53,,#,,,,,*,
1003004201,Philbrick,Natalie,Corpus Christi,TX,48,Internal Medicine,Claim-Specialty,Amoxicillin-Clavulanate Potass,Amoxicillin/Potassium Clav,19,19,115,144.79,19,#,,,,,#,
1003004201,Philbrick,Natalie,Corpus Christi,TX,48,Internal Medicine,Claim-Specialty,Atenolol,Atenolol,31,77,2310,260.67,,#,,,,,*,
1003004201,Philbrick,Natalie,Corpus Christi,TX,48,Internal Medicine,Claim-Specialty,Atorvastatin Calcium,Atorvastatin Calcium,291,862.6,25876,3418.4,85,,234,692.6,2839.71,20776,,70
1003004201,Philbrick,Natalie,Corpus Christi,TX,48,Internal Medicine,Claim-Specialty,Azelastine Hcl,Azelastine Hcl,28,44.1,1320,956.03,17,#,,,,,#,
1003004201,Philbrick,Natalie,Corpus Christi,TX,48,Internal Medicine,Claim-Specialty,Azithromycin,Azithromycin,17,17,73,83.67,17,#,,,,,#,
1003004201,Philbrick,Natalie,Corpus Christi,TX,48,Internal Medicine,Claim-Specialty,Baclofen,Baclofen,11,33,990,196.9,,,11,33,196.9,990,*,
1003004201,Philbrick,Natalie,Corpus Christi,TX,48,Internal Medicine,Claim-Specialty,Bupropion Hcl Sr,Bupropion Hcl,19,47.9,1406,661.85,,#,,,,,*,
1003004201,Philbrick,Natalie,Corpus Christi,TX,48,Internal Medicine,Claim-Specialty,Bupropion Xl,Bupropion Hcl,11,21,630,174.47,,*,,,,,*,
1003004201,Philbrick,Natalie,Corpus Christi,TX,48,Internal Medicine,Claim-Specialty,Candesartan Cilexetil,Candesartan Cilexetil,13,37,1110,2566.68,,,13,37,2566.68,1110,*,
1003004201,Philbrick,Natalie,Corpus Christi,TX,48,Internal Medicine,Claim-Specialty,Carvedilol,Carvedilol,90,202.2,6036,1040.64,26,#,,,,,#,
1003004201,Philbrick,Natalie,Corpus Christi,TX,48,Internal Medicine,Claim-Specialty,Celecoxib,Celecoxib,46,83.7,2510,1196.02,16,,46,83.7,1196.02,2510,,16
1003004201,Philbrick,Natalie,Corpus Christi,TX,48,Internal Medicine,Claim-Specialty,Chlorthalidone,Chlorthalidone,24,68,2024,595.19,,,24,68,595.19,2024,*,
1003004201,Philbrick,Natalie,Corpus Christi,TX,48,Internal Medicine,Claim-Specialty,Ciprofloxacin Hcl,Ciprofloxacin Hcl,23,23.4,253,193.28,18,#,,,,,#,
1003004201,Philbrick,Natalie,Corpus Christi,TX,48,Internal Medicine,Claim-Specialty,Citalopram Hbr,Citalopram Hydrobromide,15,41,1230,148.02,,#,,,,,*,
1003004201,Philbrick,Natalie,Corpus Christi,TX,48,Internal Medicine,Claim-Specialty,Clonazepam,Clonazepam,47,54.3,1630,205.73,12,,32,38,168.98,1140,*,
1003004201,Philbrick,Natalie,Corpus Christi,TX,48,Internal Medicine,Claim-Specialty,Clonidine Hcl,Clonidine Hcl,17,50,1500,115.02,,#,,,,,*,
1003004201,Philbrick,Natalie,Corpus Christi,TX,48,Internal Medicine,Claim-Specialty,Clopidogrel,Clopidogrel Bisulfate,60,128,3840,565.07,17,,40,84,363.47,2520,#,
1003004201,Philbrick,Natalie,Corpus Christi,TX,48,Internal Medicine,Claim-Specialty,Cyclobenzaprine Hcl,Cyclobenzaprine Hcl,40,60.3,1539,383.1,24,#,,,,,#,
1003004201,Philbrick,Natalie,Corpus Christi,TX,48,Internal Medicine,Claim-Specialty,Desmopressin Acetate,Desmopressin Acetate,13,13,390,1824.65,,,0,0,0,0,#,
1003004201,Philbrick,Natalie,Corpus Christi,TX,48,Internal Medicine,Claim-Specialty,Diclofenac Sodium,Diclofenac Sodium,17,20,485,464.29,,*,,,,,*,
1003004201,Philbrick,Natalie,Corpus Christi,TX,48,Internal Medicine,Claim-Specialty,Digoxin,Digoxin,15,43,1290,517.16,,,15,43,517.16,1290,*,
1003004201,Philbrick,Natalie,Corpus Christi,TX,48,Internal Medicine,Claim-Specialty,Donepezil Hcl,Donepezil Hcl,13,39,1170,118.02,,,13,39,118.02,1170,*,
1003004201,Philbrick,Natalie,Corpus Christi,TX,48,Internal Medicine,Claim-Specialty,Doxepin Hcl,Doxepin Hcl,27,47,1410,1464.67,,,16,36,1330.88,1080,*,
1003004201,Philbrick,Natalie,Corpus Christi,TX,48,Internal Medicine,Claim-Specialty,Doxycycline Monohydrate,Doxycycline Monohydrate,17,17,135,352.37,16,#,,,,,#,
1003004201,Philbrick,Natalie,Corpus Christi,TX,48,Internal Medicine,Claim-Specialty,Duloxetine Hcl,Duloxetine Hcl,45,110.4,3312,1733.6,12,#,,,,,*,
1003004201,Philbrick,Natalie,Corpus Christi,TX,48,Internal Medicine,Claim-Specialty,Eliquis,Apixaban,38,56,1680,33485.32,,#,,,,,*,
1003004201,Philbrick,Natalie,Corpus Christi,TX,48,Internal Medicine,Claim-Specialty,Escitalopram Oxalate,Escitalopram Oxalate,69,181,5430,872.52,22,#,,,,,#,
1003004201,Philbrick,Natalie,Corpus Christi,TX,48,Internal Medicine,Claim-Specialty,Esomeprazole Magnesium,Esomeprazole Magnesium,42,94,2773,1614.23,11,#,,,,,*,
1003004201,Philbrick,Natalie,Corpus Christi,TX,48,Internal Medicine,Claim-Specialty,Estradiol,Estradiol,43,92.4,2758,3030.49,11,#,,,,,*,
1003004201,Philbrick,Natalie,Corpus Christi,TX,48,Internal Medicine,Claim-Specialty,Ezetimibe,Ezetimibe,15,45,1350,591.68,,,15,45,591.68,1350,*,
1003004201,Philbrick,Natalie,Corpus Christi,TX,48,Internal Medicine,Claim-Specialty,Famotidine,Famotidine,34,72,2160,412.07,,#,,,,,*,
1003004201,Philbrick,Natalie,Corpus Christi,TX,48,Internal Medicine,Claim-Specialty,Farxiga,Dapagliflozin Propanediol,45,70.3,2110,39583.61,,#,,,,,*,
1003004201,Philbrick,Natalie,Corpus Christi,TX,48,Internal Medicine,Claim-Specialty,Fenofibrate,Fenofibrate,16,48,1440,826.15,,#,,,,,*,
1003004201,Philbrick,Natalie,Corpus Christi,TX,48,Internal Medicine,Claim-Specialty,Fenofibrate,Fenofibrate Nanocrystallized,13,13,390,709.58,,,0,0,0,0,#,
1003004201,Philbrick,Natalie,Corpus Christi,TX,48,Internal Medicine,Claim-Specialty,Finasteride,Finasteride,36,66,1980,170.82,,#,,,,,*,
1003004201,Philbrick,Natalie,Corpus Christi,TX,48,Internal Medicine,Claim-Specialty,Fluoxetine Hcl,Fluoxetine Hcl,34,67,2010,294.03,,,20,36,128.98,1080,*,
1003004201,Philbrick,Natalie,Corpus Christi,TX,48,Internal Medicine,Claim-Specialty,Fluticasone Propionate,Fluticasone Propionate,82,140,4200,955.05,29,,63,116,520.39,3480,#,
1003004201,Philbrick,Natalie,Corpus Christi,TX,48,Internal Medicine,Claim-Specialty,Furosemide,Furosemide,95,254.3,7630,667.25,40,#,,,,,#,
1003004201,Philbrick,Natalie,Corpus Christi,TX,48,Internal Medicine,Claim-Specialty,Gabapentin,Gabapentin,143,317,9510,3424.87,41,,106,226,2465.7,6780,,30
1003004201,Philbrick,Natalie,Corpus Christi,TX,48,Internal Medicine,Claim-Specialty,Glimepiride,Glimepiride,11,31,911,72.72,,,11,31,72.72,911,*,
1003004201,Philbrick,Natalie,Corpus Christi,TX,48,Internal Medicine,Claim-Specialty,Glipizide,Glipizide,12,35,1050,69.59,,,12,35,69.59,1050,*,
1003004201,Philbrick,Natalie,Corpus Christi,TX,48,Internal Medicine,Claim-Specialty,Hydrochlorothiazide,Hydrochlorothiazide,88,198.7,5943,308.78,21,,76,164,245.72,4903,#,
1003004201,Philbrick,Natalie,Corpus Christi,TX,48,Internal Medicine,Claim-Specialty,Hydrocodone-Acetaminophen,Hydrocodone/Acetaminophen,75,75,1902,1984.27,24,,51,51,1443.05,1317,#,
1003004201,Philbrick,Natalie,Corpus Christi,TX,48,Internal Medicine,Claim-Specialty,Ibuprofen,Ibuprofen,23,23,645,239.22,,*,,,,,*,
1003004201,Philbrick,Natalie,Corpus Christi,TX,48,Internal Medicine,Claim-Specialty,Irbesartan,Irbesartan,33,81,2409,601.43,,,33,81,601.43,2409,*,
1003004201,Philbrick,Natalie,Corpus Christi,TX,48,Internal Medicine,Claim-Specialty,Janumet,Sitagliptin Phos/Metformin Hcl,11,34.3,1030,15945.71,,*,,,,,*,
1003004201,Philbrick,Natalie,Corpus Christi,TX,48,Internal Medicine,Claim-Specialty,Janumet Xr,Sitagliptin Phos/Metformin Hcl,16,26,780,14576.22,,,16,26,14576.22,780,*,
1003004201,Philbrick,Natalie,Corpus Christi,TX,48,Internal Medicine,Claim-Specialty,Januvia,Sitagliptin Phosphate,47,102.7,3080,57151.67,,,33,61,32794.59,1830,*,
1003004201,Philbrick,Natalie,Corpus Christi,TX,48,Internal Medicine,Claim-Specialty,Jardiance,Empagliflozin,36,48,1440,30810.62,,,16,28,17814.66,840,*,
1003004201,Philbrick,Natalie,Corpus Christi,TX,48,Internal Medicine,Claim-Specialty,Lantus Solostar,"Insulin Glargine,hum.Rec.Anlog",30,42.6,1200,14025.7,,*,,,,,*,
1003004201,Philbrick,Natalie,Corpus Christi,TX,48,Internal Medicine,Claim-Specialty,Levemir Flexpen,Insulin Detemir,18,40.7,1216,14820.64,,#,,,,,*,
1003004201,Philbrick,Natalie,Corpus Christi,TX,48,Internal Medicine,Claim-Specialty,Levothyroxine Sodium,Levothyroxine Sodium,329,878.8,26336,5172.2,87,,296,792.8,4565.09,23768,#,
1003004201,Philbrick,Natalie,Corpus Christi,TX,48,Internal Medicine,Claim-Specialty,Lisinopril,Lisinopril,191,567.6,17030,1067.95,57,,168,498.6,935.82,14960,#,
1003004201,Philbrick,Natalie,Corpus Christi,TX,48,Internal Medicine,Claim-Specialty,Lisinopril-Hydrochlorothiazide,Lisinopril/Hydrochlorothiazide,31,86.3,2556,358.53,,#,,,,,*,
1003004201,Philbrick,Natalie,Corpus Christi,TX,48,Internal Medicine,Claim-Specialty,Lorazepam,Lorazepam,17,17,467,68.44,,#,,,,,*,
1003004201,Philbrick,Natalie,Corpus Christi,TX,48,Internal Medicine,Claim-Specialty,Losartan Potassium,Losartan Potassium,198,489,14661,2739.62,54,#,,,,,#,
1003004201,Philbrick,Natalie,Corpus Christi,TX,48,Internal Medicine,Claim-Specialty,Losartan-Hydrochlorothiazide,Losartan/Hydrochlorothiazide,77,218.3,6550,1248.85,23,#,,,,,#,
1003004201,Philbrick,Natalie,Corpus Christi,TX,48,Internal Medicine,Claim-Specialty,Meloxicam,Meloxicam,295,662.6,19839,1681.33,87,,250,558,1493.45,16724,,72
1003004201,Philbrick,Natalie,Corpus Christi,TX,48,Internal Medicine,Claim-Specialty,Memantine Hcl Er,Memantine Hcl,11,17,510,685.59,,,11,17,685.59,510,*,
1003004201,Philbrick,Natalie,Corpus Christi,TX,48,Internal Medicine,Claim-Specialty,Metformin Hcl,Metformin Hcl,172,477.7,14331,1379.45,54,,134,385,998.73,11551,,43
1003004201,Philbrick,Natalie,Corpus Christi,TX,48,Internal Medicine,Claim-Specialty,Metformin Hcl Er,Metformin Hcl,36,94,2819,453.51,14,#,,,,,#,
1003004201,Philbrick,Natalie,Corpus Christi,TX,48,Internal Medicine,Claim-Specialty,Methocarbamol,Methocarbamol,16,18,520,110.37,,#,,,,,*,
1003004201,Philbrick,Natalie,Corpus Christi,TX,48,Internal Medicine,Claim-Specialty,Metoprolol Succinate,Metoprolol Succinate,65,192.3,5770,1332.13,20,#,,,,,#,
1003004201,Philbrick,Natalie,Corpus Christi,TX,48,Internal Medicine,Claim-Specialty,Metoprolol Tartrate,Metoprolol Tartrate,60,150.1,4492,305.37,21,#,,,,,#,
1003004201,Philbrick,Natalie,Corpus Christi,TX,48,Internal Medicine,Claim-Specialty,Mirtazapine,Mirtazapine,11,21.3,640,174.68,,,11,21.3,174.68,640,*,
1003004201,Philbrick,Natalie,Corpus Christi,TX,48,Internal Medicine,Claim-Specialty,Montelukast Sodium,Montelukast Sodium,49,101.6,3050,700.96,12,#,,,,,#,
1003004201,Philbrick,Natalie,Corpus Christi,TX,48,Internal Medicine,Claim-Specialty,Mounjaro,Tirzepatide,74,85,2424,93639.68,14,,35,37,39630.53,1048,*,
1003004201,Philbrick,Natalie,Corpus Christi,TX,48,Internal Medicine,Claim-Specialty,Myrbetriq,Mirabegron,20,35.2,1032,15494.5,,,20,35.2,15494.5,1032,*,
1003004201,Philbrick,Natalie,Corpus Christi,TX,48,Internal Medicine,Claim-Specialty,Nano 2nd Gen Pen Needle,"Pen Needle, Diabetic",19,27.7,755,990.52,,#,,,,,*,
1003004201,Philbrick,Natalie,Corpus Christi,TX,48,Internal Medicine,Claim-Specialty,Naproxen,Naproxen,40,48,1425,514.51,14,,26,26,264.27,765,*,
1003004201,Philbrick,Natalie,Corpus Christi,TX,48,Internal Medicine,Claim-Specialty,Nebivolol Hcl,Nebivolol Hcl,20,38,1140,1365.95,,*,,,,,*,
1003004201,Philbrick,Natalie,Corpus Christi,TX,48,Internal Medicine,Claim-Specialty,Nifedipine Er,Nifedipine,74,156,4680,2382.7,17,,59,113,1907.03,3390,#,
1003004201,Philbrick,Natalie,Corpus Christi,TX,48,Internal Medicine,Claim-Specialty,Nitrofurantoin Mono-Macro,Nitrofurantoin Monohyd/M-Cryst,15,15,77,158.85,,,15,15,158.85,77,*,
1003004201,Philbrick,Natalie,Corpus Christi,TX,48,Internal Medicine,Claim-Specialty,Nortriptyline Hcl,Nortriptyline Hcl,25,45,1322,272,,#,,,,,*,
1003004201,Philbrick,Natalie,Corpus Christi,TX,48,Internal Medicine,Claim-Specialty,Novolog Flexpen,Insulin Aspart,13,17.5,513,5721.03,,,13,17.5,5721.03,513,*,
1003004201,Philbrick,Natalie,Corpus Christi,TX,48,Internal Medicine,Claim-Specialty,Omeprazole,Omeprazole,86,237,6990,1770.84,25,,74,201,1519.9,5910,#,
1003004201,Philbrick,Natalie,Corpus Christi,TX,48,Internal Medicine,Claim-Specialty,Ondansetron Odt,Ondansetron,37,37,543,900.49,24,#,,,,,#,
1003004201,Philbrick,Natalie,Corpus Christi,TX,48,Internal Medicine,Claim-Specialty,Oxybutynin Chloride Er,Oxybutynin Chloride,31,45,1350,492.98,,,31,45,492.98,1350,*,
1003004201,Philbrick,Natalie,Corpus Christi,TX,48,Internal Medicine,Claim-Specialty,Ozempic,Semaglutide,107,130.3,3765,128932.39,20,,92,115.3,113821.36,3345,#,
1003004201,Philbrick,Natalie,Corpus Christi,TX,48,Internal Medicine,Claim-Specialty,Pantoprazole Sodium,Pantoprazole Sodium,298,644.3,19303,3607.45,96,,269,580.3,3316.29,17399,,85
1003004201,Philbrick,Natalie,Corpus Christi,TX,48,Internal Medicine,Claim-Specialty,Paroxetine Hcl,Paroxetine Hcl,14,42,1260,302.74,,*,,,,,*,
1003004201,Philbrick,Natalie,Corpus Christi,TX,48,Internal Medicine,Claim-Specialty,Paxlovid (Eua),Nirmatrelvir/Ritonavir,28,28,140,301,27,#,,,,,#,
1003004201,Philbrick,Natalie,Corpus Christi,TX,48,Internal Medicine,Claim-Specialty,Potassium Chloride,Potassium Chloride,46,114,3420,1307.67,15,#,,,,,#,
1003004201,Philbrick,Natalie,Corpus Christi,TX,48,Internal Medicine,Claim-Specialty,Pramipexole Dihydrochloride,Pramipexole Di-Hcl,13,29,870,136.79,,,13,29,136.79,870,*,
1003004201,Philbrick,Natalie,Corpus Christi,TX,48,Internal Medicine,Claim-Specialty,Pravastatin Sodium,Pravastatin Sodium,20,56,1680,496.4,,,20,56,496.4,1680,*,
1003004201,Philbrick,Natalie,Corpus Christi,TX,48,Internal Medicine,Claim-Specialty,Prednisone,Prednisone,47,47,321,127.62,42,,36,36,85.54,256,#,
1003004201,Philbrick,Natalie,Corpus Christi,TX,48,Internal Medicine,Claim-Specialty,Pregabalin,Pregabalin,11,29,870,560.94,,*,,,,,*,
1003004201,Philbrick,Natalie,Corpus Christi,TX,48,Internal Medicine,Claim-Specialty,Proair Respiclick,Albuterol Sulfate,11,11,317,829.18,,,11,11,829.18,317,*,
1003004201,Philbrick,Natalie,Corpus Christi,TX,48,Internal Medicine,Claim-Specialty,Probenecid,Probenecid,11,11,325,1379.13,,,11,11,1379.13,325,*,
1003004201,Philbrick,Natalie,Corpus Christi,TX,48,Internal Medicine,Claim-Specialty,Propranolol Hcl,Propranolol Hcl,16,39.3,1180,724.59,,#,,,,,*,
1003004201,Philbrick,Natalie,Corpus Christi,TX,48,Internal Medicine,Claim-Specialty,Quetiapine Fumarate,Quetiapine Fumarate,24,64,1920,527.61,,*,,,,,*,
1003004201,Philbrick,Natalie,Corpus Christi,TX,48,Internal Medicine,Claim-Specialty,Raloxifene Hcl,Raloxifene Hcl,17,27,800,446.43,,,17,27,446.43,800,*,
1003004201,Philbrick,Natalie,Corpus Christi,TX,48,Internal Medicine,Claim-Specialty,Ramipril,Ramipril,14,42,1260,180,,,14,42,180,1260,*,
1003004201,Philbrick,Natalie,Corpus Christi,TX,48,Internal Medicine,Claim-Specialty,Ropinirole Hcl,Ropinirole Hcl,11,32.3,970,352.74,,*,,,,,*,
1003004201,Philbrick,Natalie,Corpus Christi,TX,48,Internal Medicine,Claim-Specialty,Rosuvastatin Calcium,Rosuvastatin Calcium,316,849,25445,4529.47,90,,288,766.6,4158.95,22993,#,
1003004201,Philbrick,Natalie,Corpus Christi,TX,48,Internal Medicine,Claim-Specialty,Rybelsus,Semaglutide,20,24,720,23126.65,,,20,24,23126.65,720,*,
1003004201,Philbrick,Natalie,Corpus Christi,TX,48,Internal Medicine,Claim-Specialty,Sertraline Hcl,Sertraline Hcl,51,129,3870,736.74,15,,23,63,555.37,1890,*,
1003004201,Philbrick,Natalie,Corpus Christi,TX,48,Internal Medicine,Claim-Specialty,Sildenafil Citrate,Sildenafil Citrate,17,22.3,670,136.06,,#,,,,,*,
1003004201,Philbrick,Natalie,Corpus Christi,TX,48,Internal Medicine,Claim-Specialty,Simvastatin,Simvastatin,72,209,6270,761.35,20,#,,,,,#,
1003004201,Philbrick,Natalie,Corpus Christi,TX,48,Internal Medicine,Claim-Specialty,Soliqua 100-33,Insulin Glargine/Lixisenatide,28,45.1,1257,20653.94,,,28,45.1,20653.94,1257,*,
1003004201,Philbrick,Natalie,Corpus Christi,TX,48,Internal Medicine,Claim-Specialty,Spironolactone,Spironolactone,28,74.3,2230,427.24,,#,,,,,*,
1003004201,Philbrick,Natalie,Corpus Christi,TX,48,Internal Medicine,Claim-Specialty,Sulfamethoxazole-Trimethoprim,Sulfamethoxazole/Trimethoprim,16,16,146,89.52,12,#,,,,,#,
1003004201,Philbrick,Natalie,Corpus Christi,TX,48,Internal Medicine,Claim-Specialty,Sumatriptan Succinate,Sumatriptan Succinate,35,39,1163,296.42,,#,,,,,*,
1003004201,Philbrick,Natalie,Corpus Christi,TX,48,Internal Medicine,Claim-Specialty,Symbicort,Budesonide/Formoterol Fumarate,31,56,1680,19718.97,,#,,,,,*,
1003004201,Philbrick,Natalie,Corpus Christi,TX,48,Internal Medicine,Claim-Specialty,Synthroid,Levothyroxine Sodium,21,60.8,1800,1514.68,,,21,60.8,1514.68,1800,*,
1003004201,Philbrick,Natalie,Corpus Christi,TX,48,Internal Medicine,Claim-Specialty,Tamsulosin Hcl,Tamsulosin Hcl,62,140,4200,708.76,18,#,,,,,#,
1003004201,Philbrick,Natalie,Corpus Christi,TX,48,Internal Medicine,Claim-Specialty,Telmisartan,Telmisartan,31,57,1710,1070.28,,,31,57,1070.28,1710,*,
1003004201,Philbrick,Natalie,Corpus Christi,TX,48,Internal Medicine,Claim-Specialty,Telmisartan-Amlodipine,Telmisartan/Amlodipine,15,19,570,1196.88,,,15,19,1196.88,570,*,
1003004201,Philbrick,Natalie,Corpus Christi,TX,48,Internal Medicine,Claim-Specialty,Telmisartan-Hydrochlorothiazid,Telmisartan/Hydrochlorothiazid,29,48,1440,3405.6,,,29,48,3405.6,1440,*,
1003004201,Philbrick,Natalie,Corpus Christi,TX,48,Internal Medicine,Claim-Specialty,Terbinafine Hcl,Terbinafine Hcl,12,22,580,187.4,,*,,,,,*,
1003004201,Philbrick,Natalie,Corpus Christi,TX,48,Internal Medicine,Claim-Specialty,Tizanidine Hcl,Tizanidine Hcl,49,51,1452,693.67,,,33,35,535.75,990,*,
1003004201,Philbrick,Natalie,Corpus Christi,TX,48,Internal Medicine,Claim-Specialty,Toujeo Max Solostar,"Insulin Glargine,hum.Rec.Anlog",33,51.1,1410,30470.35,,,33,51.1,30470.35,1410,*,
1003004201,Philbrick,Natalie,Corpus Christi,TX,48,Internal Medicine,Claim-Specialty,Toujeo Solostar,"Insulin Glargine,hum.Rec.Anlog",16,29.3,849,9842.59,,,16,29.3,9842.59,849,*,
1003004201,Philbrick,Natalie,Corpus Christi,TX,48,Internal Medicine,Claim-Specialty,Tramadol Hcl,Tramadol Hcl,115,115,3232,838.39,15,,78,78,406.97,2152,*,
1003004201,Philbrick,Natalie,Corpus Christi,TX,48,Internal Medicine,Claim-Specialty,Trazodone Hcl,Trazodone Hcl,120,252,7560,1515.27,30,,104,216,1074,6480,#,
1003004201,Philbrick,Natalie,Corpus Christi,TX,48,Internal Medicine,Claim-Specialty,Trelegy Ellipta,Fluticasone/Umeclidin/Vilanter,32,40,1200,27302.9,,#,,,,,*,
1003004201,Philbrick,Natalie,Corpus Christi,TX,48,Internal Medicine,Claim-Specialty,Tresiba Flextouch U-200,Insulin Degludec,37,64.3,1749,21472.46,,#,,,,,*,
1003004201,Philbrick,Natalie,Corpus Christi,TX,48,Internal Medicine,Claim-Specialty,Triamcinolone Acetonide,Triamcinolone Acetonide,20,33,925,311.96,16,#,,,,,#,
1003004201,Philbrick,Natalie,Corpus Christi,TX,48,Internal Medicine,Claim-Specialty,Trulicity,Dulaglutide,61,73.6,2114,69268.55,13,#,,,,,#,
1003004201,Philbrick,Natalie,Corpus Christi,TX,48,Internal Medicine,Claim-Specialty,Valacyclovir,Valacyclovir Hcl,12,12,85,146.46,,*,,,,,*,
1003004201,Philbrick,Natalie,Corpus Christi,TX,48,Internal Medicine,Claim-Specialty,Valsartan,Valsartan,37,104,3121,1325.15,12,,25,66.7,1058.41,2001,*,
1003004201,Philbrick,Natalie,Corpus Christi,TX,48,Internal Medicine,Claim-Specialty,Valsartan-Hydrochlorothiazide,Valsartan/Hydrochlorothiazide,39,98.3,2950,2314.05,12,#,,,,,#,
1003004201,Philbrick,Natalie,Corpus Christi,TX,48,Internal Medicine,Claim-Specialty,Venlafaxine Hcl Er,Venlafaxine Hcl,46,111,3331,1032.24,14,,34,92,855.58,2761,#,
1003004201,Philbrick,Natalie,Corpus Christi,TX,48,Internal Medicine,Claim-Specialty,Xarelto,Rivaroxaban,17,25,732,15011.56,,,17,25,15011.56,732,*,
1003004201,Philbrick,Natalie,Corpus Christi,TX,48,Internal Medicine,Claim-Specialty,Xigduo Xr,Dapaglifloz Propaned/Metformin,11,11,330,3313.18,,,11,11,3313.18,330,*,
1003004201,Philbrick,Natalie,Corpus Christi,TX,48,Internal Medicine,Claim-Specialty,Zolpidem Tartrate,Zolpidem Tartrate,41,47,1380,319.44,,,30,36,243.24,1050,*,
1003004318,Nordahl,Gwen,Fergus Falls,MN,27,Physician Assistant,NPPES-Specialty,Donepezil Hcl,Donepezil Hcl,20,20,562,120.23,,,20,20,120.23,562,*,
1003004318,Nordahl,Gwen,Fergus Falls,MN,27,Physician Assistant,NPPES-Specialty,Eliquis,Apixaban,14,14,371,7154.4,,,14,14,7154.4,371,*,
1003004318,Nordahl,Gwen,Fergus Falls,MN,27,Physician Assistant,NPPES-Specialty,Furosemide,Furosemide,17,25,726,72.23,,,17,25,72.23,726,*,
1003004318,Nordahl,Gwen,Fergus Falls,MN,27,Physician Assistant,NPPES-Specialty,Levetiracetam,Levetiracetam,11,11,308,115.19,,,11,11,115.19,308,*,
1003004540,Cabanellas,Jennine,Wellington,FL,12,Ophthalmology,Claim-Specialty,Alphagan P,Brimonidine Tartrate,44,75.4,2189,18564.13,22,#,,,,,#,
1003004540,Cabanellas,Jennine,Wellington,FL,12,Ophthalmology,Claim-Specialty,Amoxicillin-Clavulanate Potass,Amoxicillin/Potassium Clav,12,12,160,217.29,12,,12,12,217.29,160,,12
1003004540,Cabanellas,Jennine,Wellington,FL,12,Ophthalmology,Claim-Specialty,Azithromycin,Azithromycin,24,24,120,117.15,23,,24,24,117.15,120,,23
1003004540,Cabanellas,Jennine,Wellington,FL,12,Ophthalmology,Claim-Specialty,Brimonidine Tartrate,Brimonidine Tartrate,136,209.9,6175,3871.76,50,#,,,,,#,
1003004540,Cabanellas,Jennine,Wellington,FL,12,Ophthalmology,Claim-Specialty,Brimonidine Tartrate-Timolol,Brimonidine Tartrate/Timolol,29,49.4,1412,5938.65,16,,29,49.4,5938.65,1412,,16
1003004540,Cabanellas,Jennine,Wellington,FL,12,Ophthalmology,Claim-Specialty,Cequa,Cyclosporine,32,82,2460,48938.71,23,#,,,,,#,
1003004540,Cabanellas,Jennine,Wellington,FL,12,Ophthalmology,Claim-Specialty,Ciprofloxacin Hcl,Ciprofloxacin Hcl,20,20.2,319,208.23,19,#,,,,,#,
1003004540,Cabanellas,Jennine,Wellington,FL,12,Ophthalmology,Claim-Specialty,Clonazepam,Clonazepam,11,12,360,202.88,,,11,12,202.88,360,*,
1003004540,Cabanellas,Jennine,Wellington,FL,12,Ophthalmology,Claim-Specialty,Combigan,Brimonidine Tartrate/Timolol,268,387.6,11011,98518.23,101,,247,361.9,90786.66,10291,#,
1003004540,Cabanellas,Jennine,Wellington,FL,12,Ophthalmology,Claim-Specialty,Dorzolamide Hcl,Dorzolamide Hcl,82,136.9,4097,1996.88,31,,82,136.9,1996.88,4097,,31
1003004540,Cabanellas,Jennine,Wellington,FL,12,Ophthalmology,Claim-Specialty,Dorzolamide-Timolol,Dorzolamide Hcl/Timolol Maleat,248,447,13366,5234.07,98,#,,,,,#,
1003004540,Cabanellas,Jennine,Wellington,FL,12,Ophthalmology,Claim-Specialty,Erythromycin,Erythromycin Base,63,63,1145,699.57,46,#,,,,,#,
1003004540,Cabanellas,Jennine,Wellington,FL,12,Ophthalmology,Claim-Specialty,Latanoprost,Latanoprost,916,1420.1,39782,11147.12,337,,878,1352.4,10726.61,37844,#,
1003004540,Cabanellas,Jennine,Wellington,FL,12,Ophthalmology,Claim-Specialty,Loteprednol Etabonate,Loteprednol Etabonate,14,14.5,372,1617.45,11,#,,,,,*,
1003004540,Cabanellas,Jennine,Wellington,FL,12,Ophthalmology,Claim-Specialty,Lumigan,Bimatoprost,338,408.4,10523,108793.73,114,,310,375.9,98962.11,9598,#,
1003004540,Cabanellas,Jennine,Wellington,FL,12,Ophthalmology,Claim-Specialty,Neomycin-Polymyxin-Dexameth,Neomycin/Polymyxin B/Dexametha,313,318.4,6016,4264.84,252,#,,,,,#,
1003004540,Cabanellas,Jennine,Wellington,FL,12,Ophthalmology,Claim-Specialty,Prednisolone Acetate,Prednisolone Acetate,105,129.3,3075,4320.65,93,#,,,,,#,
1003004540,Cabanellas,Jennine,Wellington,FL,12,Ophthalmology,Claim-Specialty,Restasis,Cyclosporine,55,80,2400,49138.27,29,,55,80,49138.27,2400,,29
1003004540,Cabanellas,Jennine,Wellington,FL,12,Ophthalmology,Claim-Specialty,Restasis Multidose,Cyclosporine,23,27,798,15945.33,,,23,27,15945.33,798,*,
1003004540,Cabanellas,Jennine,Wellington,FL,12,Ophthalmology,Claim-Specialty,Rhopressa,Netarsudil Mesylate,163,186,4833,61197.31,68,#,,,,,#,
1003004540,Cabanellas,Jennine,Wellington,FL,12,Ophthalmology,Claim-Specialty,Rocklatan,Netarsudil Mesylat/Latanoprost,58,69.8,1836,24741.44,14,#,,,,,#,
1003004540,Cabanellas,Jennine,Wellington,FL,12,Ophthalmology,Claim-Specialty,Timolol Maleate,Timolol Maleate,175,289.8,8197,3472.3,58,#,,,,,#,
1003004540,Cabanellas,Jennine,Wellington,FL,12,Ophthalmology,Claim-Specialty,Timolol Maleate,Timolol Maleate/Pf,12,14,345,4122.53,,,12,14,4122.53,345,*,
1003004540,Cabanellas,Jennine,Wellington,FL,12,Ophthalmology,Claim-Specialty,Tobradex,Tobramycin/Dexamethasone,20,20,293,5510.33,19,,20,20,5510.33,293,,19
1003004540,Cabanellas,Jennine,Wellington,FL,12,Ophthalmology,Claim-Specialty,Tobramycin-Dexamethasone,Tobramycin/Dexamethasone,35,37.7,787,2287.13,26,,35,37.7,2287.13,787,,26
1003004540,Cabanellas,Jennine,Wellington,FL,12,Ophthalmology,Claim-Specialty,Travoprost,Travoprost,86,132.2,3668,15693.51,32,,86,132.2,15693.51,3668,,32
1003004540,Cabanellas,Jennine,Wellington,FL,12,Ophthalmology,Claim-Specialty,Valacyclovir,Valacyclovir Hcl,15,23,619,804.59,13,,15,23,804.59,619,,13
1003004540,Cabanellas,Jennine,Wellington,FL,12,Ophthalmology,Claim-Specialty,Vyzulta,Latanoprostene Bunod,34,51,1410,13612.69,15,#,,,,,#,
1003004771,Riggle,Erin,Littleton,CO,08,Critical Care (Intensivists),Claim-Specialty,Advair Diskus,Fluticasone Propion/Salmeterol,22,48,1440,19236.86,,,22,48,19236.86,1440,*,
1003004771,Riggle,Erin,Littleton,CO,08,Critical Care (Intensivists),Claim-Specialty,Advair Hfa,Fluticasone Propion/Salmeterol,16,18,540,7681.46,,#,,,,,*,
1003004771,Riggle,Erin,Littleton,CO,08,Critical Care (Intensivists),Claim-Specialty,Albuterol Sulfate Hfa,Albuterol Sulfate,118,149.5,3846,3428.63,50,,106,137.5,2954.28,3486,#,
1003004771,Riggle,Erin,Littleton,CO,08,Critical Care (Intensivists),Claim-Specialty,Ambrisentan,Ambrisentan,15,15,450,82350.54,,*,,,,,*,
1003004771,Riggle,Erin,Littleton,CO,08,Critical Care (Intensivists),Claim-Specialty,Anoro Ellipta,Umeclidinium Brm/Vilanterol Tr,58,94,2797,44307.53,14,#,,,,,#,
1003004771,Riggle,Erin,Littleton,CO,08,Critical Care (Intensivists),Claim-Specialty,Azithromycin,Azithromycin,12,22,635,67.24,,*,,,,,*,
1003004771,Riggle,Erin,Littleton,CO,08,Critical Care (Intensivists),Claim-Specialty,Breo Ellipta,Fluticasone/Vilanterol,30,59,1770,23819.25,13,,30,59,23819.25,1770,,13
1003004771,Riggle,Erin,Littleton,CO,08,Critical Care (Intensivists),Claim-Specialty,Breztri Aerosphere,Budesonide/Glycopyr/Formoterol,19,19,570,12806.15,,,19,19,12806.15,570,*,
1003004771,Riggle,Erin,Littleton,CO,08,Critical Care (Intensivists),Claim-Specialty,Eliquis,Apixaban,16,38.2,1145,23313.17,,,16,38.2,23313.17,1145,*,
1003004771,Riggle,Erin,Littleton,CO,08,Critical Care (Intensivists),Claim-Specialty,Levalbuterol Tartrate Hfa,Levalbuterol Tartrate,17,17.5,399,1488.1,,*,,,,,*,
1003004771,Riggle,Erin,Littleton,CO,08,Critical Care (Intensivists),Claim-Specialty,Montelukast Sodium,Montelukast Sodium,29,65,1950,607.77,,,29,65,607.77,1950,*,
1003004771,Riggle,Erin,Littleton,CO,08,Critical Care (Intensivists),Claim-Specialty,Pirfenidone,Pirfenidone,12,12,360,15630.26,,,12,12,15630.26,360,*,
1003004771,Riggle,Erin,Littleton,CO,08,Critical Care (Intensivists),Claim-Specialty,Prednisone,Prednisone,49,65.4,1464,301.28,30,#,,,,,#,
1003004771,Riggle,Erin,Littleton,CO,08,Critical Care (Intensivists),Claim-Specialty,Sildenafil Citrate,Sildenafil Citrate,11,24.3,730,1032.37,,,11,24.3,1032.37,730,*,
1003004771,Riggle,Erin,Littleton,CO,08,Critical Care (Intensivists),Claim-Specialty,Spiriva Respimat,Tiotropium Bromide,12,30,900,15920.76,,,12,30,15920.76,900,*,
1003004771,Riggle,Erin,Littleton,CO,08,Critical Care (Intensivists),Claim-Specialty,Stiolto Respimat,Tiotropium Br/Olodaterol Hcl,75,121.1,3633,59067.86,21,#,,,,,#,
1003004771,Riggle,Erin,Littleton,CO,08,Critical Care (Intensivists),Claim-Specialty,Symbicort,Budesonide/Formoterol Fumarate,16,36,1080,15042.34,,,16,36,15042.34,1080,*,
1003004771,Riggle,Erin,Littleton,CO,08,Critical Care (Intensivists),Claim-Specialty,Trelegy Ellipta,Fluticasone/Umeclidin/Vilanter,127,215,6450,145112.71,37,#,,,,,#,
1003004771,Riggle,Erin,Littleton,CO,08,Critical Care (Intensivists),Claim-Specialty,Varenicline Tartrate,Varenicline Tartrate,11,11,314,3872.1,,,11,11,3872.1,314,*,
1003004839,Darnell,Beverly,Kensington,MD,24,Internal Medicine,Claim-Specialty,Acyclovir,Acyclovir,22,41,1075,525.94,16,#,,,,,#,
1003004839,Darnell,Beverly,Kensington,MD,24,Internal Medicine,Claim-Specialty,Adacel Tdap,"Diph,pertuss(Acell),tet Vac/Pf",19,19,19,1007,19,,19,19,1007,19,,19
1003004839,Darnell,Beverly,Kensington,MD,24,Internal Medicine,Claim-Specialty,Albuterol Sulfate Hfa,Albuterol Sulfate,83,86.8,1905,1455.33,80,#,,,,,#,
1003004839,Darnell,Beverly,Kensington,MD,24,Internal Medicine,Claim-Specialty,Alendronate Sodium,Alendronate Sodium,41,113.9,3414,457.79,28,,41,113.9,457.79,3414,,28
1003004839,Darnell,Beverly,Kensington,MD,24,Internal Medicine,Claim-Specialty,Allopurinol,Allopurinol,33,93.1,2793,386.09,28,,33,93.1,386.09,2793,,28
1003004839,Darnell,Beverly,Kensington,MD,24,Internal Medicine,Claim-Specialty,Alvesco,Ciclesonide,26,33,975,2821.72,15,,26,33,2821.72,975,,15
1003004839,Darnell,Beverly,Kensington,MD,24,Internal Medicine,Claim-Specialty,Amlodipine Besylate,Amlodipine Besylate,288,832,24935,3243.89,213,,270,782,3043.88,23435,,200
1003004839,Darnell,Beverly,Kensington,MD,24,Internal Medicine,Claim-Specialty,Amoxicillin-Clavulanate Potass,Amoxicillin/Potassium Clav,16,16,152,268.79,16,#,,,,,#,
1003004839,Darnell,Beverly,Kensington,MD,24,Internal Medicine,Claim-Specialty,Atenolol,Atenolol,90,262,7860,1204.05,69,#,,,,,#,
1003004839,Darnell,Beverly,Kensington,MD,24,Internal Medicine,Claim-Specialty,Atorvastatin Calcium,Atorvastatin Calcium,513,1530,45900,7067.31,392,,489,1458,6755.23,43740,,374
1003004839,Darnell,Beverly,Kensington,MD,24,Internal Medicine,Claim-Specialty,Azelastine Hcl,Azelastine Hcl,20,29.4,875,361.36,13,#,,,,,#,
1003004839,Darnell,Beverly,Kensington,MD,24,Internal Medicine,Claim-Specialty,Carvedilol,Carvedilol,29,72.9,2188,293.6,22,#,,,,,#,
1003004839,Darnell,Beverly,Kensington,MD,24,Internal Medicine,Claim-Specialty,Cephalexin,Cephalexin,13,13,116,114.06,13,,13,13,114.06,116,,13
1003004839,Darnell,Beverly,Kensington,MD,24,Internal Medicine,Claim-Specialty,Chlorthalidone,Chlorthalidone,17,47,1410,208.04,11,,17,47,208.04,1410,,11
1003004839,Darnell,Beverly,Kensington,MD,24,Internal Medicine,Claim-Specialty,Clopidogrel,Clopidogrel Bisulfate,21,60,1775,364.67,20,,21,60,364.67,1775,,20
1003004839,Darnell,Beverly,Kensington,MD,24,Internal Medicine,Claim-Specialty,Colchicine,Colchicine,17,23,493,368.92,14,#,,,,,#,
1003004839,Darnell,Beverly,Kensington,MD,24,Internal Medicine,Claim-Specialty,Diclofenac Sodium,Diclofenac Sodium,24,26.6,578,657.69,22,#,,,,,#,
1003004839,Darnell,Beverly,Kensington,MD,24,Internal Medicine,Claim-Specialty,Diltiazem 24hr Er (Cd),Diltiazem Hcl,22,66,1980,608.61,15,#,,,,,#,
1003004839,Darnell,Beverly,Kensington,MD,24,Internal Medicine,Claim-Specialty,Donepezil Hcl,Donepezil Hcl,13,31,903,148.56,,,13,31,148.56,903,*,
1003004839,Darnell,Beverly,Kensington,MD,24,Internal Medicine,Claim-Specialty,Doxycycline Monohydrate,Doxycycline Monohydrate,18,18,188,207.48,18,#,,,,,#,
1003004839,Darnell,Beverly,Kensington,MD,24,Internal Medicine,Claim-Specialty,Duloxetine Hcl,Duloxetine Hcl,23,52.7,1566,506.73,16,#,,,,,#,
1003004839,Darnell,Beverly,Kensington,MD,24,Internal Medicine,Claim-Specialty,Famotidine,Famotidine,41,87,2564,417.5,29,#,,,,,#,
1003004839,Darnell,Beverly,Kensington,MD,24,Internal Medicine,Claim-Specialty,Finasteride,Finasteride,20,52,1560,265.8,14,,20,52,265.8,1560,,14
1003004839,Darnell,Beverly,Kensington,MD,24,Internal Medicine,Claim-Specialty,Fluoxetine Hcl,Fluoxetine Hcl,19,55,1640,282.41,15,,19,55,282.41,1640,,15
1003004839,Darnell,Beverly,Kensington,MD,24,Internal Medicine,Claim-Specialty,Fluticasone Propionate,Fluticasone Propionate,16,31.5,945,312.68,,,16,31.5,312.68,945,*,
1003004839,Darnell,Beverly,Kensington,MD,24,Internal Medicine,Claim-Specialty,Furosemide,Furosemide,56,136,4045,643.44,48,#,,,,,#,
1003004839,Darnell,Beverly,Kensington,MD,24,Internal Medicine,Claim-Specialty,Gabapentin,Gabapentin,60,121.1,3607,1231.42,56,#,,,,,#,
1003004839,Darnell,Beverly,Kensington,MD,24,Internal Medicine,Claim-Specialty,Glipizide,Glipizide,117,339,10170,1424.55,88,#,,,,,#,
1003004839,Darnell,Beverly,Kensington,MD,24,Internal Medicine,Claim-Specialty,Humulin 70-30,Insulin Nph Hum/Reg Insulin Hm,18,42.8,1250,3223.52,12,#,,,,,*,
1003004839,Darnell,Beverly,Kensington,MD,24,Internal Medicine,Claim-Specialty,Humulin N,Insulin Nph Human Isophane,36,73.2,2170,3449.76,23,,36,73.2,3449.76,2170,,23
1003004839,Darnell,Beverly,Kensington,MD,24,Internal Medicine,Claim-Specialty,Humulin N Kwikpen,Insulin Nph Human Isophane,17,33.2,998,2574.65,,#,,,,,*,
1003004839,Darnell,Beverly,Kensington,MD,24,Internal Medicine,Claim-Specialty,Hydralazine Hcl,Hydralazine Hcl,31,66.8,2005,631.84,25,#,,,,,#,
1003004839,Darnell,Beverly,Kensington,MD,24,Internal Medicine,Claim-Specialty,Hydrochlorothiazide,Hydrochlorothiazide,145,417.5,12462,1500.86,107,#,,,,,#,
1003004839,Darnell,Beverly,Kensington,MD,24,Internal Medicine,Claim-Specialty,Ibuprofen,Ibuprofen,28,28,530,291.92,25,#,,,,,#,
1003004839,Darnell,Beverly,Kensington,MD,24,Internal Medicine,Claim-Specialty,Insulin Glargine-Yfgn,Insulin Glargine-Yfgn,13,30.4,892,1908.21,,#,,,,,*,
1003004839,Darnell,Beverly,Kensington,MD,24,Internal Medicine,Claim-Specialty,Insulin Syringe,"Syring-Needl,disp,insul,0.3 Ml",11,18.3,550,195.36,,,11,18.3,195.36,550,*,
1003004839,Darnell,Beverly,Kensington,MD,24,Internal Medicine,Claim-Specialty,Insulin Syringe,"Syringe-Needle,insulin,0.5 Ml",16,39.5,1185,313.93,12,,16,39.5,313.93,1185,,12
1003004839,Darnell,Beverly,Kensington,MD,24,Internal Medicine,Claim-Specialty,Jardiance,Empagliflozin,26,75,2250,20311.05,21,#,,,,,#,
1003004839,Darnell,Beverly,Kensington,MD,24,Internal Medicine,Claim-Specialty,Levothyroxine Sodium,Levothyroxine Sodium,187,520,15571,3662.45,125,,175,492.1,3433.74,14734,#,
1003004839,Darnell,Beverly,Kensington,MD,24,Internal Medicine,Claim-Specialty,Lisinopril,Lisinopril,235,675,20225,2708.78,184,,220,638,2547.76,19115,,173
1003004839,Darnell,Beverly,Kensington,MD,24,Internal Medicine,Claim-Specialty,Lisinopril-Hydrochlorothiazide,Lisinopril/Hydrochlorothiazide,29,78,2340,323.04,23,#,,,,,#,
1003004839,Darnell,Beverly,Kensington,MD,24,Internal Medicine,Claim-Specialty,Losartan Potassium,Losartan Potassium,202,589.7,17692,2324,152,#,,,,,#,
1003004839,Darnell,Beverly,Kensington,MD,24,Internal Medicine,Claim-Specialty,Losartan-Hydrochlorothiazide,Losartan/Hydrochlorothiazide,55,161,4830,591.22,44,#,,,,,#,
1003004839,Darnell,Beverly,Kensington,MD,24,Internal Medicine,Claim-Specialty,Lovastatin,Lovastatin,17,49,1470,201.02,15,,17,49,201.02,1470,,15
1003004839,Darnell,Beverly,Kensington,MD,24,Internal Medicine,Claim-Specialty,Meloxicam,Meloxicam,38,54,1573,267.35,34,#,,,,,#,
1003004839,Darnell,Beverly,Kensington,MD,24,Internal Medicine,Claim-Specialty,Metformin Hcl,Metformin Hcl,174,493.7,14780,2053.25,122,#,,,,,#,
1003004839,Darnell,Beverly,Kensington,MD,24,Internal Medicine,Claim-Specialty,Metformin Hcl Er,Metformin Hcl,56,148.5,4447,475.72,44,#,,,,,#,
1003004839,Darnell,Beverly,Kensington,MD,24,Internal Medicine,Claim-Specialty,Metoprolol Succinate,Metoprolol Succinate,29,80.3,2410,517.24,23,,29,80.3,517.24,2410,,23
1003004839,Darnell,Beverly,Kensington,MD,24,Internal Medicine,Claim-Specialty,Metoprolol Tartrate,Metoprolol Tartrate,86,228.5,6855,873.36,68,#,,,,,#,
1003004839,Darnell,Beverly,Kensington,MD,24,Internal Medicine,Claim-Specialty,Montelukast Sodium,Montelukast Sodium,25,72,2160,269,20,#,,,,,#,
1003004839,Darnell,Beverly,Kensington,MD,24,Internal Medicine,Claim-Specialty,Omeprazole,Omeprazole,15,37,1110,132.43,14,#,,,,,#,
1003004839,Darnell,Beverly,Kensington,MD,24,Internal Medicine,Claim-Specialty,Oxybutynin Chloride Er,Oxybutynin Chloride,12,30.5,915,219.49,11,#,,,,,*,
1003004839,Darnell,Beverly,Kensington,MD,24,Internal Medicine,Claim-Specialty,Pantoprazole Sodium,Pantoprazole Sodium,88,199,5938,1133.92,81,,76,169.5,980.68,5053,,70
1003004839,Darnell,Beverly,Kensington,MD,24,Internal Medicine,Claim-Specialty,Paxlovid (Eua),Nirmatrelvir/Ritonavir,47,47,235,792.5,47,#,,,,,#,
1003004839,Darnell,Beverly,Kensington,MD,24,Internal Medicine,Claim-Specialty,Pioglitazone Hcl,Pioglitazone Hcl,12,33,990,144.72,,,12,33,144.72,990,*,
1003004839,Darnell,Beverly,Kensington,MD,24,Internal Medicine,Claim-Specialty,Potassium Chloride,Potassium Chloride,23,54.5,1635,475.94,19,#,,,,,#,
1003004839,Darnell,Beverly,Kensington,MD,24,Internal Medicine,Claim-Specialty,Pradaxa,Dabigatran Etexilate Mesylate,48,137,4110,14059.68,37,#,,,,,#,
1003004839,Darnell,Beverly,Kensington,MD,24,Internal Medicine,Claim-Specialty,Pravastatin Sodium,Pravastatin Sodium,33,95,2825,765.11,23,,33,95,765.11,2825,,23
1003004839,Darnell,Beverly,Kensington,MD,24,Internal Medicine,Claim-Specialty,Prednisone,Prednisone,17,23,411,145.46,17,#,,,,,#,
1003004839,Darnell,Beverly,Kensington,MD,24,Internal Medicine,Claim-Specialty,Pregabalin,Pregabalin,11,28,840,327.65,,*,,,,,*,
1003004839,Darnell,Beverly,Kensington,MD,24,Internal Medicine,Claim-Specialty,Rosuvastatin Calcium,Rosuvastatin Calcium,56,153.8,4615,652.22,39,#,,,,,#,
1003004839,Darnell,Beverly,Kensington,MD,24,Internal Medicine,Claim-Specialty,Sertraline Hcl,Sertraline Hcl,19,51,1530,245.99,13,,19,51,245.99,1530,,13
1003004839,Darnell,Beverly,Kensington,MD,24,Internal Medicine,Claim-Specialty,Simvastatin,Simvastatin,81,239,7170,879,61,#,,,,,#,
1003004839,Darnell,Beverly,Kensington,MD,24,Internal Medicine,Claim-Specialty,Spiriva Respimat,Tiotropium Bromide,11,21,630,6142,,,11,21,6142,630,*,
1003004839,Darnell,Beverly,Kensington,MD,24,Internal Medicine,Claim-Specialty,Spironolactone,Spironolactone,11,33,990,130.01,,*,,,,,*,
1003004839,Darnell,Beverly,Kensington,MD,24,Internal Medicine,Claim-Specialty,Tamsulosin Hcl,Tamsulosin Hcl,66,188,5640,1053.33,52,#,,,,,#,
1003004839,Darnell,Beverly,Kensington,MD,24,Internal Medicine,Claim-Specialty,Terazosin Hcl,Terazosin Hcl,14,42,1260,652.72,13,,14,42,652.72,1260,,13
1003004839,Darnell,Beverly,Kensington,MD,24,Internal Medicine,Claim-Specialty,Trazodone Hcl,Trazodone Hcl,37,73.5,2205,380.43,35,#,,,,,#,
1003004839,Darnell,Beverly,Kensington,MD,24,Internal Medicine,Claim-Specialty,Triamcinolone Acetonide,Triamcinolone Acetonide,18,18,324,359.24,17,,18,18,359.24,324,,17
1003004839,Darnell,Beverly,Kensington,MD,24,Internal Medicine,Claim-Specialty,Ultra-Fine Short Pen Needle,"Pen Needle, Diabetic",14,34,1020,347.2,,#,,,,,*,
1003004839,Darnell,Beverly,Kensington,MD,24,Internal Medicine,Claim-Specialty,Warfarin Sodium,Warfarin Sodium,29,80.7,2421,365.99,21,#,,,,,#,
1003004839,Darnell,Beverly,Kensington,MD,24,Internal Medicine,Claim-Specialty,Wixela Inhub,Fluticasone Propion/Salmeterol,22,35,1050,3510.05,17,#,,,,,#,
1003005034,Staggers,Misti,Newark,OH,39,Certified Clinical Nurse Specialist,NPPES-Specialty,Albuterol Sulfate Hfa,Albuterol Sulfate,41,47.6,1157,1631.18,26,#,,,,,#,
1003005034,Staggers,Misti,Newark,OH,39,Certified Clinical Nurse Specialist,NPPES-Specialty,Alendronate Sodium,Alendronate Sodium,26,73,2190,137.33,,,26,73,137.33,2190,*,
1003005034,Staggers,Misti,Newark,OH,39,Certified Clinical Nurse Specialist,NPPES-Specialty,Allopurinol,Allopurinol,18,52,1560,259.6,,,18,52,259.6,1560,*,
1003005034,Staggers,Misti,Newark,OH,39,Certified Clinical Nurse Specialist,NPPES-Specialty,Alprazolam,Alprazolam,21,25,671,152.95,12,,21,25,152.95,671,,12
1003005034,Staggers,Misti,Newark,OH,39,Certified Clinical Nurse Specialist,NPPES-Specialty,Amlodipine Besylate,Amlodipine Besylate,134,352,10560,754.74,41,,134,352,754.74,10560,,41
1003005034,Staggers,Misti,Newark,OH,39,Certified Clinical Nurse Specialist,NPPES-Specialty,Amoxicillin,Amoxicillin,16,16,124,65.57,13,,16,16,65.57,124,,13
1003005034,Staggers,Misti,Newark,OH,39,Certified Clinical Nurse Specialist,NPPES-Specialty,Amoxicillin-Clavulanate Potass,Amoxicillin/Potassium Clav,32,32,305,380.98,26,,32,32,380.98,305,,26
1003005034,Staggers,Misti,Newark,OH,39,Certified Clinical Nurse Specialist,NPPES-Specialty,Atorvastatin Calcium,Atorvastatin Calcium,144,384.3,11507,1817.84,51,,115,321,1196.35,9630,#,
1003005034,Staggers,Misti,Newark,OH,39,Certified Clinical Nurse Specialist,NPPES-Specialty,Azithromycin,Azithromycin,172,172,828,986.75,104,#,,,,,#,
1003005034,Staggers,Misti,Newark,OH,39,Certified Clinical Nurse Specialist,NPPES-Specialty,Baclofen,Baclofen,12,20,520,279.16,,*,,,,,*,
1003005034,Staggers,Misti,Newark,OH,39,Certified Clinical Nurse Specialist,NPPES-Specialty,Bisoprolol Fumarate,Bisoprolol Fumarate,11,25,750,403.52,,,11,25,403.52,750,*,
1003005034,Staggers,Misti,Newark,OH,39,Certified Clinical Nurse Specialist,NPPES-Specialty,Bupropion Xl,Bupropion Hcl,18,52,1560,450.91,,#,,,,,*,
1003005034,Staggers,Misti,Newark,OH,39,Certified Clinical Nurse Specialist,NPPES-Specialty,Buspirone Hcl,Buspirone Hcl,35,64,1900,322.88,13,,35,64,322.88,1900,,13
1003005034,Staggers,Misti,Newark,OH,39,Certified Clinical Nurse Specialist,NPPES-Specialty,Calcitriol,Calcitriol,15,41,1230,655.51,,,15,41,655.51,1230,*,
1003005034,Staggers,Misti,Newark,OH,39,Certified Clinical Nurse Specialist,NPPES-Specialty,Carvedilol,Carvedilol,18,54,1620,199.53,,,18,54,199.53,1620,*,
1003005034,Staggers,Misti,Newark,OH,39,Certified Clinical Nurse Specialist,NPPES-Specialty,Cefdinir,Cefdinir,46,46,417,856.95,43,#,,,,,#,
1003005034,Staggers,Misti,Newark,OH,39,Certified Clinical Nurse Specialist,NPPES-Specialty,Cephalexin,Cephalexin,32,32,237,267.47,28,#,,,,,#,
1003005034,Staggers,Misti,Newark,OH,39,Certified Clinical Nurse Specialist,NPPES-Specialty,Chlorthalidone,Chlorthalidone,11,13,390,135.37,,,11,13,135.37,390,*,
1003005034,Staggers,Misti,Newark,OH,39,Certified Clinical Nurse Specialist,NPPES-Specialty,Ciprofloxacin Hcl,Ciprofloxacin Hcl,54,54,418,345.91,49,#,,,,,#,
1003005034,Staggers,Misti,Newark,OH,39,Certified Clinical Nurse Specialist,NPPES-Specialty,Citalopram Hbr,Citalopram Hydrobromide,33,91,2730,176.06,13,#,,,,,#,
1003005034,Staggers,Misti,Newark,OH,39,Certified Clinical Nurse Specialist,NPPES-Specialty,Clonazepam,Clonazepam,25,25,730,110.41,,#,,,,,*,
1003005034,Staggers,Misti,Newark,OH,39,Certified Clinical Nurse Specialist,NPPES-Specialty,Clopidogrel,Clopidogrel Bisulfate,26,78,2340,326.48,,,26,78,326.48,2340,*,
1003005034,Staggers,Misti,Newark,OH,39,Certified Clinical Nurse Specialist,NPPES-Specialty,Cyclobenzaprine Hcl,Cyclobenzaprine Hcl,48,68,1815,315.11,22,#,,,,,#,
1003005034,Staggers,Misti,Newark,OH,39,Certified Clinical Nurse Specialist,NPPES-Specialty,Diclofenac Sodium-Misoprostol,Diclofenac Sodium/Misoprostol,12,12,360,1174.92,,,12,12,1174.92,360,*,
1003005034,Staggers,Misti,Newark,OH,39,Certified Clinical Nurse Specialist,NPPES-Specialty,Doxycycline Hyclate,Doxycycline Hyclate,52,52,499,903.46,46,#,,,,,#,
1003005034,Staggers,Misti,Newark,OH,39,Certified Clinical Nurse Specialist,NPPES-Specialty,Duloxetine Hcl,Duloxetine Hcl,37,111,3330,1489.85,17,#,,,,,#,
1003005034,Staggers,Misti,Newark,OH,39,Certified Clinical Nurse Specialist,NPPES-Specialty,Eliquis,Apixaban,17,31,902,16765.43,,,17,31,16765.43,902,*,
1003005034,Staggers,Misti,Newark,OH,39,Certified Clinical Nurse Specialist,NPPES-Specialty,Escitalopram Oxalate,Escitalopram Oxalate,24,56,1575,461.74,,,24,56,461.74,1575,*,
1003005034,Staggers,Misti,Newark,OH,39,Certified Clinical Nurse Specialist,NPPES-Specialty,Famotidine,Famotidine,18,50,1500,302.97,,#,,,,,*,
1003005034,Staggers,Misti,Newark,OH,39,Certified Clinical Nurse Specialist,NPPES-Specialty,Fenofibrate,Fenofibrate,22,63,1890,419.22,,,22,63,419.22,1890,*,
1003005034,Staggers,Misti,Newark,OH,39,Certified Clinical Nurse Specialist,NPPES-Specialty,Fluconazole,Fluconazole,18,18,104,252.74,12,#,,,,,#,
1003005034,Staggers,Misti,Newark,OH,39,Certified Clinical Nurse Specialist,NPPES-Specialty,Fluoxetine Hcl,Fluoxetine Hcl,13,35,1027,210.35,,*,,,,,*,
1003005034,Staggers,Misti,Newark,OH,39,Certified Clinical Nurse Specialist,NPPES-Specialty,Fluticasone Propionate,Fluticasone Propionate,12,33,990,305.43,,*,,,,,*,
1003005034,Staggers,Misti,Newark,OH,39,Certified Clinical Nurse Specialist,NPPES-Specialty,Furosemide,Furosemide,66,148,4305,362.88,31,#,,,,,#,
1003005034,Staggers,Misti,Newark,OH,39,Certified Clinical Nurse Specialist,NPPES-Specialty,Gabapentin,Gabapentin,119,227,6654,1290.94,40,#,,,,,#,
1003005034,Staggers,Misti,Newark,OH,39,Certified Clinical Nurse Specialist,NPPES-Specialty,Glimepiride,Glimepiride,49,133,3990,537.51,19,#,,,,,#,
1003005034,Staggers,Misti,Newark,OH,39,Certified Clinical Nurse Specialist,NPPES-Specialty,Hydrochlorothiazide,Hydrochlorothiazide,39,85,2467,95.49,16,,39,85,95.49,2467,,16
1003005034,Staggers,Misti,Newark,OH,39,Certified Clinical Nurse Specialist,NPPES-Specialty,Hydrocodone-Acetaminophen,Hydrocodone/Acetaminophen,58,58,1184,1105.58,37,,47,47,837.23,893,#,
1003005034,Staggers,Misti,Newark,OH,39,Certified Clinical Nurse Specialist,NPPES-Specialty,Hydrocortisone,Hydrocortisone,24,26,513,476.84,20,#,,,,,#,
1003005034,Staggers,Misti,Newark,OH,39,Certified Clinical Nurse Specialist,NPPES-Specialty,Isosorbide Mononitrate Er,Isosorbide Mononitrate,16,48,1440,347.16,,#,,,,,*,
1003005034,Staggers,Misti,Newark,OH,39,Certified Clinical Nurse Specialist,NPPES-Specialty,Lantus Solostar,"Insulin Glargine,hum.Rec.Anlog",12,38.8,1165,10775.3,,,12,38.8,10775.3,1165,*,
1003005034,Staggers,Misti,Newark,OH,39,Certified Clinical Nurse Specialist,NPPES-Specialty,Levofloxacin,Levofloxacin,30,30,232,153.72,27,#,,,,,#,
1003005034,Staggers,Misti,Newark,OH,39,Certified Clinical Nurse Specialist,NPPES-Specialty,Levothyroxine Sodium,Levothyroxine Sodium,137,373,11148,1929.16,44,,115,333,1585.22,9974,#,
1003005034,Staggers,Misti,Newark,OH,39,Certified Clinical Nurse Specialist,NPPES-Specialty,Lisinopril,Lisinopril,101,266,7948,633.06,36,,85,246,467.46,7374,#,
1003005034,Staggers,Misti,Newark,OH,39,Certified Clinical Nurse Specialist,NPPES-Specialty,Lisinopril-Hydrochlorothiazide,Lisinopril/Hydrochlorothiazide,22,46,1380,67.38,,#,,,,,*,
1003005034,Staggers,Misti,Newark,OH,39,Certified Clinical Nurse Specialist,NPPES-Specialty,Lorazepam,Lorazepam,41,41,1151,212.63,18,,41,41,212.63,1151,,18
1003005034,Staggers,Misti,Newark,OH,39,Certified Clinical Nurse Specialist,NPPES-Specialty,Losartan Potassium,Losartan Potassium,72,198,5935,943.55,28,#,,,,,#,
1003005034,Staggers,Misti,Newark,OH,39,Certified Clinical Nurse Specialist,NPPES-Specialty,Losartan-Hydrochlorothiazide,Losartan/Hydrochlorothiazide,13,39,1170,561.69,,,13,39,561.69,1170,*,
1003005034,Staggers,Misti,Newark,OH,39,Certified Clinical Nurse Specialist,NPPES-Specialty,Meclizine Hcl,Meclizine Hcl,15,17,333,138.65,,,15,17,138.65,333,*,
1003005034,Staggers,Misti,Newark,OH,39,Certified Clinical Nurse Specialist,NPPES-Specialty,Meloxicam,Meloxicam,13,25,750,28.48,,,13,25,28.48,750,*,
1003005034,Staggers,Misti,Newark,OH,39,Certified Clinical Nurse Specialist,NPPES-Specialty,Metformin Hcl,Metformin Hcl,60,152,4534,446.33,22,,41,121,212.18,3630,#,
1003005034,Staggers,Misti,Newark,OH,39,Certified Clinical Nurse Specialist,NPPES-Specialty,Metformin Hcl Er,Metformin Hcl,11,33,990,367.5,,*,,,,,*,
1003005034,Staggers,Misti,Newark,OH,39,Certified Clinical Nurse Specialist,NPPES-Specialty,Metoprolol Succinate,Metoprolol Succinate,75,193,5790,1729.49,31,#,,,,,#,
1003005034,Staggers,Misti,Newark,OH,39,Certified Clinical Nurse Specialist,NPPES-Specialty,Metoprolol Tartrate,Metoprolol Tartrate,22,54,1591,114.79,,,22,54,114.79,1591,*,
1003005034,Staggers,Misti,Newark,OH,39,Certified Clinical Nurse Specialist,NPPES-Specialty,Metronidazole,Metronidazole,11,11,100,191.43,,*,,,,,*,
1003005034,Staggers,Misti,Newark,OH,39,Certified Clinical Nurse Specialist,NPPES-Specialty,Mirtazapine,Mirtazapine,11,29,870,275.38,,,11,29,275.38,870,*,
1003005034,Staggers,Misti,Newark,OH,39,Certified Clinical Nurse Specialist,NPPES-Specialty,Mupirocin,Mupirocin,11,11,165,92.33,11,*,,,,,*,
1003005034,Staggers,Misti,Newark,OH,39,Certified Clinical Nurse Specialist,NPPES-Specialty,Nitrofurantoin Mono-Macro,Nitrofurantoin Monohyd/M-Cryst,24,24,171,477.47,22,,24,24,477.47,171,,22
1003005034,Staggers,Misti,Newark,OH,39,Certified Clinical Nurse Specialist,NPPES-Specialty,Nystatin,Nystatin,22,28,639,398.51,18,#,,,,,#,
1003005034,Staggers,Misti,Newark,OH,39,Certified Clinical Nurse Specialist,NPPES-Specialty,Omeprazole,Omeprazole,84,206,6039,1308.69,29,,62,172,974.42,5068,#,
1003005034,Staggers,Misti,Newark,OH,39,Certified Clinical Nurse Specialist,NPPES-Specialty,Ondansetron Hcl,Ondansetron Hcl,19,27,621,363.86,12,#,,,,,*,
1003005034,Staggers,Misti,Newark,OH,39,Certified Clinical Nurse Specialist,NPPES-Specialty,Oxybutynin Chloride,Oxybutynin Chloride,14,26,762,111.89,,*,,,,,*,
1003005034,Staggers,Misti,Newark,OH,39,Certified Clinical Nurse Specialist,NPPES-Specialty,Oxybutynin Chloride Er,Oxybutynin Chloride,11,33,990,131.32,,*,,,,,*,
1003005034,Staggers,Misti,Newark,OH,39,Certified Clinical Nurse Specialist,NPPES-Specialty,Oxycodone-Acetaminophen,Oxycodone Hcl/Acetaminophen,11,11,330,512.16,,*,,,,,*,
1003005034,Staggers,Misti,Newark,OH,39,Certified Clinical Nurse Specialist,NPPES-Specialty,Ozempic,Semaglutide,21,29,840,29104.96,,#,,,,,*,
1003005034,Staggers,Misti,Newark,OH,39,Certified Clinical Nurse Specialist,NPPES-Specialty,Pantoprazole Sodium,Pantoprazole Sodium,33,95,2850,600.16,15,#,,,,,#,
1003005034,Staggers,Misti,Newark,OH,39,Certified Clinical Nurse Specialist,NPPES-Specialty,Paroxetine Hcl,Paroxetine Hcl,12,36,1080,400.44,,*,,,,,*,
1003005034,Staggers,Misti,Newark,OH,39,Certified Clinical Nurse Specialist,NPPES-Specialty,Paxlovid (Eua),Nirmatrelvir/Ritonavir,12,12,60,88.32,11,,12,12,88.32,60,,11
1003005034,Staggers,Misti,Newark,OH,39,Certified Clinical Nurse Specialist,NPPES-Specialty,Pioglitazone Hcl,Pioglitazone Hcl,17,47,1410,492.42,,#,,,,,*,
1003005034,Staggers,Misti,Newark,OH,39,Certified Clinical Nurse Specialist,NPPES-Specialty,Potassium Chloride,Potassium Chloride,61,137.1,4004,1655.58,24,,61,137.1,1655.58,4004,,24
1003005034,Staggers,Misti,Newark,OH,39,Certified Clinical Nurse Specialist,NPPES-Specialty,Pravastatin Sodium,Pravastatin Sodium,16,48.7,1460,497.25,,,16,48.7,497.25,1460,*,
1003005034,Staggers,Misti,Newark,OH,39,Certified Clinical Nurse Specialist,NPPES-Specialty,Prednisone,Prednisone,115,115,1013,298.94,83,#,,,,,#,
1003005034,Staggers,Misti,Newark,OH,39,Certified Clinical Nurse Specialist,NPPES-Specialty,Risperidone,Risperidone,12,12.4,372,251.93,,,0,0,0,0,#,
1003005034,Staggers,Misti,Newark,OH,39,Certified Clinical Nurse Specialist,NPPES-Specialty,Ropinirole Hcl,Ropinirole Hcl,11,33,990,222.69,,,11,33,222.69,990,*,
1003005034,Staggers,Misti,Newark,OH,39,Certified Clinical Nurse Specialist,NPPES-Specialty,Rosuvastatin Calcium,Rosuvastatin Calcium,85,253,7567,1131.81,32,#,,,,,#,
1003005034,Staggers,Misti,Newark,OH,39,Certified Clinical Nurse Specialist,NPPES-Specialty,Sertraline Hcl,Sertraline Hcl,67,155,4650,715.31,19,#,,,,,#,
1003005034,Staggers,Misti,Newark,OH,39,Certified Clinical Nurse Specialist,NPPES-Specialty,Simvastatin,Simvastatin,58,126,3578,424.58,13,,45,113,335.75,3214,#,
1003005034,Staggers,Misti,Newark,OH,39,Certified Clinical Nurse Specialist,NPPES-Specialty,Spironolactone,Spironolactone,11,33,990,205.29,,,11,33,205.29,990,*,
1003005034,Staggers,Misti,Newark,OH,39,Certified Clinical Nurse Specialist,NPPES-Specialty,Sulfamethoxazole-Trimethoprim,Sulfamethoxazole/Trimethoprim,26,26,195,113.44,21,#,,,,,#,
1003005034,Staggers,Misti,Newark,OH,39,Certified Clinical Nurse Specialist,NPPES-Specialty,Tamsulosin Hcl,Tamsulosin Hcl,39,107,3210,807.57,14,#,,,,,#,
1003005034,Staggers,Misti,Newark,OH,39,Certified Clinical Nurse Specialist,NPPES-Specialty,Temazepam,Temazepam,12,12,360,55.6,,,12,12,55.6,360,*,
1003005034,Staggers,Misti,Newark,OH,39,Certified Clinical Nurse Specialist,NPPES-Specialty,Tizanidine Hcl,Tizanidine Hcl,24,44,1104,173.41,12,,24,44,173.41,1104,,12
1003005034,Staggers,Misti,Newark,OH,39,Certified Clinical Nurse Specialist,NPPES-Specialty,Topiramate,Topiramate,15,31.2,936,294.16,,*,,,,,*,
1003005034,Staggers,Misti,Newark,OH,39,Certified Clinical Nurse Specialist,NPPES-Specialty,Tramadol Hcl,Tramadol Hcl,53,53,1277,356.35,24,#,,,,,#,
1003005034,Staggers,Misti,Newark,OH,39,Certified Clinical Nurse Specialist,NPPES-Specialty,Trazodone Hcl,Trazodone Hcl,50,111.4,3342,383.49,13,#,,,,,#,
1003005034,Staggers,Misti,Newark,OH,39,Certified Clinical Nurse Specialist,NPPES-Specialty,Triamterene-Hydrochlorothiazid,Triamterene/Hydrochlorothiazid,17,51,1530,190.9,,,17,51,190.9,1530,*,
1003005034,Staggers,Misti,Newark,OH,39,Certified Clinical Nurse Specialist,NPPES-Specialty,Valacyclovir,Valacyclovir Hcl,20,22,229,336.57,16,#,,,,,#,
1003005034,Staggers,Misti,Newark,OH,39,Certified Clinical Nurse Specialist,NPPES-Specialty,Valsartan,Valsartan,45,123,3645,2316.17,16,#,,,,,#,
1003005034,Staggers,Misti,Newark,OH,39,Certified Clinical Nurse Specialist,NPPES-Specialty,Valsartan-Hydrochlorothiazide,Valsartan/Hydrochlorothiazide,16,34,1020,611.29,,,16,34,611.29,1020,*,
1003005034,Staggers,Misti,Newark,OH,39,Certified Clinical Nurse Specialist,NPPES-Specialty,Venlafaxine Hcl Er,Venlafaxine Hcl,20,46,1380,1314.05,,,20,46,1314.05,1380,*,
1003005034,Staggers,Misti,Newark,OH,39,Certified Clinical Nurse Specialist,NPPES-Specialty,Warfarin Sodium,Warfarin Sodium,71,186.1,5501,992.16,24,#,,,,,#,
1003005034,Staggers,Misti,Newark,OH,39,Certified Clinical Nurse Specialist,NPPES-Specialty,Zolpidem Tartrate,Zolpidem Tartrate,25,25,718,70.25,,,25,25,70.25,718,*,
1003005075,Vu,Tom,Sherman Oaks,CA,06,Dentist,NPPES-Specialty,Amoxicillin,Amoxicillin,31,31,182,127.94,27,#,,,,,#,
1003005372,Padro-Guzman,Jesuel,New York,NY,36,Physical Medicine and Rehabilitation,Claim-Specialty,Duloxetine Hcl,Duloxetine Hcl,19,23,690,340.18,,,19,23,340.18,690,*,
1003005372,Padro-Guzman,Jesuel,New York,NY,36,Physical Medicine and Rehabilitation,Claim-Specialty,Gabapentin,Gabapentin,43,79,2350,401.02,16,#,,,,,#,
1003005661,Oketokun,Adefolaju,Washington,DC,11,General Practice,Claim-Specialty,Amlodipine Besylate,Amlodipine Besylate,16,22.4,672,41.77,,#,,,,,*,
1003005661,Oketokun,Adefolaju,Washington,DC,11,General Practice,Claim-Specialty,Atorvastatin Calcium,Atorvastatin Calcium,18,24.4,732,86.06,,#,,,,,*,
1003005661,Oketokun,Adefolaju,Washington,DC,11,General Practice,Claim-Specialty,Brimonidine Tartrate,Brimonidine Tartrate,12,12,360,1849.68,,,12,12,1849.68,360,*,
1003005661,Oketokun,Adefolaju,Washington,DC,11,General Practice,Claim-Specialty,Doxazosin Mesylate,Doxazosin Mesylate,12,12.4,372,95.13,,,12,12.4,95.13,372,*,
1003005661,Oketokun,Adefolaju,Washington,DC,11,General Practice,Claim-Specialty,Latanoprost,Latanoprost,12,12,360,76.28,,,12,12,76.28,360,*,
1003005661,Oketokun,Adefolaju,Washington,DC,11,General Practice,Claim-Specialty,Levothyroxine Sodium,Levothyroxine Sodium,11,15,450,156.1,,,11,15,156.1,450,*,
1003005661,Oketokun,Adefolaju,Washington,DC,11,General Practice,Claim-Specialty,Lisinopril,Lisinopril,20,24.4,732,102.73,,#,,,,,*,
1003005661,Oketokun,Adefolaju,Washington,DC,11,General Practice,Claim-Specialty,Oxybutynin Chloride Er,Oxybutynin Chloride,17,17,510,722.12,,,17,17,722.12,510,*,
1003005729,Walnoha,Wade,Westerville,OH,39,Physician Assistant,Claim-Specialty,Doxycycline Monohydrate,Doxycycline Monohydrate,19,19,154,290.78,19,#,,,,,#,
1003005729,Walnoha,Wade,Westerville,OH,39,Physician Assistant,Claim-Specialty,Hydrocodone-Acetaminophen,Hydrocodone/Acetaminophen,35,35,83,118.36,35,#,,,,,#,
1003005729,Walnoha,Wade,Westerville,OH,39,Physician Assistant,Claim-Specialty,Methylprednisolone,Methylprednisolone,16,16,105,139.87,16,#,,,,,#,
1003005729,Walnoha,Wade,Westerville,OH,39,Physician Assistant,Claim-Specialty,Ondansetron Odt,Ondansetron,15,15,96,156.49,15,*,,,,,*,
1003005729,Walnoha,Wade,Westerville,OH,39,Physician Assistant,Claim-Specialty,Oxycodone-Acetaminophen,Oxycodone Hcl/Acetaminophen,27,27,58,76.48,27,#,,,,,#,
1003005729,Walnoha,Wade,Westerville,OH,39,Physician Assistant,Claim-Specialty,Prednisone,Prednisone,13,13,72,52.15,13,*,,,,,*,
1003005745,Dastgir,Jahannaz,New York,NY,36,Neurology,Claim-Specialty,Emflaza,Deflazacort,24,24,705,206835.6,,,0,0,0,0,#,
1003005745,Dastgir,Jahannaz,New York,NY,36,Neurology,Claim-Specialty,Evrysdi,Risdiplam,16,16,384,423497.44,,,0,0,0,0,#,
1003005836,Leasure,Emily,Rochester,MN,27,Internal Medicine,Claim-Specialty,Albuterol Sulfate Hfa,Albuterol Sulfate,20,31.4,792,970.78,,#,,,,,*,
1003005836,Leasure,Emily,Rochester,MN,27,Internal Medicine,Claim-Specialty,Alendronate Sodium,Alendronate Sodium,62,98,2856,650.2,13,,48,84,550.9,2464,#,
1003005836,Leasure,Emily,Rochester,MN,27,Internal Medicine,Claim-Specialty,Alfuzosin Hcl Er,Alfuzosin Hcl,13,13,366,207.47,,,13,13,207.47,366,*,
1003005836,Leasure,Emily,Rochester,MN,27,Internal Medicine,Claim-Specialty,Amlodipine Besylate,Amlodipine Besylate,81,232.8,6985,784.16,31,#,,,,,#,
1003005836,Leasure,Emily,Rochester,MN,27,Internal Medicine,Claim-Specialty,Atorvastatin Calcium,Atorvastatin Calcium,109,297.3,8909,2148.37,39,,98,284.3,1918,8519,#,
1003005836,Leasure,Emily,Rochester,MN,27,Internal Medicine,Claim-Specialty,Bupropion Xl,Bupropion Hcl,33,45,1350,501.57,,#,,,,,*,
1003005836,Leasure,Emily,Rochester,MN,27,Internal Medicine,Claim-Specialty,Duloxetine Hcl,Duloxetine Hcl,47,104.4,3125,2050.05,16,#,,,,,#,
1003005836,Leasure,Emily,Rochester,MN,27,Internal Medicine,Claim-Specialty,Eliquis,Apixaban,23,69,2070,39773.44,,,23,69,39773.44,2070,*,
1003005836,Leasure,Emily,Rochester,MN,27,Internal Medicine,Claim-Specialty,Escitalopram Oxalate,Escitalopram Oxalate,56,126,3780,1034.1,15,#,,,,,#,
1003005836,Leasure,Emily,Rochester,MN,27,Internal Medicine,Claim-Specialty,Estradiol,Estradiol,24,52,1558,4549.2,,#,,,,,*,
1003005836,Leasure,Emily,Rochester,MN,27,Internal Medicine,Claim-Specialty,Famotidine,Famotidine,12,22,660,315.02,,*,,,,,*,
1003005836,Leasure,Emily,Rochester,MN,27,Internal Medicine,Claim-Specialty,Finasteride,Finasteride,16,44.1,1321,496.94,,,16,44.1,496.94,1321,*,
1003005836,Leasure,Emily,Rochester,MN,27,Internal Medicine,Claim-Specialty,Fluoxetine Hcl,Fluoxetine Hcl,13,27.2,817,72.34,,*,,,,,*,
1003005836,Leasure,Emily,Rochester,MN,27,Internal Medicine,Claim-Specialty,Furosemide,Furosemide,21,63.7,1910,214.47,,,21,63.7,214.47,1910,*,
1003005836,Leasure,Emily,Rochester,MN,27,Internal Medicine,Claim-Specialty,Gabapentin,Gabapentin,34,84,2494,705.72,14,#,,,,,#,
1003005836,Leasure,Emily,Rochester,MN,27,Internal Medicine,Claim-Specialty,Hydrochlorothiazide,Hydrochlorothiazide,43,125,3750,217.55,12,,43,125,217.55,3750,,12
1003005836,Leasure,Emily,Rochester,MN,27,Internal Medicine,Claim-Specialty,Ipratropium Bromide,Ipratropium Bromide,11,20.8,587,646.23,,,11,20.8,646.23,587,*,
1003005836,Leasure,Emily,Rochester,MN,27,Internal Medicine,Claim-Specialty,Latanoprost,Latanoprost,13,18.7,499,269.22,,,13,18.7,269.22,499,*,
1003005836,Leasure,Emily,Rochester,MN,27,Internal Medicine,Claim-Specialty,Levothyroxine Sodium,Levothyroxine Sodium,76,222.7,6674,1487.9,27,#,,,,,#,
1003005836,Leasure,Emily,Rochester,MN,27,Internal Medicine,Claim-Specialty,Lisinopril,Lisinopril,54,135,4049,557.58,16,#,,,,,#,
1003005836,Leasure,Emily,Rochester,MN,27,Internal Medicine,Claim-Specialty,Losartan Potassium,Losartan Potassium,64,162.3,4870,1015.3,22,#,,,,,#,
1003005836,Leasure,Emily,Rochester,MN,27,Internal Medicine,Claim-Specialty,Lovastatin,Lovastatin,11,11,330,90.02,,,11,11,90.02,330,*,
1003005836,Leasure,Emily,Rochester,MN,27,Internal Medicine,Claim-Specialty,Meloxicam,Meloxicam,13,21,614,65.59,,,13,21,65.59,614,*,
1003005836,Leasure,Emily,Rochester,MN,27,Internal Medicine,Claim-Specialty,Metformin Hcl,Metformin Hcl,19,57,1710,330.96,,,19,57,330.96,1710,*,
1003005836,Leasure,Emily,Rochester,MN,27,Internal Medicine,Claim-Specialty,Metformin Hcl Er,Metformin Hcl,22,65,1950,512.46,,#,,,,,*,
1003005836,Leasure,Emily,Rochester,MN,27,Internal Medicine,Claim-Specialty,Metoprolol Succinate,Metoprolol Succinate,35,85,2536,1155.82,11,#,,,,,*,
1003005836,Leasure,Emily,Rochester,MN,27,Internal Medicine,Claim-Specialty,Metoprolol Tartrate,Metoprolol Tartrate,23,54.7,1640,237.5,,#,,,,,*,
1003005836,Leasure,Emily,Rochester,MN,27,Internal Medicine,Claim-Specialty,Mirtazapine,Mirtazapine,15,44.8,1344,702.98,,*,,,,,*,
1003005836,Leasure,Emily,Rochester,MN,27,Internal Medicine,Claim-Specialty,Novolog Flexpen,Insulin Aspart,12,22.7,680,18053.3,,*,,,,,*,
1003005836,Leasure,Emily,Rochester,MN,27,Internal Medicine,Claim-Specialty,Omeprazole,Omeprazole,32,89.2,2675,619.79,14,,32,89.2,619.79,2675,,14
1003005836,Leasure,Emily,Rochester,MN,27,Internal Medicine,Claim-Specialty,Pantoprazole Sodium,Pantoprazole Sodium,50,116,3480,758.03,18,,30,90,556.94,2700,#,
1003005836,Leasure,Emily,Rochester,MN,27,Internal Medicine,Claim-Specialty,Phenobarbital,Phenobarbital,14,18,540,602.81,,*,,,,,*,
1003005836,Leasure,Emily,Rochester,MN,27,Internal Medicine,Claim-Specialty,Pramipexole Dihydrochloride,Pramipexole Di-Hcl,11,33,990,265.13,,,11,33,265.13,990,*,
1003005836,Leasure,Emily,Rochester,MN,27,Internal Medicine,Claim-Specialty,Pravastatin Sodium,Pravastatin Sodium,20,60,1800,496.03,,,20,60,496.03,1800,*,
1003005836,Leasure,Emily,Rochester,MN,27,Internal Medicine,Claim-Specialty,Pregabalin,Pregabalin,40,57,1710,2064.31,,,21,33,743.58,990,*,
1003005836,Leasure,Emily,Rochester,MN,27,Internal Medicine,Claim-Specialty,Rosuvastatin Calcium,Rosuvastatin Calcium,56,144.5,4334,1480.92,20,,56,144.5,1480.92,4334,,20
1003005836,Leasure,Emily,Rochester,MN,27,Internal Medicine,Claim-Specialty,Sertraline Hcl,Sertraline Hcl,13,33.3,1000,267.39,,*,,,,,*,
1003005836,Leasure,Emily,Rochester,MN,27,Internal Medicine,Claim-Specialty,Simvastatin,Simvastatin,42,102,3060,651.84,13,,42,102,651.84,3060,,13
1003005836,Leasure,Emily,Rochester,MN,27,Internal Medicine,Claim-Specialty,Spironolactone,Spironolactone,13,39,1170,173.05,,,13,39,173.05,1170,*,
1003005836,Leasure,Emily,Rochester,MN,27,Internal Medicine,Claim-Specialty,Symbicort,Budesonide/Formoterol Fumarate,13,15,450,5746.6,,*,,,,,*,
1003005836,Leasure,Emily,Rochester,MN,27,Internal Medicine,Claim-Specialty,Tamsulosin Hcl,Tamsulosin Hcl,38,100,3000,840.64,13,,38,100,840.64,3000,,13
1003005836,Leasure,Emily,Rochester,MN,27,Internal Medicine,Claim-Specialty,Torsemide,Torsemide,31,53.1,1571,855.62,,#,,,,,*,
1003005836,Leasure,Emily,Rochester,MN,27,Internal Medicine,Claim-Specialty,Tramadol Hcl,Tramadol Hcl,25,25,618,224.18,,,25,25,224.18,618,*,
1003005836,Leasure,Emily,Rochester,MN,27,Internal Medicine,Claim-Specialty,Trazodone Hcl,Trazodone Hcl,31,73.5,2206,595.27,,#,,,,,*,
1003005836,Leasure,Emily,Rochester,MN,27,Internal Medicine,Claim-Specialty,Ventolin Hfa,Albuterol Sulfate,19,21.8,431,1352.31,,#,,,,,*,
1003005836,Leasure,Emily,Rochester,MN,27,Internal Medicine,Claim-Specialty,Warfarin Sodium,Warfarin Sodium,16,31.7,828,371.86,,,16,31.7,371.86,828,*,
1003005836,Leasure,Emily,Rochester,MN,27,Internal Medicine,Claim-Specialty,Zolpidem Tartrate,Zolpidem Tartrate,38,46,1380,268.74,,,38,46,268.74,1380,*,
1003006107,Al-Saab,Saad,Tomball,TX,48,Cardiology,Claim-Specialty,Amlodipine Besylate,Amlodipine Besylate,14,43,1290,150.34,,,14,43,150.34,1290,*,
1003006107,Al-Saab,Saad,Tomball,TX,48,Cardiology,Claim-Specialty,Atorvastatin Calcium,Atorvastatin Calcium,21,60.3,1798,159.49,,,21,60.3,159.49,1798,*,
1003006107,Al-Saab,Saad,Tomball,TX,48,Cardiology,Claim-Specialty,Carvedilol,Carvedilol,13,37,1110,91.61,,#,,,,,*,
1003006107,Al-Saab,Saad,Tomball,TX,48,Cardiology,Claim-Specialty,Clopidogrel,Clopidogrel Bisulfate,23,53,1590,213.08,11,,23,53,213.08,1590,,11
1003006107,Al-Saab,Saad,Tomball,TX,48,Cardiology,Claim-Specialty,Eliquis,Apixaban,17,25,750,12917.44,,,17,25,12917.44,750,*,
1003006107,Al-Saab,Saad,Tomball,TX,48,Cardiology,Claim-Specialty,Furosemide,Furosemide,12,32,960,79.86,,,12,32,79.86,960,*,
1003006107,Al-Saab,Saad,Tomball,TX,48,Cardiology,Claim-Specialty,Lisinopril,Lisinopril,11,31,930,109.12,,*,,,,,*,
1003006107,Al-Saab,Saad,Tomball,TX,48,Cardiology,Claim-Specialty,Metoprolol Succinate,Metoprolol Succinate,18,53.3,1600,387.33,,#,,,,,*,
1003006107,Al-Saab,Saad,Tomball,TX,48,Cardiology,Claim-Specialty,Metoprolol Tartrate,Metoprolol Tartrate,12,32,960,85.22,,,12,32,85.22,960,*,
1003006115,Durham,Benjamin,Thomaston,GA,13,Physician Assistant,Claim-Specialty,Calcitonin-Salmon,"Calcitonin,salmon,synthetic",15,17,510,1221.63,11,,15,17,1221.63,510,,11
1003006115,Durham,Benjamin,Thomaston,GA,13,Physician Assistant,Claim-Specialty,Celecoxib,Celecoxib,22,34,1020,933.77,13,#,,,,,#,
1003006115,Durham,Benjamin,Thomaston,GA,13,Physician Assistant,Claim-Specialty,Diclofenac Sodium,Diclofenac Sodium,42,46,1343,674.94,26,,42,46,674.94,1343,,26
1003006115,Durham,Benjamin,Thomaston,GA,13,Physician Assistant,Claim-Specialty,Gabapentin,Gabapentin,158,160,4745,1648.85,67,#,,,,,#,
1003006115,Durham,Benjamin,Thomaston,GA,13,Physician Assistant,Claim-Specialty,Meloxicam,Meloxicam,23,27,785,138.95,15,#,,,,,#,
1003006115,Durham,Benjamin,Thomaston,GA,13,Physician Assistant,Claim-Specialty,Methylprednisolone,Methylprednisolone,207,207,1242,1727.35,184,#,,,,,#,
1003006115,Durham,Benjamin,Thomaston,GA,13,Physician Assistant,Claim-Specialty,Prednisone,Prednisone,20,20,120,326.47,18,#,,,,,#,
1003006115,Durham,Benjamin,Thomaston,GA,13,Physician Assistant,Claim-Specialty,Sulfamethoxazole-Trimethoprim,Sulfamethoxazole/Trimethoprim,14,14,108,69.72,14,#,,,,,#,
1003006115,Durham,Benjamin,Thomaston,GA,13,Physician Assistant,Claim-Specialty,Tramadol Hcl,Tramadol Hcl,33,33,187,90.66,31,#,,,,,#,
1003006149,Gamboa,Stephen,Chapel Hill,NC,37,Family Practice,Claim-Specialty,Amoxicillin-Clavulanate Potass,Amoxicillin/Potassium Clav,16,16,148,160.29,15,#,,,,,#,
1003006149,Gamboa,Stephen,Chapel Hill,NC,37,Family Practice,Claim-Specialty,Meloxicam,Meloxicam,12,14.3,430,35.49,,*,,,,,*,
1003006172,Quezada,Nestor,Riviera Beach,FL,12,Infectious Disease,Claim-Specialty,Biktarvy,Bictegrav/Emtricit/Tenofov Ala,18,18,524,71032.86,,*,,,,,*,
1003006172,Quezada,Nestor,Riviera Beach,FL,12,Infectious Disease,Claim-Specialty,Cefadroxil,Cefadroxil,11,21,610,190.52,,,11,21,190.52,610,*,
1003006172,Quezada,Nestor,Riviera Beach,FL,12,Infectious Disease,Claim-Specialty,Ceftriaxone,Ceftriaxone Sodium,17,17,100,859.61,,,17,17,859.61,100,*,
1003006172,Quezada,Nestor,Riviera Beach,FL,12,Infectious Disease,Claim-Specialty,Cephalexin,Cephalexin,20,20,553,212.49,,*,,,,,*,
1003006172,Quezada,Nestor,Riviera Beach,FL,12,Infectious Disease,Claim-Specialty,Doxycycline Hyclate,Doxycycline Hyclate,29,51,1463,1868.72,15,#,,,,,#,
1003006198,Cinski,Laura,Fairfax,VA,51,Neurology,Claim-Specialty,Aimovig Autoinjector,Erenumab-Aooe,48,64,1918,50626.77,12,,35,51,40212.02,1528,*,
1003006198,Cinski,Laura,Fairfax,VA,51,Neurology,Claim-Specialty,Ajovy Autoinjector,Fremanezumab-Vfrm,15,15,450,10626.65,,,0,0,0,0,#,
1003006198,Cinski,Laura,Fairfax,VA,51,Neurology,Claim-Specialty,Butalbital-Acetaminophen-Caffe,Butalb/Acetaminophen/Caffeine,56,57.7,1071,1749.75,,,32,32.7,1566.28,699,*,
1003006198,Cinski,Laura,Fairfax,VA,51,Neurology,Claim-Specialty,Cyclobenzaprine Hcl,Cyclobenzaprine Hcl,36,36,540,172.86,,,0,0,0,0,#,
1003006198,Cinski,Laura,Fairfax,VA,51,Neurology,Claim-Specialty,Divalproex Sodium,Divalproex Sodium,14,30,813,414.53,,*,,,,,*,
1003006198,Cinski,Laura,Fairfax,VA,51,Neurology,Claim-Specialty,Duloxetine Hcl,Duloxetine Hcl,42,59,1770,1069.57,,,28,31,668.63,930,*,
1003006198,Cinski,Laura,Fairfax,VA,51,Neurology,Claim-Specialty,Emgality Pen,Galcanezumab-Gnlm,45,51,1524,37846.32,,,15,15,10862.67,444,*,
1003006198,Cinski,Laura,Fairfax,VA,51,Neurology,Claim-Specialty,Ergotamine-Caffeine,Ergotamine Tartrate/Caffeine,12,12,300,3416.28,,,12,12,3416.28,300,*,
1003006198,Cinski,Laura,Fairfax,VA,51,Neurology,Claim-Specialty,Gabapentin,Gabapentin,81,119,3520,777.06,23,,53,87,507.71,2560,#,
1003006198,Cinski,Laura,Fairfax,VA,51,Neurology,Claim-Specialty,Memantine Hcl,Memantine Hcl,14,18,540,348.13,,,0,0,0,0,#,
1003006198,Cinski,Laura,Fairfax,VA,51,Neurology,Claim-Specialty,Nortriptyline Hcl,Nortriptyline Hcl,16,22,635,156.91,,#,,,,,*,
1003006198,Cinski,Laura,Fairfax,VA,51,Neurology,Claim-Specialty,Nurtec Odt,Rimegepant Sulfate,96,100.4,2746,176850.29,32,,48,48.3,90388.59,1400,,16
1003006198,Cinski,Laura,Fairfax,VA,51,Neurology,Claim-Specialty,Ondansetron Hcl,Ondansetron Hcl,30,30,190,129.82,,*,,,,,*,
1003006198,Cinski,Laura,Fairfax,VA,51,Neurology,Claim-Specialty,Ondansetron Odt,Ondansetron,11,11,121,172.33,,*,,,,,*,
1003006198,Cinski,Laura,Fairfax,VA,51,Neurology,Claim-Specialty,Qulipta,Atogepant,106,106,3180,118499.85,21,,56,56,62152.43,1680,*,
1003006198,Cinski,Laura,Fairfax,VA,51,Neurology,Claim-Specialty,Rizatriptan,Rizatriptan Benzoate,42,46,1245,1195.67,14,,23,23,371.55,627,*,
1003006198,Cinski,Laura,Fairfax,VA,51,Neurology,Claim-Specialty,Sumatriptan Succinate,Sumatriptan Succinate,52,52.8,1564,602.25,,,39,39.8,427.92,1174,*,
1003006198,Cinski,Laura,Fairfax,VA,51,Neurology,Claim-Specialty,Topiramate,Topiramate,36,75.3,2250,983.52,13,*,,,,,*,
1003006198,Cinski,Laura,Fairfax,VA,51,Neurology,Claim-Specialty,Ubrelvy,Ubrogepant,67,67,1580,96761.47,14,,37,37,45623.08,762,*,
1003006198,Cinski,Laura,Fairfax,VA,51,Neurology,Claim-Specialty,Venlafaxine Hcl Er,Venlafaxine Hcl,17,21,630,352.3,,*,,,,,*,
1003006354,Chelson,Debora,Tucson,AZ,04,Naturopath,NPPES-Taxonomy,Levothyroxine Sodium,Levothyroxine Sodium,11,14,420,104.86,,,11,14,104.86,420,*,
1003006396,Rush,Michelle,Memphis,TN,47,Nurse Practitioner,Claim-Specialty,Albuterol Sulfate Hfa,Albuterol Sulfate,76,98.6,2583,2508.47,20,,38,52,1362.31,1452,*,
1003006396,Rush,Michelle,Memphis,TN,47,Nurse Practitioner,Claim-Specialty,Allopurinol,Allopurinol,13,17,510,130.32,,*,,,,,*,
1003006396,Rush,Michelle,Memphis,TN,47,Nurse Practitioner,Claim-Specialty,Amlodipine Besylate,Amlodipine Besylate,124,228,6816,1089.17,46,,54,108,540.19,3216,,22
1003006396,Rush,Michelle,Memphis,TN,47,Nurse Practitioner,Claim-Specialty,Atorvastatin Calcium,Atorvastatin Calcium,82,151,4530,1274.93,28,,40,72,498.56,2160,,14
1003006396,Rush,Michelle,Memphis,TN,47,Nurse Practitioner,Claim-Specialty,Biktarvy,Bictegrav/Emtricit/Tenofov Ala,134,134,4020,551533.38,22,,55,55,221769.82,1650,*,
1003006396,Rush,Michelle,Memphis,TN,47,Nurse Practitioner,Claim-Specialty,Carvedilol,Carvedilol,26,36,1065,331.8,,*,,,,,*,
1003006396,Rush,Michelle,Memphis,TN,47,Nurse Practitioner,Claim-Specialty,Complera,Emtricita/Rilpivirine/Tenof Df,23,23,690,87583.11,,,12,12,45924.18,360,*,
1003006396,Rush,Michelle,Memphis,TN,47,Nurse Practitioner,Claim-Specialty,Descovy,Emtricitabine/Tenofov Alafenam,68,68,2040,154081.71,,,19,19,45442.6,570,*,
1003006396,Rush,Michelle,Memphis,TN,47,Nurse Practitioner,Claim-Specialty,Dovato,Dolutegravir Sodium/Lamivudine,25,25,750,75502,,#,,,,,*,
1003006396,Rush,Michelle,Memphis,TN,47,Nurse Practitioner,Claim-Specialty,Eliquis,Apixaban,17,19,570,11156.53,,#,,,,,*,
1003006396,Rush,Michelle,Memphis,TN,47,Nurse Practitioner,Claim-Specialty,Escitalopram Oxalate,Escitalopram Oxalate,15,29,870,310.49,,*,,,,,*,
1003006396,Rush,Michelle,Memphis,TN,47,Nurse Practitioner,Claim-Specialty,Famotidine,Famotidine,18,31,930,359.13,,#,,,,,*,
1003006396,Rush,Michelle,Memphis,TN,47,Nurse Practitioner,Claim-Specialty,Fluticasone Propionate,Fluticasone Propionate,13,18,540,401.46,,,0,0,0,0,#,
1003006396,Rush,Michelle,Memphis,TN,47,Nurse Practitioner,Claim-Specialty,Furosemide,Furosemide,13,17,510,144.39,,,0,0,0,0,#,
1003006396,Rush,Michelle,Memphis,TN,47,Nurse Practitioner,Claim-Specialty,Gabapentin,Gabapentin,56,56,1661,779.13,19,,39,39,481.94,1170,#,
1003006396,Rush,Michelle,Memphis,TN,47,Nurse Practitioner,Claim-Specialty,Genvoya,Elviteg/Cob/Emtri/Tenof Alafen,128,128,3840,512151.17,27,,83,83,333428.49,2490,,16
1003006396,Rush,Michelle,Memphis,TN,47,Nurse Practitioner,Claim-Specialty,Hydrochlorothiazide,Hydrochlorothiazide,71,119,3547,258.96,17,,13,21,37.75,607,*,
1003006396,Rush,Michelle,Memphis,TN,47,Nurse Practitioner,Claim-Specialty,Hydroxyzine Hcl,Hydroxyzine Hcl,13,17.7,506,620.43,,*,,,,,*,
1003006396,Rush,Michelle,Memphis,TN,47,Nurse Practitioner,Claim-Specialty,Januvia,Sitagliptin Phosphate,17,21,630,12608.86,,#,,,,,*,
1003006396,Rush,Michelle,Memphis,TN,47,Nurse Practitioner,Claim-Specialty,Juluca,Dolutegravir/Rilpivirine,65,65,1950,225378.08,12,,34,34,122454.47,1020,*,
1003006396,Rush,Michelle,Memphis,TN,47,Nurse Practitioner,Claim-Specialty,Lisinopril,Lisinopril,43,97,2910,571.05,14,,32,64,433.7,1920,*,
1003006396,Rush,Michelle,Memphis,TN,47,Nurse Practitioner,Claim-Specialty,Lisinopril-Hydrochlorothiazide,Lisinopril/Hydrochlorothiazide,19,46,1380,322.37,,#,,,,,*,
1003006396,Rush,Michelle,Memphis,TN,47,Nurse Practitioner,Claim-Specialty,Losartan Potassium,Losartan Potassium,28,64,1920,655.35,12,#,,,,,*,
1003006396,Rush,Michelle,Memphis,TN,47,Nurse Practitioner,Claim-Specialty,Meloxicam,Meloxicam,12,17,510,100.18,,*,,,,,*,
1003006396,Rush,Michelle,Memphis,TN,47,Nurse Practitioner,Claim-Specialty,Metformin Hcl,Metformin Hcl,25,61,1813,171.9,,#,,,,,*,
1003006396,Rush,Michelle,Memphis,TN,47,Nurse Practitioner,Claim-Specialty,Metformin Hcl Er,Metformin Hcl,37,59.5,1785,707.44,,,26,42,539.41,1260,*,
1003006396,Rush,Michelle,Memphis,TN,47,Nurse Practitioner,Claim-Specialty,Odefsey,Emtricitab/Rilpiviri/Tenof Ala,23,23,690,85592.19,,#,,,,,*,
1003006396,Rush,Michelle,Memphis,TN,47,Nurse Practitioner,Claim-Specialty,Omeprazole,Omeprazole,20,50,1500,614.66,,#,,,,,*,
1003006396,Rush,Michelle,Memphis,TN,47,Nurse Practitioner,Claim-Specialty,Oxybutynin Chloride,Oxybutynin Chloride,11,17,510,370.74,,*,,,,,*,
1003006396,Rush,Michelle,Memphis,TN,47,Nurse Practitioner,Claim-Specialty,Pantoprazole Sodium,Pantoprazole Sodium,16,25,750,187.18,,#,,,,,*,
1003006396,Rush,Michelle,Memphis,TN,47,Nurse Practitioner,Claim-Specialty,Potassium Chloride,Potassium Chloride,36,60,1746,1164.4,11,,12,22,595.69,660,*,
1003006396,Rush,Michelle,Memphis,TN,47,Nurse Practitioner,Claim-Specialty,Pravastatin Sodium,Pravastatin Sodium,24,44,1320,730.31,,#,,,,,*,
1003006396,Rush,Michelle,Memphis,TN,47,Nurse Practitioner,Claim-Specialty,Prezcobix,Darunavir/Cobicistat,23,23,690,54193.86,,,0,0,0,0,#,
1003006396,Rush,Michelle,Memphis,TN,47,Nurse Practitioner,Claim-Specialty,Prezista,Darunavir,18,18,540,38186.72,,*,,,,,*,
1003006396,Rush,Michelle,Memphis,TN,47,Nurse Practitioner,Claim-Specialty,Ritonavir,Ritonavir,21,25,750,3692.57,,#,,,,,*,
1003006396,Rush,Michelle,Memphis,TN,47,Nurse Practitioner,Claim-Specialty,Rosuvastatin Calcium,Rosuvastatin Calcium,28,72,2160,977.95,,#,,,,,*,
1003006396,Rush,Michelle,Memphis,TN,47,Nurse Practitioner,Claim-Specialty,Sulfamethoxazole-Trimethoprim,Sulfamethoxazole/Trimethoprim,17,27,654,200.75,,*,,,,,*,
1003006396,Rush,Michelle,Memphis,TN,47,Nurse Practitioner,Claim-Specialty,Symbicort,Budesonide/Formoterol Fumarate,24,26,780,9533.48,,*,,,,,*,
1003006396,Rush,Michelle,Memphis,TN,47,Nurse Practitioner,Claim-Specialty,Symtuza,Darunavir/Cob/Emtri/Tenof Alaf,45,45,1350,205214.9,,,13,13,51266.86,390,*,
1003006396,Rush,Michelle,Memphis,TN,47,Nurse Practitioner,Claim-Specialty,Tamsulosin Hcl,Tamsulosin Hcl,25,43,1290,456.68,,#,,,,,*,
1003006396,Rush,Michelle,Memphis,TN,47,Nurse Practitioner,Claim-Specialty,Tivicay,Dolutegravir Sodium,108,108,3240,289922.57,20,,38,38,87543.24,1140,*,
1003006396,Rush,Michelle,Memphis,TN,47,Nurse Practitioner,Claim-Specialty,Triumeq,Abacavir/Dolutegravir/Lamivudi,61,61,1830,232613.39,11,,20,20,77702.2,600,*,
1003006396,Rush,Michelle,Memphis,TN,47,Nurse Practitioner,Claim-Specialty,Valacyclovir,Valacyclovir Hcl,21,41,1177,985.72,,#,,,,,*,
1003006503,Jegede,Olugbemiga,Greensboro,NC,37,Internal Medicine,Claim-Specialty,Gabapentin,Gabapentin,15,19,570,461.64,,*,,,,,*,
1003006503,Jegede,Olugbemiga,Greensboro,NC,37,Internal Medicine,Claim-Specialty,Morphine Sulfate Er,Morphine Sulfate,15,15,450,377.85,,*,,,,,*,
1003006503,Jegede,Olugbemiga,Greensboro,NC,37,Internal Medicine,Claim-Specialty,Oxycodone Hcl,Oxycodone Hcl,39,39,568,700.59,22,*,,,,,*,
1003006503,Jegede,Olugbemiga,Greensboro,NC,37,Internal Medicine,Claim-Specialty,Oxycodone-Acetaminophen,Oxycodone Hcl/Acetaminophen,20,20,315,467.41,,,0,0,0,0,#,
1003006529,Lee,Joon,Brooklyn,NY,36,Dentist,NPPES-Specialty,Amoxicillin,Amoxicillin,99,99,683,216.45,74,,86,86,186.66,600,#,
1003006529,Lee,Joon,Brooklyn,NY,36,Dentist,NPPES-Specialty,Chlorhexidine Gluconate,Chlorhexidine Gluconate,42,42,639,230.58,24,,42,42,230.58,639,,24
1003006529,Lee,Joon,Brooklyn,NY,36,Dentist,NPPES-Specialty,Ibuprofen,Ibuprofen,63,63,441,187.04,55,,52,52,144.41,364,#,
1003006552,Quinonez,Alner,Fort Meade,FL,12,Family Practice,Claim-Specialty,Albuterol Sulfate Hfa,Albuterol Sulfate,141,310.2,9168,9313.02,51,,99,229.2,6496.51,6860,,36
1003006552,Quinonez,Alner,Fort Meade,FL,12,Family Practice,Claim-Specialty,Alendronate Sodium,Alendronate Sodium,177,480.3,14374,2698.04,53,#,,,,,#,
1003006552,Quinonez,Alner,Fort Meade,FL,12,Family Practice,Claim-Specialty,Allopurinol,Allopurinol,76,205,6150,972.83,22,#,,,,,#,
1003006552,Quinonez,Alner,Fort Meade,FL,12,Family Practice,Claim-Specialty,Alprazolam,Alprazolam,97,122,3644,981.09,21,#,,,,,#,
1003006552,Quinonez,Alner,Fort Meade,FL,12,Family Practice,Claim-Specialty,Amitriptyline Hcl,Amitriptyline Hcl,12,36,1080,349.69,,,12,36,349.69,1080,*,
1003006552,Quinonez,Alner,Fort Meade,FL,12,Family Practice,Claim-Specialty,Amlodipine Besylate,Amlodipine Besylate,414,1217.6,36527,3640.54,128,,350,1048.2,3111.09,31447,,110
1003006552,Quinonez,Alner,Fort Meade,FL,12,Family Practice,Claim-Specialty,Amlodipine Besylate-Benazepril,Amlodipine Besylate/Benazepril,14,42,1260,452,,*,,,,,*,
1003006552,Quinonez,Alner,Fort Meade,FL,12,Family Practice,Claim-Specialty,Amoxicillin,Amoxicillin,148,148,1479,1127.07,114,,115,115,830.31,1149,,90
1003006552,Quinonez,Alner,Fort Meade,FL,12,Family Practice,Claim-Specialty,Amoxicillin-Clavulanate Potass,Amoxicillin/Potassium Clav,26,26,260,314.87,23,#,,,,,#,
1003006552,Quinonez,Alner,Fort Meade,FL,12,Family Practice,Claim-Specialty,Anoro Ellipta,Umeclidinium Brm/Vilanterol Tr,12,12,360,5303.52,,,12,12,5303.52,360,*,
1003006552,Quinonez,Alner,Fort Meade,FL,12,Family Practice,Claim-Specialty,Atenolol,Atenolol,28,87.6,2630,330.15,,#,,,,,*,
1003006552,Quinonez,Alner,Fort Meade,FL,12,Family Practice,Claim-Specialty,Atorvastatin Calcium,Atorvastatin Calcium,408,1162.9,34861,7145.77,128,,320,953.9,5602.18,28617,,102
1003006552,Quinonez,Alner,Fort Meade,FL,12,Family Practice,Claim-Specialty,Azithromycin,Azithromycin,126,126,627,807.61,94,,86,86,524.09,430,,70
1003006552,Quinonez,Alner,Fort Meade,FL,12,Family Practice,Claim-Specialty,Baclofen,Baclofen,110,270.6,8078,3942.94,56,,91,213.6,3112.66,6368,#,
1003006552,Quinonez,Alner,Fort Meade,FL,12,Family Practice,Claim-Specialty,Benazepril Hcl,Benazepril Hcl,13,39,1170,112.71,,,13,39,112.71,1170,*,
1003006552,Quinonez,Alner,Fort Meade,FL,12,Family Practice,Claim-Specialty,Bupropion Hcl,Bupropion Hcl,29,85.2,2556,1917.23,,,13,39,752.32,1170,*,
1003006552,Quinonez,Alner,Fort Meade,FL,12,Family Practice,Claim-Specialty,Carbamazepine,Carbamazepine,28,30.1,832,2223.83,,*,,,,,*,
1003006552,Quinonez,Alner,Fort Meade,FL,12,Family Practice,Claim-Specialty,Carvedilol,Carvedilol,153,418,12423,2108.16,45,,122,328,1779.48,9767,#,
1003006552,Quinonez,Alner,Fort Meade,FL,12,Family Practice,Claim-Specialty,Celecoxib,Celecoxib,34,95.3,2860,2010.38,13,#,,,,,#,
1003006552,Quinonez,Alner,Fort Meade,FL,12,Family Practice,Claim-Specialty,Cephalexin,Cephalexin,31,31,307,382.18,29,#,,,,,#,
1003006552,Quinonez,Alner,Fort Meade,FL,12,Family Practice,Claim-Specialty,Ciprofloxacin Hcl,Ciprofloxacin Hcl,83,83,760,872.66,65,,66,66,628.57,606,,52
1003006552,Quinonez,Alner,Fort Meade,FL,12,Family Practice,Claim-Specialty,Citalopram Hbr,Citalopram Hydrobromide,91,265,7937,1369.56,28,,75,221,1145.59,6617,#,
1003006552,Quinonez,Alner,Fort Meade,FL,12,Family Practice,Claim-Specialty,Clonazepam,Clonazepam,52,58,1657,666.46,,,15,19,326.07,570,*,
1003006552,Quinonez,Alner,Fort Meade,FL,12,Family Practice,Claim-Specialty,Clonidine Hcl,Clonidine Hcl,64,192,5760,724.02,21,,34,102,416.29,3060,#,
1003006552,Quinonez,Alner,Fort Meade,FL,12,Family Practice,Claim-Specialty,Clopidogrel,Clopidogrel Bisulfate,150,424,12712,2497.11,45,,131,374,2183.45,11212,#,
1003006552,Quinonez,Alner,Fort Meade,FL,12,Family Practice,Claim-Specialty,Cyanocobalamin Injection,Cyanocobalamin (Vitamin B-12),13,34.6,1038,87.72,,,13,34.6,87.72,1038,*,
1003006552,Quinonez,Alner,Fort Meade,FL,12,Family Practice,Claim-Specialty,Cyclobenzaprine Hcl,Cyclobenzaprine Hcl,37,51,1470,319.22,11,,13,13,121,345,*,
1003006552,Quinonez,Alner,Fort Meade,FL,12,Family Practice,Claim-Specialty,Diclofenac Sodium,Diclofenac Sodium,22,45.9,1361,1736.79,11,#,,,,,*,
1003006552,Quinonez,Alner,Fort Meade,FL,12,Family Practice,Claim-Specialty,Diltiazem 24hr Er (Cd),Diltiazem Hcl,12,37.3,1120,943.77,,,12,37.3,943.77,1120,*,
1003006552,Quinonez,Alner,Fort Meade,FL,12,Family Practice,Claim-Specialty,Diltiazem Hcl,Diltiazem Hcl,17,27,810,163.77,,*,,,,,*,
1003006552,Quinonez,Alner,Fort Meade,FL,12,Family Practice,Claim-Specialty,Donepezil Hcl,Donepezil Hcl,38,88,2614,300.27,,#,,,,,*,
1003006552,Quinonez,Alner,Fort Meade,FL,12,Family Practice,Claim-Specialty,Doxycycline Hyclate,Doxycycline Hyclate,39,43,685,1123.2,22,,20,20,659.31,320,#,
1003006552,Quinonez,Alner,Fort Meade,FL,12,Family Practice,Claim-Specialty,Duloxetine Hcl,Duloxetine Hcl,48,137,4110,1645.04,16,,21,62,681.79,1860,*,
1003006552,Quinonez,Alner,Fort Meade,FL,12,Family Practice,Claim-Specialty,Eliquis,Apixaban,78,176.6,5257,100836.19,24,,66,141.3,79475.52,4198,#,
1003006552,Quinonez,Alner,Fort Meade,FL,12,Family Practice,Claim-Specialty,Entresto,Sacubitril/Valsartan,24,48,1440,33874.32,,#,,,,,*,
1003006552,Quinonez,Alner,Fort Meade,FL,12,Family Practice,Claim-Specialty,Escitalopram Oxalate,Escitalopram Oxalate,12,36,1080,345.52,,*,,,,,*,
1003006552,Quinonez,Alner,Fort Meade,FL,12,Family Practice,Claim-Specialty,Estradiol,Estradiol,17,51,1530,239.85,,#,,,,,*,
1003006552,Quinonez,Alner,Fort Meade,FL,12,Family Practice,Claim-Specialty,Ezetimibe,Ezetimibe,19,57,1710,670.21,,#,,,,,*,
1003006552,Quinonez,Alner,Fort Meade,FL,12,Family Practice,Claim-Specialty,Famotidine,Famotidine,115,286.3,8564,2460.94,35,,94,249.3,1968.6,7480,#,
1003006552,Quinonez,Alner,Fort Meade,FL,12,Family Practice,Claim-Specialty,Farxiga,Dapagliflozin Propanediol,20,60,1800,33694.02,,,20,60,33694.02,1800,*,
1003006552,Quinonez,Alner,Fort Meade,FL,12,Family Practice,Claim-Specialty,Finasteride,Finasteride,55,160,4800,1062.22,21,,44,133,931.25,3990,#,
1003006552,Quinonez,Alner,Fort Meade,FL,12,Family Practice,Claim-Specialty,Fluconazole,Fluconazole,46,46,286,255.21,31,,27,27,135.07,178,,18
1003006552,Quinonez,Alner,Fort Meade,FL,12,Family Practice,Claim-Specialty,Fluoxetine Hcl,Fluoxetine Hcl,24,72,2160,278.53,,#,,,,,*,
1003006552,Quinonez,Alner,Fort Meade,FL,12,Family Practice,Claim-Specialty,Fluticasone Propionate,Fluticasone Propionate,90,193.3,5800,1648.32,34,,72,144.3,1232.96,4330,,22
1003006552,Quinonez,Alner,Fort Meade,FL,12,Family Practice,Claim-Specialty,Fluticasone-Salmeterol,Fluticasone Propion/Salmeterol,17,43,1290,5428.34,,#,,,,,*,
1003006552,Quinonez,Alner,Fort Meade,FL,12,Family Practice,Claim-Specialty,Folic Acid,Folic Acid,18,54.3,1613,89.96,,,18,54.3,89.96,1613,*,
1003006552,Quinonez,Alner,Fort Meade,FL,12,Family Practice,Claim-Specialty,Furosemide,Furosemide,144,394.3,11805,1027.34,56,,106,293,738.02,8765,,44
1003006552,Quinonez,Alner,Fort Meade,FL,12,Family Practice,Claim-Specialty,Fycompa,Perampanel,13,13,363,14660.88,,,0,0,0,0,#,
1003006552,Quinonez,Alner,Fort Meade,FL,12,Family Practice,Claim-Specialty,Gabapentin,Gabapentin,356,1032.3,30973,9767.55,141,,268,783.4,6599.84,23503,,108
1003006552,Quinonez,Alner,Fort Meade,FL,12,Family Practice,Claim-Specialty,Gemfibrozil,Gemfibrozil,15,35,1050,178.48,,#,,,,,*,
1003006552,Quinonez,Alner,Fort Meade,FL,12,Family Practice,Claim-Specialty,Gentamicin Sulfate,Gentamicin Sulfate,15,20,539,1509.29,,*,,,,,*,
1003006552,Quinonez,Alner,Fort Meade,FL,12,Family Practice,Claim-Specialty,Glimepiride,Glimepiride,83,246,7380,954.91,28,#,,,,,#,
1003006552,Quinonez,Alner,Fort Meade,FL,12,Family Practice,Claim-Specialty,Glipizide,Glipizide,196,568.5,17055,2377.55,68,,143,425.6,1657.69,12770,,51
1003006552,Quinonez,Alner,Fort Meade,FL,12,Family Practice,Claim-Specialty,Hydralazine Hcl,Hydralazine Hcl,80,210.3,6310,1849.89,25,,46,134.3,1548.62,4030,#,
1003006552,Quinonez,Alner,Fort Meade,FL,12,Family Practice,Claim-Specialty,Hydrochlorothiazide,Hydrochlorothiazide,311,894.6,26840,1594.6,94,,255,731.6,1339.91,21950,,74
1003006552,Quinonez,Alner,Fort Meade,FL,12,Family Practice,Claim-Specialty,Hydrocodone-Acetaminophen,Hydrocodone/Acetaminophen,164,166,4731,4262.83,31,,95,95,2541.68,2693,,20
1003006552,Quinonez,Alner,Fort Meade,FL,12,Family Practice,Claim-Specialty,Hydrocortisone,Hydrocortisone,29,29,782,213.11,13,#,,,,,#,
1003006552,Quinonez,Alner,Fort Meade,FL,12,Family Practice,Claim-Specialty,Ibandronate Sodium,Ibandronate Sodium,14,41.6,1248,513.63,,*,,,,,*,
1003006552,Quinonez,Alner,Fort Meade,FL,12,Family Practice,Claim-Specialty,Insulin Syringe,"Syringe And Needle,insulin,1ml",12,26.3,790,370.36,,*,,,,,*,
1003006552,Quinonez,Alner,Fort Meade,FL,12,Family Practice,Claim-Specialty,Isosorbide Mononitrate Er,Isosorbide Mononitrate,20,60,1800,365.42,,#,,,,,*,
1003006552,Quinonez,Alner,Fort Meade,FL,12,Family Practice,Claim-Specialty,Januvia,Sitagliptin Phosphate,64,149.3,4480,86584.62,17,,46,118.7,68853.34,3560,#,
1003006552,Quinonez,Alner,Fort Meade,FL,12,Family Practice,Claim-Specialty,Jardiance,Empagliflozin,23,55,1650,33893.8,,#,,,,,*,
1003006552,Quinonez,Alner,Fort Meade,FL,12,Family Practice,Claim-Specialty,Ketoconazole,Ketoconazole,21,38,1140,1002.68,,#,,,,,*,
1003006552,Quinonez,Alner,Fort Meade,FL,12,Family Practice,Claim-Specialty,Labetalol Hcl,Labetalol Hcl,16,40,1200,723.74,,*,,,,,*,
1003006552,Quinonez,Alner,Fort Meade,FL,12,Family Practice,Claim-Specialty,Lactulose,Lactulose,22,40,1174,318.35,,*,,,,,*,
1003006552,Quinonez,Alner,Fort Meade,FL,12,Family Practice,Claim-Specialty,Lamotrigine,Lamotrigine,27,55,1624,544.95,,*,,,,,*,
1003006552,Quinonez,Alner,Fort Meade,FL,12,Family Practice,Claim-Specialty,Lantus Solostar,"Insulin Glargine,hum.Rec.Anlog",52,114.2,3415,77809.95,18,,39,96.7,61666.67,2889,#,
1003006552,Quinonez,Alner,Fort Meade,FL,12,Family Practice,Claim-Specialty,Latanoprost,Latanoprost,16,40.5,1215,818.1,,,16,40.5,818.1,1215,*,
1003006552,Quinonez,Alner,Fort Meade,FL,12,Family Practice,Claim-Specialty,Levemir Flexpen,Insulin Detemir,19,47.3,1409,38542.68,,,19,47.3,38542.68,1409,*,
1003006552,Quinonez,Alner,Fort Meade,FL,12,Family Practice,Claim-Specialty,Levetiracetam,Levetiracetam,46,126,3765,2285.31,13,,35,103,1993.68,3075,*,
1003006552,Quinonez,Alner,Fort Meade,FL,12,Family Practice,Claim-Specialty,Levocetirizine Dihydrochloride,Levocetirizine Dihydrochloride,29,83.5,2506,531.85,,#,,,,,*,
1003006552,Quinonez,Alner,Fort Meade,FL,12,Family Practice,Claim-Specialty,Levofloxacin,Levofloxacin,25,25,242,99.6,17,#,,,,,#,
1003006552,Quinonez,Alner,Fort Meade,FL,12,Family Practice,Claim-Specialty,Levothyroxine Sodium,Levothyroxine Sodium,280,825.5,24741,4959.35,80,,232,679.8,3886.65,20371,,67
1003006552,Quinonez,Alner,Fort Meade,FL,12,Family Practice,Claim-Specialty,Lisinopril,Lisinopril,600,1741.6,52189,5479.43,175,,480,1403.7,4214.49,42078,,142
1003006552,Quinonez,Alner,Fort Meade,FL,12,Family Practice,Claim-Specialty,Lisinopril-Hydrochlorothiazide,Lisinopril/Hydrochlorothiazide,30,84,2520,410,,#,,,,,*,
1003006552,Quinonez,Alner,Fort Meade,FL,12,Family Practice,Claim-Specialty,Lorazepam,Lorazepam,80,108,3197,737.15,28,,53,73,492.5,2147,#,
1003006552,Quinonez,Alner,Fort Meade,FL,12,Family Practice,Claim-Specialty,Losartan Potassium,Losartan Potassium,234,696.7,20881,4351.31,70,,198,590.6,3792.7,17700,#,
1003006552,Quinonez,Alner,Fort Meade,FL,12,Family Practice,Claim-Specialty,Losartan-Hydrochlorothiazide,Losartan/Hydrochlorothiazide,14,42.3,1270,451.97,,#,,,,,*,
1003006552,Quinonez,Alner,Fort Meade,FL,12,Family Practice,Claim-Specialty,Lovastatin,Lovastatin,230,656,19680,4334.61,69,,167,489.3,3669.58,14680,,54
1003006552,Quinonez,Alner,Fort Meade,FL,12,Family Practice,Claim-Specialty,Meclizine Hcl,Meclizine Hcl,37,39,650,434.98,21,#,,,,,#,
1003006552,Quinonez,Alner,Fort Meade,FL,12,Family Practice,Claim-Specialty,Meloxicam,Meloxicam,193,469.5,14069,1732.04,66,,143,343.3,1273.76,10284,,50
1003006552,Quinonez,Alner,Fort Meade,FL,12,Family Practice,Claim-Specialty,Memantine Hcl,Memantine Hcl,23,51,1530,470.23,,,23,51,470.23,1530,*,
1003006552,Quinonez,Alner,Fort Meade,FL,12,Family Practice,Claim-Specialty,Metformin Hcl,Metformin Hcl,360,1058.8,31743,3292.54,122,,307,900,2792.24,26978,,101
1003006552,Quinonez,Alner,Fort Meade,FL,12,Family Practice,Claim-Specialty,Metformin Hcl Er,Metformin Hcl,14,43,1290,185.9,,#,,,,,*,
1003006552,Quinonez,Alner,Fort Meade,FL,12,Family Practice,Claim-Specialty,Metoprolol Succinate,Metoprolol Succinate,82,247,7410,1633.32,25,#,,,,,#,
1003006552,Quinonez,Alner,Fort Meade,FL,12,Family Practice,Claim-Specialty,Metoprolol Tartrate,Metoprolol Tartrate,192,570.6,17092,1944.16,61,,161,477.6,1299.18,14302,#,
1003006552,Quinonez,Alner,Fort Meade,FL,12,Family Practice,Claim-Specialty,Mirtazapine,Mirtazapine,31,64.7,1912,613.35,,#,,,,,*,
1003006552,Quinonez,Alner,Fort Meade,FL,12,Family Practice,Claim-Specialty,Montelukast Sodium,Montelukast Sodium,162,491.6,14750,3518.85,48,,127,387.3,2490.67,11620,,37
1003006552,Quinonez,Alner,Fort Meade,FL,12,Family Practice,Claim-Specialty,Mounjaro,Tirzepatide,22,22,628,24580.86,,,22,22,24580.86,628,*,
1003006552,Quinonez,Alner,Fort Meade,FL,12,Family Practice,Claim-Specialty,Mupirocin,Mupirocin,60,60,1226,621.89,41,,41,41,454.53,888,,28
1003006552,Quinonez,Alner,Fort Meade,FL,12,Family Practice,Claim-Specialty,Myrbetriq,Mirabegron,12,14,420,6201.53,,#,,,,,*,
1003006552,Quinonez,Alner,Fort Meade,FL,12,Family Practice,Claim-Specialty,Neomycin-Polymyxin-Hydrocort,Neomycin/Polymyxin B/Hydrocort,12,12,141,772.69,11,*,,,,,*,
1003006552,Quinonez,Alner,Fort Meade,FL,12,Family Practice,Claim-Specialty,Nifedipine Er,Nifedipine,29,67.7,2030,1653.29,,,29,67.7,1653.29,2030,*,
1003006552,Quinonez,Alner,Fort Meade,FL,12,Family Practice,Claim-Specialty,Nitroglycerin,Nitroglycerin,23,35.3,1044,808.66,,#,,,,,*,
1003006552,Quinonez,Alner,Fort Meade,FL,12,Family Practice,Claim-Specialty,Novolin 70-30,Insulin Nph Hum/Reg Insulin Hm,18,32.5,953,11673.79,,#,,,,,*,
1003006552,Quinonez,Alner,Fort Meade,FL,12,Family Practice,Claim-Specialty,Novolog Flexpen,Insulin Aspart,12,33.3,998,23981.19,,,12,33.3,23981.19,998,*,
1003006552,Quinonez,Alner,Fort Meade,FL,12,Family Practice,Claim-Specialty,Nystatin,Nystatin,62,69.3,1884,1699.53,35,,35,39.3,828.84,1060,,24
1003006552,Quinonez,Alner,Fort Meade,FL,12,Family Practice,Claim-Specialty,Omeprazole,Omeprazole,230,661,19814,3926.71,81,,196,588,3397.91,17640,,68
1003006552,Quinonez,Alner,Fort Meade,FL,12,Family Practice,Claim-Specialty,Ondansetron Hcl,Ondansetron Hcl,37,47,950,1209.77,23,#,,,,,#,
1003006552,Quinonez,Alner,Fort Meade,FL,12,Family Practice,Claim-Specialty,Oxybutynin Chloride,Oxybutynin Chloride,74,224.6,6740,2035.77,30,#,,,,,#,
1003006552,Quinonez,Alner,Fort Meade,FL,12,Family Practice,Claim-Specialty,Oxybutynin Chloride Er,Oxybutynin Chloride,18,55,1650,565.01,,#,,,,,*,
1003006552,Quinonez,Alner,Fort Meade,FL,12,Family Practice,Claim-Specialty,Ozempic,Semaglutide,66,91.6,2672,80329.23,18,,40,51.2,45008.65,1480,*,
1003006552,Quinonez,Alner,Fort Meade,FL,12,Family Practice,Claim-Specialty,Pantoprazole Sodium,Pantoprazole Sodium,180,513.2,15370,4211.05,55,,145,410.9,3274.79,12302,,44
1003006552,Quinonez,Alner,Fort Meade,FL,12,Family Practice,Claim-Specialty,Paroxetine Hcl,Paroxetine Hcl,38,102.1,3018,624.11,13,#,,,,,*,
1003006552,Quinonez,Alner,Fort Meade,FL,12,Family Practice,Claim-Specialty,Pioglitazone Hcl,Pioglitazone Hcl,129,374.3,11213,3268.36,38,,95,285,2546.99,8550,#,
1003006552,Quinonez,Alner,Fort Meade,FL,12,Family Practice,Claim-Specialty,Potassium Chloride,Potassium Chloride,135,351.7,10503,3993.4,51,,108,287.7,3187.73,8582,#,
1003006552,Quinonez,Alner,Fort Meade,FL,12,Family Practice,Claim-Specialty,Pramipexole Dihydrochloride,Pramipexole Di-Hcl,12,36,1080,72.02,,*,,,,,*,
1003006552,Quinonez,Alner,Fort Meade,FL,12,Family Practice,Claim-Specialty,Pravastatin Sodium,Pravastatin Sodium,136,403.3,12100,2781.46,41,#,,,,,#,
1003006552,Quinonez,Alner,Fort Meade,FL,12,Family Practice,Claim-Specialty,Prednisone,Prednisone,77,95,1489,507.35,60,,62,76,412.94,1163,,48
1003006552,Quinonez,Alner,Fort Meade,FL,12,Family Practice,Claim-Specialty,Pregabalin,Pregabalin,30,88,2640,1509.47,11,#,,,,,*,
1003006552,Quinonez,Alner,Fort Meade,FL,12,Family Practice,Claim-Specialty,Propranolol Hcl,Propranolol Hcl,14,42,1260,305.5,,*,,,,,*,
1003006552,Quinonez,Alner,Fort Meade,FL,12,Family Practice,Claim-Specialty,Quetiapine Fumarate,Quetiapine Fumarate,11,33,990,219.99,,*,,,,,*,
1003006552,Quinonez,Alner,Fort Meade,FL,12,Family Practice,Claim-Specialty,Rabeprazole Sodium,Rabeprazole Sodium,14,22,660,717.32,,*,,,,,*,
1003006552,Quinonez,Alner,Fort Meade,FL,12,Family Practice,Claim-Specialty,Ropinirole Hcl,Ropinirole Hcl,33,97.3,2920,922.08,,,20,58.3,435.83,1750,*,
1003006552,Quinonez,Alner,Fort Meade,FL,12,Family Practice,Claim-Specialty,Rosuvastatin Calcium,Rosuvastatin Calcium,116,310.3,9282,2908.71,34,,104,281,2656.27,8402,#,
1003006552,Quinonez,Alner,Fort Meade,FL,12,Family Practice,Claim-Specialty,Savella,Milnacipran Hcl,11,11,330,5517.93,,,11,11,5517.93,330,*,
1003006552,Quinonez,Alner,Fort Meade,FL,12,Family Practice,Claim-Specialty,Sertraline Hcl,Sertraline Hcl,143,384.3,11528,2501.74,48,,111,307.5,1592.59,9224,,37
1003006552,Quinonez,Alner,Fort Meade,FL,12,Family Practice,Claim-Specialty,Sildenafil Citrate,Sildenafil Citrate,17,33.5,979,289.18,,,17,33.5,289.18,979,*,
1003006552,Quinonez,Alner,Fort Meade,FL,12,Family Practice,Claim-Specialty,Simvastatin,Simvastatin,227,674.3,20213,2437.7,67,,194,574.3,1964.33,17213,#,
1003006552,Quinonez,Alner,Fort Meade,FL,12,Family Practice,Claim-Specialty,Spironolactone,Spironolactone,43,120.3,3610,370.07,16,,29,88,263.06,2640,#,
1003006552,Quinonez,Alner,Fort Meade,FL,12,Family Practice,Claim-Specialty,Sucralfate,Sucralfate,39,69.9,1998,3833.93,15,#,,,,,#,
1003006552,Quinonez,Alner,Fort Meade,FL,12,Family Practice,Claim-Specialty,Sulfamethoxazole-Trimethoprim,Sulfamethoxazole/Trimethoprim,34,36,441,280.5,16,,13,15,91.21,231,#,
1003006552,Quinonez,Alner,Fort Meade,FL,12,Family Practice,Claim-Specialty,Symbicort,Budesonide/Formoterol Fumarate,31,71,2130,28977.45,,#,,,,,*,
1003006552,Quinonez,Alner,Fort Meade,FL,12,Family Practice,Claim-Specialty,Synthroid,Levothyroxine Sodium,33,99,2970,2002.43,,#,,,,,*,
1003006552,Quinonez,Alner,Fort Meade,FL,12,Family Practice,Claim-Specialty,Tamsulosin Hcl,Tamsulosin Hcl,240,646.6,19371,4331.15,70,,220,604.6,3776.48,18111,#,
1003006552,Quinonez,Alner,Fort Meade,FL,12,Family Practice,Claim-Specialty,Telmisartan,Telmisartan,19,56.9,1707,1594.33,,#,,,,,*,
1003006552,Quinonez,Alner,Fort Meade,FL,12,Family Practice,Claim-Specialty,Temazepam,Temazepam,104,146,4380,1187.41,17,,79,107,739.06,3210,#,
1003006552,Quinonez,Alner,Fort Meade,FL,12,Family Practice,Claim-Specialty,Terbinafine Hcl,Terbinafine Hcl,31,31,226,101.25,19,#,,,,,#,
1003006552,Quinonez,Alner,Fort Meade,FL,12,Family Practice,Claim-Specialty,Testosterone Cypionate,Testosterone Cypionate,27,69.9,2096,1087.7,,,27,69.9,1087.7,2096,*,
1003006552,Quinonez,Alner,Fort Meade,FL,12,Family Practice,Claim-Specialty,Tizanidine Hcl,Tizanidine Hcl,90,200,6000,2208,30,,50,132,1483.57,3960,#,
1003006552,Quinonez,Alner,Fort Meade,FL,12,Family Practice,Claim-Specialty,Topiramate,Topiramate,22,63.1,1892,242.89,,#,,,,,*,
1003006552,Quinonez,Alner,Fort Meade,FL,12,Family Practice,Claim-Specialty,Tradjenta,Linagliptin,11,32,960,17954.16,,*,,,,,*,
1003006552,Quinonez,Alner,Fort Meade,FL,12,Family Practice,Claim-Specialty,Tramadol Hcl,Tramadol Hcl,149,173,5075,1362.9,33,,113,131,918.95,3815,#,
1003006552,Quinonez,Alner,Fort Meade,FL,12,Family Practice,Claim-Specialty,Trazodone Hcl,Trazodone Hcl,88,246.3,7389,1294.8,30,,70,207.7,743.84,6231,#,
1003006552,Quinonez,Alner,Fort Meade,FL,12,Family Practice,Claim-Specialty,Trelegy Ellipta,Fluticasone/Umeclidin/Vilanter,11,25,750,17143.95,,,11,25,17143.95,750,*,
1003006552,Quinonez,Alner,Fort Meade,FL,12,Family Practice,Claim-Specialty,Tresiba Flextouch U-100,Insulin Degludec,20,21.5,622,17099.13,,#,,,,,*,
1003006552,Quinonez,Alner,Fort Meade,FL,12,Family Practice,Claim-Specialty,Triamcinolone Acetonide,Triamcinolone Acetonide,66,86,2565,751.29,37,,49,65,529.71,1950,#,
1003006552,Quinonez,Alner,Fort Meade,FL,12,Family Practice,Claim-Specialty,Trimethoprim,Trimethoprim,12,24,720,1120.03,,*,,,,,*,
1003006552,Quinonez,Alner,Fort Meade,FL,12,Family Practice,Claim-Specialty,Trulicity,Dulaglutide,14,36,1076,34763.57,,*,,,,,*,
1003006552,Quinonez,Alner,Fort Meade,FL,12,Family Practice,Claim-Specialty,Ultra-Fine Short Pen Needle,"Pen Needle, Diabetic",15,46.7,1400,899.94,,#,,,,,*,
1003006552,Quinonez,Alner,Fort Meade,FL,12,Family Practice,Claim-Specialty,Valacyclovir,Valacyclovir Hcl,24,50,1226,1797.23,11,#,,,,,*,
1003006552,Quinonez,Alner,Fort Meade,FL,12,Family Practice,Claim-Specialty,Venlafaxine Hcl Er,Venlafaxine Hcl,16,48,1440,687.22,,,16,48,687.22,1440,*,
1003006552,Quinonez,Alner,Fort Meade,FL,12,Family Practice,Claim-Specialty,Ventolin Hfa,Albuterol Sulfate,13,19.7,590,1419.54,,*,,,,,*,
1003006552,Quinonez,Alner,Fort Meade,FL,12,Family Practice,Claim-Specialty,Verapamil Er,Verapamil Hcl,12,36,1080,325.07,,,12,36,325.07,1080,*,
1003006552,Quinonez,Alner,Fort Meade,FL,12,Family Practice,Claim-Specialty,Warfarin Sodium,Warfarin Sodium,13,38.3,1148,357.22,,,13,38.3,357.22,1148,*,
1003006552,Quinonez,Alner,Fort Meade,FL,12,Family Practice,Claim-Specialty,Xarelto,Rivaroxaban,27,57.7,1730,32128.44,,#,,,,,*,
1003006552,Quinonez,Alner,Fort Meade,FL,12,Family Practice,Claim-Specialty,Zolpidem Tartrate,Zolpidem Tartrate,25,65,1950,683.95,,#,,,,,*,
1003006602,Nasajpour,Hossein,Laurel,MS,28,Plastic and Reconstructive Surgery,Claim-Specialty,Doxycycline Hyclate,Doxycycline Hyclate,29,29,196,321.41,24,#,,,,,#,
1003006602,Nasajpour,Hossein,Laurel,MS,28,Plastic and Reconstructive Surgery,Claim-Specialty,Sulfamethoxazole-Trimethoprim,Sulfamethoxazole/Trimethoprim,131,131,942,448.1,124,,119,119,423.32,862,,112
1003006602,Nasajpour,Hossein,Laurel,MS,28,Plastic and Reconstructive Surgery,Claim-Specialty,Tramadol Hcl,Tramadol Hcl,83,83,116,104.02,79,#,,,,,#,
1003006610,Rule,Cindi,Ireton,IA,19,Nurse Practitioner,Claim-Specialty,Alendronate Sodium,Alendronate Sodium,32,42.8,1232,203.9,,,20,30.8,173.3,896,*,
1003006610,Rule,Cindi,Ireton,IA,19,Nurse Practitioner,Claim-Specialty,Allopurinol,Allopurinol,33,49,1470,235.83,,#,,,,,*,
1003006610,Rule,Cindi,Ireton,IA,19,Nurse Practitioner,Claim-Specialty,Amitriptyline Hcl,Amitriptyline Hcl,46,46,1380,238.76,,,46,46,238.76,1380,*,
1003006610,Rule,Cindi,Ireton,IA,19,Nurse Practitioner,Claim-Specialty,Amlodipine Besylate,Amlodipine Besylate,87,137,4110,529.84,15,#,,,,,#,
1003006610,Rule,Cindi,Ireton,IA,19,Nurse Practitioner,Claim-Specialty,Amoxicillin-Clavulanate Potass,Amoxicillin/Potassium Clav,12,12,117,126.03,12,,12,12,126.03,117,,12
1003006610,Rule,Cindi,Ireton,IA,19,Nurse Practitioner,Claim-Specialty,Atorvastatin Calcium,Atorvastatin Calcium,175,286,8570,1416.19,33,,175,286,1416.19,8570,,33
1003006610,Rule,Cindi,Ireton,IA,19,Nurse Practitioner,Claim-Specialty,Azithromycin,Azithromycin,12,12,61,83.92,12,*,,,,,*,
1003006610,Rule,Cindi,Ireton,IA,19,Nurse Practitioner,Claim-Specialty,Bupropion Xl,Bupropion Hcl,45,53,1570,871.82,,,33,41,660.62,1210,*,
1003006610,Rule,Cindi,Ireton,IA,19,Nurse Practitioner,Claim-Specialty,Butalbital-Acetaminophen-Caffe,Butalb/Acetaminophen/Caffeine,13,13,390,65.18,,,13,13,65.18,390,*,
1003006610,Rule,Cindi,Ireton,IA,19,Nurse Practitioner,Claim-Specialty,Bydureon Bcise,Exenatide Microspheres,15,15,420,13157.66,,,15,15,13157.66,420,*,
1003006610,Rule,Cindi,Ireton,IA,19,Nurse Practitioner,Claim-Specialty,Carvedilol,Carvedilol,60,70,2100,301.46,,,60,70,301.46,2100,*,
1003006610,Rule,Cindi,Ireton,IA,19,Nurse Practitioner,Claim-Specialty,Celecoxib,Celecoxib,64,86,2580,919.4,12,,64,86,919.4,2580,,12
1003006610,Rule,Cindi,Ireton,IA,19,Nurse Practitioner,Claim-Specialty,Cephalexin,Cephalexin,17,17,141,131.86,14,,17,17,131.86,141,,14
1003006610,Rule,Cindi,Ireton,IA,19,Nurse Practitioner,Claim-Specialty,Chlorthalidone,Chlorthalidone,22,29,870,424.18,,#,,,,,*,
1003006610,Rule,Cindi,Ireton,IA,19,Nurse Practitioner,Claim-Specialty,Clopidogrel,Clopidogrel Bisulfate,56,68,2040,495.99,,#,,,,,*,
1003006610,Rule,Cindi,Ireton,IA,19,Nurse Practitioner,Claim-Specialty,Cyclobenzaprine Hcl,Cyclobenzaprine Hcl,13,19,530,41.99,,,13,19,41.99,530,*,
1003006610,Rule,Cindi,Ireton,IA,19,Nurse Practitioner,Claim-Specialty,Diltiazem 24hr Er (Cd),Diltiazem Hcl,13,19,570,404.9,,,13,19,404.9,570,*,
1003006610,Rule,Cindi,Ireton,IA,19,Nurse Practitioner,Claim-Specialty,Doxazosin Mesylate,Doxazosin Mesylate,12,20,600,168.34,,,12,20,168.34,600,*,
1003006610,Rule,Cindi,Ireton,IA,19,Nurse Practitioner,Claim-Specialty,Doxepin Hcl,Doxepin Hcl,15,15,450,247.72,,*,,,,,*,
1003006610,Rule,Cindi,Ireton,IA,19,Nurse Practitioner,Claim-Specialty,Duloxetine Hcl,Duloxetine Hcl,15,15,440,137.1,,,15,15,137.1,440,*,
1003006610,Rule,Cindi,Ireton,IA,19,Nurse Practitioner,Claim-Specialty,Eliquis,Apixaban,15,15,450,8414.18,,,15,15,8414.18,450,*,
1003006610,Rule,Cindi,Ireton,IA,19,Nurse Practitioner,Claim-Specialty,Escitalopram Oxalate,Escitalopram Oxalate,27,33,990,178.11,,,27,33,178.11,990,*,
1003006610,Rule,Cindi,Ireton,IA,19,Nurse Practitioner,Claim-Specialty,Esomeprazole Magnesium,Esomeprazole Magnesium,13,13,390,318.07,,,13,13,318.07,390,*,
1003006610,Rule,Cindi,Ireton,IA,19,Nurse Practitioner,Claim-Specialty,Famotidine,Famotidine,15,26.3,790,129.51,,*,,,,,*,
1003006610,Rule,Cindi,Ireton,IA,19,Nurse Practitioner,Claim-Specialty,Fenofibrate,Fenofibrate,19,33,990,218.21,,,19,33,218.21,990,*,
1003006610,Rule,Cindi,Ireton,IA,19,Nurse Practitioner,Claim-Specialty,Fenofibrate,Fenofibrate Nanocrystallized,38,38,1140,548.35,,,21,21,179.6,630,*,
1003006610,Rule,Cindi,Ireton,IA,19,Nurse Practitioner,Claim-Specialty,Fenofibrate,"Fenofibrate,micronized",55,63.7,1912,873.04,,,44,52.7,750.27,1582,*,
1003006610,Rule,Cindi,Ireton,IA,19,Nurse Practitioner,Claim-Specialty,Finasteride,Finasteride,36,54,1620,387.23,,,36,54,387.23,1620,*,
1003006610,Rule,Cindi,Ireton,IA,19,Nurse Practitioner,Claim-Specialty,Fluoxetine Hcl,Fluoxetine Hcl,35,43,1290,105.57,,,35,43,105.57,1290,*,
1003006610,Rule,Cindi,Ireton,IA,19,Nurse Practitioner,Claim-Specialty,Fluticasone Propionate,Fluticasone Propionate,27,30,900,179.69,,,27,30,179.69,900,*,
1003006610,Rule,Cindi,Ireton,IA,19,Nurse Practitioner,Claim-Specialty,Furosemide,Furosemide,57,81,2405,181.07,12,,57,81,181.07,2405,,12
1003006610,Rule,Cindi,Ireton,IA,19,Nurse Practitioner,Claim-Specialty,Gabapentin,Gabapentin,66,86.5,2592,538.36,12,#,,,,,#,
1003006610,Rule,Cindi,Ireton,IA,19,Nurse Practitioner,Claim-Specialty,Glimepiride,Glimepiride,28,44,1306,255.06,,,28,44,255.06,1306,*,
1003006610,Rule,Cindi,Ireton,IA,19,Nurse Practitioner,Claim-Specialty,Glipizide,Glipizide,29,47,1410,329.08,,,29,47,329.08,1410,*,
1003006610,Rule,Cindi,Ireton,IA,19,Nurse Practitioner,Claim-Specialty,Glipizide Er,Glipizide,15,23,690,106.02,,,15,23,106.02,690,*,
1003006610,Rule,Cindi,Ireton,IA,19,Nurse Practitioner,Claim-Specialty,Hydralazine Hcl,Hydralazine Hcl,11,11,330,16.5,,,11,11,16.5,330,*,
1003006610,Rule,Cindi,Ireton,IA,19,Nurse Practitioner,Claim-Specialty,Hydrochlorothiazide,Hydrochlorothiazide,70,109,3270,273.05,17,,70,109,273.05,3270,,17
1003006610,Rule,Cindi,Ireton,IA,19,Nurse Practitioner,Claim-Specialty,Hydrocodone-Acetaminophen,Hydrocodone/Acetaminophen,30,30,537,266.08,,#,,,,,*,
1003006610,Rule,Cindi,Ireton,IA,19,Nurse Practitioner,Claim-Specialty,Januvia,Sitagliptin Phosphate,14,14,420,8366.16,,,14,14,8366.16,420,*,
1003006610,Rule,Cindi,Ireton,IA,19,Nurse Practitioner,Claim-Specialty,Jardiance,Empagliflozin,16,22,660,14034.61,,,16,22,14034.61,660,*,
1003006610,Rule,Cindi,Ireton,IA,19,Nurse Practitioner,Claim-Specialty,Levothyroxine Sodium,Levothyroxine Sodium,153,200.3,5976,1082.72,26,,139,184.5,1014.89,5519,#,
1003006610,Rule,Cindi,Ireton,IA,19,Nurse Practitioner,Claim-Specialty,Lisinopril,Lisinopril,195,271,8130,1196.09,26,#,,,,,#,
1003006610,Rule,Cindi,Ireton,IA,19,Nurse Practitioner,Claim-Specialty,Lisinopril-Hydrochlorothiazide,Lisinopril/Hydrochlorothiazide,34,62,1860,204.66,,,34,62,204.66,1860,*,
1003006610,Rule,Cindi,Ireton,IA,19,Nurse Practitioner,Claim-Specialty,Lorazepam,Lorazepam,31,31,645,125.6,,,31,31,125.6,645,*,
1003006610,Rule,Cindi,Ireton,IA,19,Nurse Practitioner,Claim-Specialty,Losartan Potassium,Losartan Potassium,31,63,1890,318.69,,,31,63,318.69,1890,*,
1003006610,Rule,Cindi,Ireton,IA,19,Nurse Practitioner,Claim-Specialty,Losartan-Hydrochlorothiazide,Losartan/Hydrochlorothiazide,12,12,360,54.94,,#,,,,,*,
1003006610,Rule,Cindi,Ireton,IA,19,Nurse Practitioner,Claim-Specialty,Lovastatin,Lovastatin,12,12,360,38.58,,,12,12,38.58,360,*,
1003006610,Rule,Cindi,Ireton,IA,19,Nurse Practitioner,Claim-Specialty,Meloxicam,Meloxicam,72,97,2910,413.66,14,,72,97,413.66,2910,,14
1003006610,Rule,Cindi,Ireton,IA,19,Nurse Practitioner,Claim-Specialty,Metformin Hcl,Metformin Hcl,64,93,2790,251.41,11,,64,93,251.41,2790,,11
1003006610,Rule,Cindi,Ireton,IA,19,Nurse Practitioner,Claim-Specialty,Metformin Hcl Er,Metformin Hcl,97,147,4410,618.45,17,#,,,,,#,
1003006610,Rule,Cindi,Ireton,IA,19,Nurse Practitioner,Claim-Specialty,Metoprolol Succinate,Metoprolol Succinate,62,69,2070,899.2,,,62,69,899.2,2070,*,
1003006610,Rule,Cindi,Ireton,IA,19,Nurse Practitioner,Claim-Specialty,Metoprolol Tartrate,Metoprolol Tartrate,77,111,3280,536.24,14,,66,100,382.24,2950,#,
1003006610,Rule,Cindi,Ireton,IA,19,Nurse Practitioner,Claim-Specialty,Mirtazapine,Mirtazapine,11,11,330,59.4,,,11,11,59.4,330,*,
1003006610,Rule,Cindi,Ireton,IA,19,Nurse Practitioner,Claim-Specialty,Montelukast Sodium,Montelukast Sodium,41,51,1530,291.57,,,41,51,291.57,1530,*,
1003006610,Rule,Cindi,Ireton,IA,19,Nurse Practitioner,Claim-Specialty,Mounjaro,Tirzepatide,11,11,308,12082.42,,*,,,,,*,
1003006610,Rule,Cindi,Ireton,IA,19,Nurse Practitioner,Claim-Specialty,Nabumetone,Nabumetone,12,12,360,264,,,0,0,0,0,#,
1003006610,Rule,Cindi,Ireton,IA,19,Nurse Practitioner,Claim-Specialty,Nifedipine Er,Nifedipine,12,12,360,284.16,,,12,12,284.16,360,*,
1003006610,Rule,Cindi,Ireton,IA,19,Nurse Practitioner,Claim-Specialty,Omeprazole,Omeprazole,86,143,4290,739.46,19,,74,131,600.98,3930,#,
1003006610,Rule,Cindi,Ireton,IA,19,Nurse Practitioner,Claim-Specialty,Pantoprazole Sodium,Pantoprazole Sodium,77,103.8,3097,545.91,14,#,,,,,#,
1003006610,Rule,Cindi,Ireton,IA,19,Nurse Practitioner,Claim-Specialty,Paroxetine Hcl,Paroxetine Hcl,11,13,390,220.3,,,11,13,220.3,390,*,
1003006610,Rule,Cindi,Ireton,IA,19,Nurse Practitioner,Claim-Specialty,Potassium Chloride,Potassium Chloride,20,26,743,238.23,,,20,26,238.23,743,*,
1003006610,Rule,Cindi,Ireton,IA,19,Nurse Practitioner,Claim-Specialty,Pramipexole Dihydrochloride,Pramipexole Di-Hcl,28,38,1140,68.88,,,28,38,68.88,1140,*,
1003006610,Rule,Cindi,Ireton,IA,19,Nurse Practitioner,Claim-Specialty,Pravastatin Sodium,Pravastatin Sodium,15,21,630,130.02,,,15,21,130.02,630,*,
1003006610,Rule,Cindi,Ireton,IA,19,Nurse Practitioner,Claim-Specialty,Prednisone,Prednisone,33,33,183,85.5,28,#,,,,,#,
1003006610,Rule,Cindi,Ireton,IA,19,Nurse Practitioner,Claim-Specialty,Propranolol Hcl,Propranolol Hcl,11,15,425,135.96,,,11,15,135.96,425,*,
1003006610,Rule,Cindi,Ireton,IA,19,Nurse Practitioner,Claim-Specialty,Quetiapine Fumarate,Quetiapine Fumarate,14,24,720,121.22,,,14,24,121.22,720,*,
1003006610,Rule,Cindi,Ireton,IA,19,Nurse Practitioner,Claim-Specialty,Ropinirole Hcl,Ropinirole Hcl,31,31.1,932,245.29,,#,,,,,*,
1003006610,Rule,Cindi,Ireton,IA,19,Nurse Practitioner,Claim-Specialty,Rosuvastatin Calcium,Rosuvastatin Calcium,136,193,5784,2023.13,26,,104,161,1641.45,4824,#,
1003006610,Rule,Cindi,Ireton,IA,19,Nurse Practitioner,Claim-Specialty,Sertraline Hcl,Sertraline Hcl,58,70,2100,349.97,,,58,70,349.97,2100,*,
1003006610,Rule,Cindi,Ireton,IA,19,Nurse Practitioner,Claim-Specialty,Shingrix,Varicella-Zoster Ge/As01b/Pf,23,23,23,4974,14,#,,,,,#,
1003006610,Rule,Cindi,Ireton,IA,19,Nurse Practitioner,Claim-Specialty,Simvastatin,Simvastatin,39,47,1410,393.09,,,39,47,393.09,1410,*,
1003006610,Rule,Cindi,Ireton,IA,19,Nurse Practitioner,Claim-Specialty,Tamsulosin Hcl,Tamsulosin Hcl,110,154,4620,1114.31,18,#,,,,,#,
1003006610,Rule,Cindi,Ireton,IA,19,Nurse Practitioner,Claim-Specialty,Tradjenta,Linagliptin,16,20,600,11126.44,,*,,,,,*,
1003006610,Rule,Cindi,Ireton,IA,19,Nurse Practitioner,Claim-Specialty,Tramadol Hcl,Tramadol Hcl,22,22,444,37.76,,,22,22,37.76,444,*,
1003006610,Rule,Cindi,Ireton,IA,19,Nurse Practitioner,Claim-Specialty,Trazodone Hcl,Trazodone Hcl,40,66,1950,247.24,,,40,66,247.24,1950,*,
1003006610,Rule,Cindi,Ireton,IA,19,Nurse Practitioner,Claim-Specialty,Triamcinolone Acetonide,Triamcinolone Acetonide,14,14,265,98.72,,#,,,,,*,
1003006610,Rule,Cindi,Ireton,IA,19,Nurse Practitioner,Claim-Specialty,Warfarin Sodium,Warfarin Sodium,39,39.2,1167,314.07,,,39,39.2,314.07,1167,*,
1003006610,Rule,Cindi,Ireton,IA,19,Nurse Practitioner,Claim-Specialty,Zolpidem Tartrate,Zolpidem Tartrate,19,25,750,130.38,,,19,25,130.38,750,*,
1003006651,Homan,Zena,Fargo,ND,38,Obstetrics & Gynecology,Claim-Specialty,Estradiol,Estradiol,24,45.8,1356,4248.96,11,#,,,,,*,
1003006750,Kane,Frederick,Miami,FL,12,Dentist,NPPES-Specialty,Amoxicillin,Amoxicillin,12,12,107,52.74,,,12,12,52.74,107,*,
1003006800,Mena,Bridgit,Baltimore,MD,24,Physician Assistant,Claim-Specialty,Diclofenac Sodium,Diclofenac Sodium,72,74.5,1582,3853.91,24,,61,63,3255.32,1358,#,
1003006800,Mena,Bridgit,Baltimore,MD,24,Physician Assistant,Claim-Specialty,Ibuprofen,Ibuprofen,28,28,790,397.54,,,11,11,156.06,310,*,
1003006800,Mena,Bridgit,Baltimore,MD,24,Physician Assistant,Claim-Specialty,Meloxicam,Meloxicam,209,216,6464,1382.39,116,,171,174,1129.42,5220,,104
1003006800,Mena,Bridgit,Baltimore,MD,24,Physician Assistant,Claim-Specialty,Naloxone Hcl,Naloxone Hcl,17,17,337,949.41,17,#,,,,,#,
1003006800,Mena,Bridgit,Baltimore,MD,24,Physician Assistant,Claim-Specialty,Naproxen,Naproxen,14,14,420,205.2,,*,,,,,*,
1003006800,Mena,Bridgit,Baltimore,MD,24,Physician Assistant,Claim-Specialty,Ondansetron Odt,Ondansetron,15,15,81,104.65,14,#,,,,,#,
1003006800,Mena,Bridgit,Baltimore,MD,24,Physician Assistant,Claim-Specialty,Oxycodone Hcl,Oxycodone Hcl,51,51,302,487.54,40,#,,,,,#,
1003006800,Mena,Bridgit,Baltimore,MD,24,Physician Assistant,Claim-Specialty,Prednisone,Prednisone,45,45,348,399.14,45,#,,,,,#,
1003006941,Pahls,Christian,Coquille,OR,41,Dentist,NPPES-Specialty,Amoxicillin,Amoxicillin,53,53,433,231.48,42,#,,,,,#,
1003006941,Pahls,Christian,Coquille,OR,41,Dentist,NPPES-Specialty,Clindamycin Hcl,Clindamycin Hcl,14,14,86,152.65,12,,14,14,152.65,86,,12
1003006958,Farrar,David,Ord,NE,31,Physician Assistant,Claim-Specialty,Amoxicillin,Amoxicillin,11,11,114,46.56,,,11,11,46.56,114,*,
1003006958,Farrar,David,Ord,NE,31,Physician Assistant,Claim-Specialty,Amoxicillin-Clavulanate Potass,Amoxicillin/Potassium Clav,29,29,310,392.2,28,#,,,,,#,
1003006958,Farrar,David,Ord,NE,31,Physician Assistant,Claim-Specialty,Azithromycin,Azithromycin,18,18,64,62.04,17,#,,,,,#,
1003006958,Farrar,David,Ord,NE,31,Physician Assistant,Claim-Specialty,Cephalexin,Cephalexin,17,17,164,145.16,17,#,,,,,#,
1003006958,Farrar,David,Ord,NE,31,Physician Assistant,Claim-Specialty,Doxycycline Hyclate,Doxycycline Hyclate,19,19,190,263.57,19,#,,,,,#,
1003006958,Farrar,David,Ord,NE,31,Physician Assistant,Claim-Specialty,Prednisone,Prednisone,38,38,270,64.57,37,#,,,,,#,
1003007030,Peck,Daniel,Poulsbo,WA,53,Dentist,NPPES-Specialty,Amoxicillin,Amoxicillin,39,39,315,277.73,29,#,,,,,#,
1003007030,Peck,Daniel,Poulsbo,WA,53,Dentist,NPPES-Specialty,Dexamethasone,Dexamethasone,35,35,148,105.74,16,#,,,,,#,
1003007048,Fereidouni,Sam,Scottsdale,AZ,04,Family Practice,Claim-Specialty,Acyclovir,Acyclovir,13,26,719,171.63,,,13,26,171.63,719,*,
1003007048,Fereidouni,Sam,Scottsdale,AZ,04,Family Practice,Claim-Specialty,Afrezza,"Insulin Regular, Human",14,16,480,19985.62,,,14,16,19985.62,480,*,
1003007048,Fereidouni,Sam,Scottsdale,AZ,04,Family Practice,Claim-Specialty,Albuterol Sulfate Hfa,Albuterol Sulfate,32,42.3,1177,1106.51,22,#,,,,,#,
1003007048,Fereidouni,Sam,Scottsdale,AZ,04,Family Practice,Claim-Specialty,Alendronate Sodium,Alendronate Sodium,20,54.2,1624,252.57,,,20,54.2,252.57,1624,*,
1003007048,Fereidouni,Sam,Scottsdale,AZ,04,Family Practice,Claim-Specialty,Allopurinol,Allopurinol,102,273.3,8200,1599.62,37,,102,273.3,1599.62,8200,,37
1003007048,Fereidouni,Sam,Scottsdale,AZ,04,Family Practice,Claim-Specialty,Alprazolam,Alprazolam,27,42.5,1212,90.3,18,#,,,,,#,
1003007048,Fereidouni,Sam,Scottsdale,AZ,04,Family Practice,Claim-Specialty,Amlodipine Besylate,Amlodipine Besylate,236,618.6,18532,1845.16,77,,236,618.6,1845.16,18532,,77
1003007048,Fereidouni,Sam,Scottsdale,AZ,04,Family Practice,Claim-Specialty,Anastrozole,Anastrozole,77,171.8,5094,994.64,23,#,,,,,#,
1003007048,Fereidouni,Sam,Scottsdale,AZ,04,Family Practice,Claim-Specialty,Arexvy,Rsvpref3 Antigen/As01e/Pf,135,135,976,40533.21,135,#,,,,,#,
1003007048,Fereidouni,Sam,Scottsdale,AZ,04,Family Practice,Claim-Specialty,Atenolol,Atenolol,30,87.3,2620,370,11,,30,87.3,370,2620,,11
1003007048,Fereidouni,Sam,Scottsdale,AZ,04,Family Practice,Claim-Specialty,Atorvastatin Calcium,Atorvastatin Calcium,453,1279.7,38371,5258.48,156,#,,,,,#,
1003007048,Fereidouni,Sam,Scottsdale,AZ,04,Family Practice,Claim-Specialty,Azithromycin,Azithromycin,31,31,155,198.75,23,,31,31,198.75,155,,23
1003007048,Fereidouni,Sam,Scottsdale,AZ,04,Family Practice,Claim-Specialty,Basaglar Kwikpen U-100,"Insulin Glargine,hum.Rec.Anlog",16,23.9,681,7573.34,,#,,,,,*,
1003007048,Fereidouni,Sam,Scottsdale,AZ,04,Family Practice,Claim-Specialty,Belsomra,Suvorexant,18,26,780,11647.05,,,18,26,11647.05,780,*,
1003007048,Fereidouni,Sam,Scottsdale,AZ,04,Family Practice,Claim-Specialty,Benazepril Hcl,Benazepril Hcl,11,31,930,23.83,,,11,31,23.83,930,*,
1003007048,Fereidouni,Sam,Scottsdale,AZ,04,Family Practice,Claim-Specialty,Biktarvy,Bictegrav/Emtricit/Tenofov Ala,11,11,330,44371.79,,,0,0,0,0,#,
1003007048,Fereidouni,Sam,Scottsdale,AZ,04,Family Practice,Claim-Specialty,Breztri Aerosphere,Budesonide/Glycopyr/Formoterol,13,17,510,11522.32,,#,,,,,*,
1003007048,Fereidouni,Sam,Scottsdale,AZ,04,Family Practice,Claim-Specialty,Bupropion Hcl Sr,Bupropion Hcl,34,82,2460,1343.91,13,,34,82,1343.91,2460,,13
1003007048,Fereidouni,Sam,Scottsdale,AZ,04,Family Practice,Claim-Specialty,Bupropion Xl,Bupropion Hcl,25,73,2190,558.32,,,25,73,558.32,2190,*,
1003007048,Fereidouni,Sam,Scottsdale,AZ,04,Family Practice,Claim-Specialty,Buspirone Hcl,Buspirone Hcl,14,17,510,468.7,,,14,17,468.7,510,*,
1003007048,Fereidouni,Sam,Scottsdale,AZ,04,Family Practice,Claim-Specialty,Carvedilol,Carvedilol,47,135,4050,606.34,17,,47,135,606.34,4050,,17
1003007048,Fereidouni,Sam,Scottsdale,AZ,04,Family Practice,Claim-Specialty,Celecoxib,Celecoxib,12,34,1020,1573.18,,,12,34,1573.18,1020,*,
1003007048,Fereidouni,Sam,Scottsdale,AZ,04,Family Practice,Claim-Specialty,Cephalexin,Cephalexin,11,18.3,421,113.86,,,11,18.3,113.86,421,*,
1003007048,Fereidouni,Sam,Scottsdale,AZ,04,Family Practice,Claim-Specialty,Chlorthalidone,Chlorthalidone,12,36,1080,158.96,,,12,36,158.96,1080,*,
1003007048,Fereidouni,Sam,Scottsdale,AZ,04,Family Practice,Claim-Specialty,Citalopram Hbr,Citalopram Hydrobromide,23,55,1635,169.9,,,23,55,169.9,1635,*,
1003007048,Fereidouni,Sam,Scottsdale,AZ,04,Family Practice,Claim-Specialty,Clopidogrel,Clopidogrel Bisulfate,36,104,3120,665.48,13,,36,104,665.48,3120,,13
1003007048,Fereidouni,Sam,Scottsdale,AZ,04,Family Practice,Claim-Specialty,Desvenlafaxine Succinate Er,Desvenlafaxine Succinate,16,36,1080,983.82,,#,,,,,*,
1003007048,Fereidouni,Sam,Scottsdale,AZ,04,Family Practice,Claim-Specialty,Diclofenac Sodium,Diclofenac Sodium,39,59.2,1513,2394.63,12,,39,59.2,2394.63,1513,,12
1003007048,Fereidouni,Sam,Scottsdale,AZ,04,Family Practice,Claim-Specialty,Diltiazem 24hr Er (Cd),Diltiazem Hcl,11,29,870,338.94,,,11,29,338.94,870,*,
1003007048,Fereidouni,Sam,Scottsdale,AZ,04,Family Practice,Claim-Specialty,Donepezil Hcl,Donepezil Hcl,23,43,1264,464.66,,,23,43,464.66,1264,*,
1003007048,Fereidouni,Sam,Scottsdale,AZ,04,Family Practice,Claim-Specialty,Duloxetine Hcl,Duloxetine Hcl,39,93,2790,913.65,17,,39,93,913.65,2790,,17
1003007048,Fereidouni,Sam,Scottsdale,AZ,04,Family Practice,Claim-Specialty,Edarbi,Azilsartan Medoxomil,16,24,720,5704.21,,,16,24,5704.21,720,*,
1003007048,Fereidouni,Sam,Scottsdale,AZ,04,Family Practice,Claim-Specialty,Eliquis,Apixaban,46,98.7,2945,57229.42,14,,46,98.7,57229.42,2945,,14
1003007048,Fereidouni,Sam,Scottsdale,AZ,04,Family Practice,Claim-Specialty,Escitalopram Oxalate,Escitalopram Oxalate,169,390.8,11682,2510.63,49,,169,390.8,2510.63,11682,,49
1003007048,Fereidouni,Sam,Scottsdale,AZ,04,Family Practice,Claim-Specialty,Estradiol,Estradiol,26,43.3,1274,2114.23,,,26,43.3,2114.23,1274,*,
1003007048,Fereidouni,Sam,Scottsdale,AZ,04,Family Practice,Claim-Specialty,Ezetimibe,Ezetimibe,44,132.3,3970,2406.79,19,,44,132.3,2406.79,3970,,19
1003007048,Fereidouni,Sam,Scottsdale,AZ,04,Family Practice,Claim-Specialty,Famotidine,Famotidine,72,203.7,6110,1273.92,35,,72,203.7,1273.92,6110,,35
1003007048,Fereidouni,Sam,Scottsdale,AZ,04,Family Practice,Claim-Specialty,Farxiga,Dapagliflozin Propanediol,56,100.3,3010,58532.19,17,,56,100.3,58532.19,3010,,17
1003007048,Fereidouni,Sam,Scottsdale,AZ,04,Family Practice,Claim-Specialty,Febuxostat,Febuxostat,20,48,1440,6938.57,,,20,48,6938.57,1440,*,
1003007048,Fereidouni,Sam,Scottsdale,AZ,04,Family Practice,Claim-Specialty,Fiasp Flextouch,Insulin Aspart (Niacinamide),30,58.4,1677,32658.51,,,30,58.4,32658.51,1677,*,
1003007048,Fereidouni,Sam,Scottsdale,AZ,04,Family Practice,Claim-Specialty,Finasteride,Finasteride,69,179,5370,935.26,22,,69,179,935.26,5370,,22
1003007048,Fereidouni,Sam,Scottsdale,AZ,04,Family Practice,Claim-Specialty,Fluconazole,Fluconazole,22,22,306,153.99,16,#,,,,,#,
1003007048,Fereidouni,Sam,Scottsdale,AZ,04,Family Practice,Claim-Specialty,Fluoxetine Hcl,Fluoxetine Hcl,34,82,2460,467.2,11,#,,,,,*,
1003007048,Fereidouni,Sam,Scottsdale,AZ,04,Family Practice,Claim-Specialty,Fluticasone Propionate,Fluticasone Propionate,16,37,1110,348.05,11,,16,37,348.05,1110,,11
1003007048,Fereidouni,Sam,Scottsdale,AZ,04,Family Practice,Claim-Specialty,Furosemide,Furosemide,22,60,1800,186.75,,,22,60,186.75,1800,*,
1003007048,Fereidouni,Sam,Scottsdale,AZ,04,Family Practice,Claim-Specialty,Gabapentin,Gabapentin,62,154.5,4634,1994,24,,62,154.5,1994,4634,,24
1003007048,Fereidouni,Sam,Scottsdale,AZ,04,Family Practice,Claim-Specialty,Genotropin,Somatropin,12,12,300,9407.4,,,12,12,9407.4,300,*,
1003007048,Fereidouni,Sam,Scottsdale,AZ,04,Family Practice,Claim-Specialty,Glimepiride,Glimepiride,16,48,1440,51.82,,,16,48,51.82,1440,*,
1003007048,Fereidouni,Sam,Scottsdale,AZ,04,Family Practice,Claim-Specialty,Glipizide,Glipizide,12,28,840,107.9,,,12,28,107.9,840,*,
1003007048,Fereidouni,Sam,Scottsdale,AZ,04,Family Practice,Claim-Specialty,Humalog Kwikpen U-100,Insulin Lispro,13,19.1,522,9686.28,,,13,19.1,9686.28,522,*,
1003007048,Fereidouni,Sam,Scottsdale,AZ,04,Family Practice,Claim-Specialty,Hydralazine Hcl,Hydralazine Hcl,17,39,1170,534.71,,,17,39,534.71,1170,*,
1003007048,Fereidouni,Sam,Scottsdale,AZ,04,Family Practice,Claim-Specialty,Hydrochlorothiazide,Hydrochlorothiazide,84,249.3,7480,494.26,35,#,,,,,#,
1003007048,Fereidouni,Sam,Scottsdale,AZ,04,Family Practice,Claim-Specialty,Ibuprofen,Ibuprofen,15,27.5,825,143.82,,,15,27.5,143.82,825,*,
1003007048,Fereidouni,Sam,Scottsdale,AZ,04,Family Practice,Claim-Specialty,Invokamet Xr,Canagliflozin/Metformin Hcl,19,55,1650,33051.95,,,19,55,33051.95,1650,*,
1003007048,Fereidouni,Sam,Scottsdale,AZ,04,Family Practice,Claim-Specialty,Invokana,Canagliflozin,11,33,990,21618.66,,,11,33,21618.66,990,*,
1003007048,Fereidouni,Sam,Scottsdale,AZ,04,Family Practice,Claim-Specialty,Irbesartan,Irbesartan,12,36,1080,274.28,,,12,36,274.28,1080,*,
1003007048,Fereidouni,Sam,Scottsdale,AZ,04,Family Practice,Claim-Specialty,Janumet Xr,Sitagliptin Phos/Metformin Hcl,38,101.8,3030,54975.95,12,,38,101.8,54975.95,3030,,12
1003007048,Fereidouni,Sam,Scottsdale,AZ,04,Family Practice,Claim-Specialty,Januvia,Sitagliptin Phosphate,25,68,2040,39498.81,11,,25,68,39498.81,2040,,11
1003007048,Fereidouni,Sam,Scottsdale,AZ,04,Family Practice,Claim-Specialty,Jardiance,Empagliflozin,79,197,5910,116864.4,21,,79,197,116864.4,5910,,21
1003007048,Fereidouni,Sam,Scottsdale,AZ,04,Family Practice,Claim-Specialty,Kerendia,Finerenone,35,93,2790,68220.84,13,,35,93,68220.84,2790,,13
1003007048,Fereidouni,Sam,Scottsdale,AZ,04,Family Practice,Claim-Specialty,Lantus Solostar,"Insulin Glargine,hum.Rec.Anlog",42,60.2,1431,20127.62,,,42,60.2,20127.62,1431,*,
1003007048,Fereidouni,Sam,Scottsdale,AZ,04,Family Practice,Claim-Specialty,Levemir Flexpen,Insulin Detemir,21,34.4,972,11368.55,,,21,34.4,11368.55,972,*,
1003007048,Fereidouni,Sam,Scottsdale,AZ,04,Family Practice,Claim-Specialty,Levocetirizine Dihydrochloride,Levocetirizine Dihydrochloride,167,370.7,11047,2867.42,59,,156,351.7,2752.72,10477,#,
1003007048,Fereidouni,Sam,Scottsdale,AZ,04,Family Practice,Claim-Specialty,Levofloxacin,Levofloxacin,13,13,94,82.97,13,,13,13,82.97,94,,13
1003007048,Fereidouni,Sam,Scottsdale,AZ,04,Family Practice,Claim-Specialty,Levothyroxine Sodium,Levothyroxine Sodium,434,1191.1,35602,5974.72,143,#,,,,,#,
1003007048,Fereidouni,Sam,Scottsdale,AZ,04,Family Practice,Claim-Specialty,Linzess,Linaclotide,26,54,1620,28985.28,19,#,,,,,#,
1003007048,Fereidouni,Sam,Scottsdale,AZ,04,Family Practice,Claim-Specialty,Liothyronine Sodium,Liothyronine Sodium,169,482.8,14470,8673.81,58,,158,449.8,8172.53,13480,#,
1003007048,Fereidouni,Sam,Scottsdale,AZ,04,Family Practice,Claim-Specialty,Lisinopril,Lisinopril,146,415.3,12457,1116.44,57,#,,,,,#,
1003007048,Fereidouni,Sam,Scottsdale,AZ,04,Family Practice,Claim-Specialty,Lisinopril-Hydrochlorothiazide,Lisinopril/Hydrochlorothiazide,18,50,1500,149.88,,,18,50,149.88,1500,*,
1003007048,Fereidouni,Sam,Scottsdale,AZ,04,Family Practice,Claim-Specialty,Lorazepam,Lorazepam,23,36,1035,189.78,,,23,36,189.78,1035,*,
1003007048,Fereidouni,Sam,Scottsdale,AZ,04,Family Practice,Claim-Specialty,Losartan Potassium,Losartan Potassium,244,685.9,20579,2715.08,81,,244,685.9,2715.08,20579,,81
1003007048,Fereidouni,Sam,Scottsdale,AZ,04,Family Practice,Claim-Specialty,Losartan-Hydrochlorothiazide,Losartan/Hydrochlorothiazide,34,98,2940,547.58,14,,34,98,547.58,2940,,14
1003007048,Fereidouni,Sam,Scottsdale,AZ,04,Family Practice,Claim-Specialty,Meloxicam,Meloxicam,21,59.3,1780,85.27,,#,,,,,*,
1003007048,Fereidouni,Sam,Scottsdale,AZ,04,Family Practice,Claim-Specialty,Memantine Hcl,Memantine Hcl,16,22,634,1050.41,,,16,22,1050.41,634,*,
1003007048,Fereidouni,Sam,Scottsdale,AZ,04,Family Practice,Claim-Specialty,Metformin Hcl,Metformin Hcl,118,336,10080,973.07,45,,118,336,973.07,10080,,45
1003007048,Fereidouni,Sam,Scottsdale,AZ,04,Family Practice,Claim-Specialty,Metformin Hcl Er,Metformin Hcl,44,133,3990,496.95,15,#,,,,,#,
1003007048,Fereidouni,Sam,Scottsdale,AZ,04,Family Practice,Claim-Specialty,Metoprolol Succinate,Metoprolol Succinate,166,445.3,13360,2451.57,54,,166,445.3,2451.57,13360,,54
1003007048,Fereidouni,Sam,Scottsdale,AZ,04,Family Practice,Claim-Specialty,Metoprolol Tartrate,Metoprolol Tartrate,43,102,3060,313.67,14,#,,,,,#,
1003007048,Fereidouni,Sam,Scottsdale,AZ,04,Family Practice,Claim-Specialty,Montelukast Sodium,Montelukast Sodium,94,265.3,7960,1360.8,40,,94,265.3,1360.8,7960,,40
1003007048,Fereidouni,Sam,Scottsdale,AZ,04,Family Practice,Claim-Specialty,Mounjaro,Tirzepatide,181,210.6,6013,230779.06,36,,163,186.3,205063.82,5307,#,
1003007048,Fereidouni,Sam,Scottsdale,AZ,04,Family Practice,Claim-Specialty,Myrbetriq,Mirabegron,20,44.7,1340,20228.13,,,20,44.7,20228.13,1340,*,
1003007048,Fereidouni,Sam,Scottsdale,AZ,04,Family Practice,Claim-Specialty,Nano 2nd Gen Pen Needle,"Pen Needle, Diabetic",67,88.5,2270,4481.94,22,,67,88.5,4481.94,2270,,22
1003007048,Fereidouni,Sam,Scottsdale,AZ,04,Family Practice,Claim-Specialty,Nebivolol Hcl,Nebivolol Hcl,53,145,4350,4410.29,20,,53,145,4410.29,4350,,20
1003007048,Fereidouni,Sam,Scottsdale,AZ,04,Family Practice,Claim-Specialty,Olmesartan Medoxomil,Olmesartan Medoxomil,117,337,10110,3090.77,47,,117,337,3090.77,10110,,47
1003007048,Fereidouni,Sam,Scottsdale,AZ,04,Family Practice,Claim-Specialty,Olmesartan-Hydrochlorothiazide,Olmesartan/Hydrochlorothiazide,11,33,990,1200.2,,,11,33,1200.2,990,*,
1003007048,Fereidouni,Sam,Scottsdale,AZ,04,Family Practice,Claim-Specialty,Omeprazole,Omeprazole,132,370.9,11130,2099.34,51,#,,,,,#,
1003007048,Fereidouni,Sam,Scottsdale,AZ,04,Family Practice,Claim-Specialty,Oxybutynin Chloride Er,Oxybutynin Chloride,11,34.7,1040,613.74,,,11,34.7,613.74,1040,*,
1003007048,Fereidouni,Sam,Scottsdale,AZ,04,Family Practice,Claim-Specialty,Ozempic,Semaglutide,398,638.6,18717,634212.21,102,#,,,,,#,
1003007048,Fereidouni,Sam,Scottsdale,AZ,04,Family Practice,Claim-Specialty,Pantoprazole Sodium,Pantoprazole Sodium,81,239,7170,1670.08,29,,81,239,1670.08,7170,,29
1003007048,Fereidouni,Sam,Scottsdale,AZ,04,Family Practice,Claim-Specialty,Paroxetine Hcl,Paroxetine Hcl,20,44,1320,237.98,,,20,44,237.98,1320,*,
1003007048,Fereidouni,Sam,Scottsdale,AZ,04,Family Practice,Claim-Specialty,Paxlovid (Eua),Nirmatrelvir/Ritonavir,18,18,90,151.95,18,#,,,,,#,
1003007048,Fereidouni,Sam,Scottsdale,AZ,04,Family Practice,Claim-Specialty,Pioglitazone Hcl,Pioglitazone Hcl,195,561.3,16795,2709.2,62,,195,561.3,2709.2,16795,,62
1003007048,Fereidouni,Sam,Scottsdale,AZ,04,Family Practice,Claim-Specialty,Potassium Chloride,Potassium Chloride,19,58.3,1750,1018.85,,,19,58.3,1018.85,1750,*,
1003007048,Fereidouni,Sam,Scottsdale,AZ,04,Family Practice,Claim-Specialty,Pravastatin Sodium,Pravastatin Sodium,84,235.7,7045,1465.5,26,#,,,,,#,
1003007048,Fereidouni,Sam,Scottsdale,AZ,04,Family Practice,Claim-Specialty,Prolia,Denosumab,13,78,2340,21725.27,,,13,78,21725.27,2340,*,
1003007048,Fereidouni,Sam,Scottsdale,AZ,04,Family Practice,Claim-Specialty,Ramipril,Ramipril,13,35,1050,106.01,,,13,35,106.01,1050,*,
1003007048,Fereidouni,Sam,Scottsdale,AZ,04,Family Practice,Claim-Specialty,Repatha Sureclick,Evolocumab,50,80.5,2352,48782.31,12,,50,80.5,48782.31,2352,,12
1003007048,Fereidouni,Sam,Scottsdale,AZ,04,Family Practice,Claim-Specialty,Repatha Syringe,Evolocumab,16,17.8,490,9767.48,,,16,17.8,9767.48,490,*,
1003007048,Fereidouni,Sam,Scottsdale,AZ,04,Family Practice,Claim-Specialty,Rosuvastatin Calcium,Rosuvastatin Calcium,538,1582.6,47453,11826.19,194,,517,1521.6,11463.24,45623,#,
1003007048,Fereidouni,Sam,Scottsdale,AZ,04,Family Practice,Claim-Specialty,Rybelsus,Semaglutide,52,86,2580,81346.53,14,,52,86,81346.53,2580,,14
1003007048,Fereidouni,Sam,Scottsdale,AZ,04,Family Practice,Claim-Specialty,Sertraline Hcl,Sertraline Hcl,28,73.8,2213,489.85,12,,28,73.8,489.85,2213,,12
1003007048,Fereidouni,Sam,Scottsdale,AZ,04,Family Practice,Claim-Specialty,Shingrix,Varicella-Zoster Ge/As01b/Pf,25,25,83,5378.09,21,#,,,,,#,
1003007048,Fereidouni,Sam,Scottsdale,AZ,04,Family Practice,Claim-Specialty,Sildenafil Citrate,Sildenafil Citrate,11,21.3,568,1112.96,,,11,21.3,1112.96,568,*,
1003007048,Fereidouni,Sam,Scottsdale,AZ,04,Family Practice,Claim-Specialty,Simvastatin,Simvastatin,89,259,7770,951.34,33,,89,259,951.34,7770,,33
1003007048,Fereidouni,Sam,Scottsdale,AZ,04,Family Practice,Claim-Specialty,Soliqua 100-33,Insulin Glargine/Lixisenatide,54,84.8,2412,71109.91,15,,54,84.8,71109.91,2412,,15
1003007048,Fereidouni,Sam,Scottsdale,AZ,04,Family Practice,Claim-Specialty,Sumatriptan Succinate,Sumatriptan Succinate,25,25,722,133.31,,,25,25,133.31,722,*,
1003007048,Fereidouni,Sam,Scottsdale,AZ,04,Family Practice,Claim-Specialty,Synjardy Xr,Empagliflozin/Metformin Hcl,133,322.7,9671,193420.66,42,#,,,,,#,
1003007048,Fereidouni,Sam,Scottsdale,AZ,04,Family Practice,Claim-Specialty,Synthroid,Levothyroxine Sodium,50,143.8,4292,4815.5,19,,50,143.8,4815.5,4292,,19
1003007048,Fereidouni,Sam,Scottsdale,AZ,04,Family Practice,Claim-Specialty,Tamsulosin Hcl,Tamsulosin Hcl,82,231,6930,1472.92,31,,82,231,1472.92,6930,,31
1003007048,Fereidouni,Sam,Scottsdale,AZ,04,Family Practice,Claim-Specialty,Temazepam,Temazepam,24,24,704,464.59,,,24,24,464.59,704,*,
1003007048,Fereidouni,Sam,Scottsdale,AZ,04,Family Practice,Claim-Specialty,Terazosin Hcl,Terazosin Hcl,27,51,1530,294.93,,,27,51,294.93,1530,*,
1003007048,Fereidouni,Sam,Scottsdale,AZ,04,Family Practice,Claim-Specialty,Testosterone Cypionate,Testosterone Cypionate,27,40.5,1190,982.4,11,,27,40.5,982.4,1190,,11
1003007048,Fereidouni,Sam,Scottsdale,AZ,04,Family Practice,Claim-Specialty,Toujeo Max Solostar,"Insulin Glargine,hum.Rec.Anlog",23,56.3,1686,23832.62,,,23,56.3,23832.62,1686,*,
1003007048,Fereidouni,Sam,Scottsdale,AZ,04,Family Practice,Claim-Specialty,Trazodone Hcl,Trazodone Hcl,144,358.9,10738,3553.61,51,,144,358.9,3553.61,10738,,51
1003007048,Fereidouni,Sam,Scottsdale,AZ,04,Family Practice,Claim-Specialty,Trelegy Ellipta,Fluticasone/Umeclidin/Vilanter,12,15,450,9443.36,,,12,15,9443.36,450,*,
1003007048,Fereidouni,Sam,Scottsdale,AZ,04,Family Practice,Claim-Specialty,Tresiba Flextouch U-200,Insulin Degludec,45,108.9,3269,51150.85,13,,45,108.9,51150.85,3269,,13
1003007048,Fereidouni,Sam,Scottsdale,AZ,04,Family Practice,Claim-Specialty,Trijardy Xr,Empaglifloz/Linaglip/Metformin,26,57.3,1720,34862.2,,,26,57.3,34862.2,1720,*,
1003007048,Fereidouni,Sam,Scottsdale,AZ,04,Family Practice,Claim-Specialty,Trulicity,Dulaglutide,28,40.7,1178,41184.49,,,28,40.7,41184.49,1178,*,
1003007048,Fereidouni,Sam,Scottsdale,AZ,04,Family Practice,Claim-Specialty,Ultra-Fine Nano Pen Needle,"Pen Needle, Diabetic",14,30.4,883,1436.17,,,14,30.4,1436.17,883,*,
1003007048,Fereidouni,Sam,Scottsdale,AZ,04,Family Practice,Claim-Specialty,Valacyclovir,Valacyclovir Hcl,13,23,494,316.76,,,13,23,316.76,494,*,
1003007048,Fereidouni,Sam,Scottsdale,AZ,04,Family Practice,Claim-Specialty,Vascepa,Icosapent Ethyl,19,45,1350,16063.54,,,19,45,16063.54,1350,*,
1003007048,Fereidouni,Sam,Scottsdale,AZ,04,Family Practice,Claim-Specialty,Venlafaxine Hcl Er,Venlafaxine Hcl,16,48,1440,577.2,,#,,,,,*,
1003007048,Fereidouni,Sam,Scottsdale,AZ,04,Family Practice,Claim-Specialty,Victoza 3-Pak,Liraglutide,13,15,450,18170.61,,,13,15,18170.61,450,*,
1003007048,Fereidouni,Sam,Scottsdale,AZ,04,Family Practice,Claim-Specialty,Warfarin Sodium,Warfarin Sodium,15,42.6,1278,136.92,,,15,42.6,136.92,1278,*,
1003007048,Fereidouni,Sam,Scottsdale,AZ,04,Family Practice,Claim-Specialty,Wixela Inhub,Fluticasone Propion/Salmeterol,12,12,360,650.69,,,12,12,650.69,360,*,
1003007048,Fereidouni,Sam,Scottsdale,AZ,04,Family Practice,Claim-Specialty,Xarelto,Rivaroxaban,21,48.3,1450,27472.76,,,21,48.3,27472.76,1450,*,
1003007048,Fereidouni,Sam,Scottsdale,AZ,04,Family Practice,Claim-Specialty,Xigduo Xr,Dapaglifloz Propaned/Metformin,121,247.7,7415,139371.84,37,#,,,,,#,
1003007048,Fereidouni,Sam,Scottsdale,AZ,04,Family Practice,Claim-Specialty,Xultophy 100-3.6,Insulin Degludec/Liraglutide,21,30.5,915,32064.54,,,21,30.5,32064.54,915,*,
1003007048,Fereidouni,Sam,Scottsdale,AZ,04,Family Practice,Claim-Specialty,Xyosted,Testosterone Enanthate,27,41.4,1204,28102.85,,,27,41.4,28102.85,1204,*,
1003007048,Fereidouni,Sam,Scottsdale,AZ,04,Family Practice,Claim-Specialty,Zolpidem Tartrate,Zolpidem Tartrate,25,47,1410,303.41,,,25,47,303.41,1410,*,
1003007055,Howard,Tiffany,West Columbia,SC,45,Physical Medicine and Rehabilitation,Claim-Specialty,Gabapentin,Gabapentin,42,50.1,1406,1184.14,,#,,,,,*,
1003007055,Howard,Tiffany,West Columbia,SC,45,Physical Medicine and Rehabilitation,Claim-Specialty,Meloxicam,Meloxicam,15,16,480,95.33,,#,,,,,*,
1003007055,Howard,Tiffany,West Columbia,SC,45,Physical Medicine and Rehabilitation,Claim-Specialty,Methylprednisolone,Methylprednisolone,12,12,71,114.82,12,#,,,,,#,
1003007170,Danciu,Sorin,Chicago,IL,17,Cardiology,Claim-Specialty,Amlodipine Besylate,Amlodipine Besylate,153,451,13485,1730.6,57,,153,451,1730.6,13485,,57
1003007170,Danciu,Sorin,Chicago,IL,17,Cardiology,Claim-Specialty,Atorvastatin Calcium,Atorvastatin Calcium,187,560,16800,2824.28,67,#,,,,,#,
1003007170,Danciu,Sorin,Chicago,IL,17,Cardiology,Claim-Specialty,Camzyos,Mavacamten,15,15,450,128221.58,,,15,15,128221.58,450,*,
1003007170,Danciu,Sorin,Chicago,IL,17,Cardiology,Claim-Specialty,Carvedilol,Carvedilol,169,481.3,14423,2077.8,60,,154,436.3,1883.1,13073,#,
1003007170,Danciu,Sorin,Chicago,IL,17,Cardiology,Claim-Specialty,Chlorthalidone,Chlorthalidone,51,146,4380,836.19,18,,51,146,836.19,4380,,18
1003007170,Danciu,Sorin,Chicago,IL,17,Cardiology,Claim-Specialty,Clopidogrel,Clopidogrel Bisulfate,120,348.7,10421,1746.67,46,#,,,,,#,
1003007170,Danciu,Sorin,Chicago,IL,17,Cardiology,Claim-Specialty,Colchicine,Colchicine,25,58,1740,2809.6,18,#,,,,,#,
1003007170,Danciu,Sorin,Chicago,IL,17,Cardiology,Claim-Specialty,Eliquis,Apixaban,173,325.4,9738,194021.78,43,#,,,,,#,
1003007170,Danciu,Sorin,Chicago,IL,17,Cardiology,Claim-Specialty,Enalapril Maleate,Enalapril Maleate,13,39,1170,293.87,,,13,39,293.87,1170,*,
1003007170,Danciu,Sorin,Chicago,IL,17,Cardiology,Claim-Specialty,Entresto,Sacubitril/Valsartan,124,253,7448,178432.26,33,,99,206,143828.25,6038,#,
1003007170,Danciu,Sorin,Chicago,IL,17,Cardiology,Claim-Specialty,Eplerenone,Eplerenone,13,33,990,977.13,,,13,33,977.13,990,*,
1003007170,Danciu,Sorin,Chicago,IL,17,Cardiology,Claim-Specialty,Ezetimibe,Ezetimibe,166,460.8,13798,5298,53,#,,,,,#,
1003007170,Danciu,Sorin,Chicago,IL,17,Cardiology,Claim-Specialty,Fenofibrate,Fenofibrate,13,39,1170,412.1,,,13,39,412.1,1170,*,
1003007170,Danciu,Sorin,Chicago,IL,17,Cardiology,Claim-Specialty,Furosemide,Furosemide,31,79,2366,212.14,14,#,,,,,#,
1003007170,Danciu,Sorin,Chicago,IL,17,Cardiology,Claim-Specialty,Hydralazine Hcl,Hydralazine Hcl,26,74,2210,610.65,,,26,74,610.65,2210,*,
1003007170,Danciu,Sorin,Chicago,IL,17,Cardiology,Claim-Specialty,Icosapent Ethyl,Icosapent Ethyl,36,58,1680,13069.63,,#,,,,,*,
1003007170,Danciu,Sorin,Chicago,IL,17,Cardiology,Claim-Specialty,Indapamide,Indapamide,17,51,1530,409.14,,,17,51,409.14,1530,*,
1003007170,Danciu,Sorin,Chicago,IL,17,Cardiology,Claim-Specialty,Isosorbide Mononitrate Er,Isosorbide Mononitrate,40,104,3120,1031.83,14,,40,104,1031.83,3120,,14
1003007170,Danciu,Sorin,Chicago,IL,17,Cardiology,Claim-Specialty,Jardiance,Empagliflozin,121,248,7430,154424.09,43,#,,,,,#,
1003007170,Danciu,Sorin,Chicago,IL,17,Cardiology,Claim-Specialty,Lisinopril,Lisinopril,90,249.3,7480,943.74,31,#,,,,,#,
1003007170,Danciu,Sorin,Chicago,IL,17,Cardiology,Claim-Specialty,Losartan Potassium,Losartan Potassium,170,464.9,13905,2008,54,#,,,,,#,
1003007170,Danciu,Sorin,Chicago,IL,17,Cardiology,Claim-Specialty,Metoprolol Succinate,Metoprolol Succinate,185,510.2,15288,3522.94,57,#,,,,,#,
1003007170,Danciu,Sorin,Chicago,IL,17,Cardiology,Claim-Specialty,Metoprolol Tartrate,Metoprolol Tartrate,37,88,2640,315.57,11,,37,88,315.57,2640,,11
1003007170,Danciu,Sorin,Chicago,IL,17,Cardiology,Claim-Specialty,Mounjaro,Tirzepatide,34,40.5,1166,44905.52,12,,21,27.5,30247.42,790,*,
1003007170,Danciu,Sorin,Chicago,IL,17,Cardiology,Claim-Specialty,Nifedipine Er,Nifedipine,12,37,1110,1259.76,,,12,37,1259.76,1110,*,
1003007170,Danciu,Sorin,Chicago,IL,17,Cardiology,Claim-Specialty,Omega-3 Acid Ethyl Esters,Omega-3 Acid Ethyl Esters,11,25,714,1608.92,,,11,25,1608.92,714,*,
1003007170,Danciu,Sorin,Chicago,IL,17,Cardiology,Claim-Specialty,Ozempic,Semaglutide,24,43.3,1280,37281.57,12,#,,,,,*,
1003007170,Danciu,Sorin,Chicago,IL,17,Cardiology,Claim-Specialty,Potassium Chloride,Potassium Chloride,19,51,1530,372.18,,#,,,,,*,
1003007170,Danciu,Sorin,Chicago,IL,17,Cardiology,Claim-Specialty,Praluent Pen,Alirocumab,32,51.1,1490,27839.89,,,32,51.1,27839.89,1490,*,
1003007170,Danciu,Sorin,Chicago,IL,17,Cardiology,Claim-Specialty,Ramipril,Ramipril,31,93,2790,511.91,,#,,,,,*,
1003007170,Danciu,Sorin,Chicago,IL,17,Cardiology,Claim-Specialty,Ranolazine Er,Ranolazine,24,63,1870,3993.02,,#,,,,,*,
1003007170,Danciu,Sorin,Chicago,IL,17,Cardiology,Claim-Specialty,Repatha Sureclick,Evolocumab,31,49,1428,28977.18,,#,,,,,*,
1003007170,Danciu,Sorin,Chicago,IL,17,Cardiology,Claim-Specialty,Rosuvastatin Calcium,Rosuvastatin Calcium,482,1356.5,40686,13456.99,163,,462,1312.5,12477.56,39366,#,
1003007170,Danciu,Sorin,Chicago,IL,17,Cardiology,Claim-Specialty,Spironolactone,Spironolactone,161,468,14040,1994.51,65,#,,,,,#,
1003007170,Danciu,Sorin,Chicago,IL,17,Cardiology,Claim-Specialty,Torsemide,Torsemide,145,383.1,11390,3162.07,59,,134,351.8,2616,10450,#,
1003007170,Danciu,Sorin,Chicago,IL,17,Cardiology,Claim-Specialty,Valsartan,Valsartan,27,59,1602,719.97,,,27,59,719.97,1602,*,
1003007170,Danciu,Sorin,Chicago,IL,17,Cardiology,Claim-Specialty,Vascepa,Icosapent Ethyl,41,99.3,2934,33843.94,17,#,,,,,#,
1003007170,Danciu,Sorin,Chicago,IL,17,Cardiology,Claim-Specialty,Warfarin Sodium,Warfarin Sodium,38,70.6,2087,859.27,,#,,,,,*,
1003007170,Danciu,Sorin,Chicago,IL,17,Cardiology,Claim-Specialty,Xarelto,Rivaroxaban,43,104,3120,60960.15,14,#,,,,,#,
1003007204,Yamani,Hussein,Conroe,TX,48,Cardiology,Claim-Specialty,Amiodarone Hcl,Amiodarone Hcl,80,184.1,5471,1834.32,33,,59,151.1,1330.86,4481,#,
1003007204,Yamani,Hussein,Conroe,TX,48,Cardiology,Claim-Specialty,Amlodipine Besylate,Amlodipine Besylate,302,780.4,23367,2265.1,107,,261,683.1,2057.65,20463,,92
1003007204,Yamani,Hussein,Conroe,TX,48,Cardiology,Claim-Specialty,Atenolol,Atenolol,23,65.3,1960,244.73,,#,,,,,*,
1003007204,Yamani,Hussein,Conroe,TX,48,Cardiology,Claim-Specialty,Atorvastatin Calcium,Atorvastatin Calcium,357,988.3,29611,5364.93,140,,323,926.3,4701.21,27751,,127
1003007204,Yamani,Hussein,Conroe,TX,48,Cardiology,Claim-Specialty,Brilinta,Ticagrelor,66,114,3420,53013.89,17,#,,,,,#,
1003007204,Yamani,Hussein,Conroe,TX,48,Cardiology,Claim-Specialty,Bumetanide,Bumetanide,11,15,450,422.11,,*,,,,,*,
1003007204,Yamani,Hussein,Conroe,TX,48,Cardiology,Claim-Specialty,Carvedilol,Carvedilol,354,877.5,26325,4028.8,138,,304,781,3297.15,23430,,125
1003007204,Yamani,Hussein,Conroe,TX,48,Cardiology,Claim-Specialty,Clonidine Hcl,Clonidine Hcl,37,79,2355,332.68,23,#,,,,,#,
1003007204,Yamani,Hussein,Conroe,TX,48,Cardiology,Claim-Specialty,Clopidogrel,Clopidogrel Bisulfate,327,847.2,25416,5402.19,120,,290,764.2,4631.82,22926,,108
1003007204,Yamani,Hussein,Conroe,TX,48,Cardiology,Claim-Specialty,Digoxin,Digoxin,65,152.3,4555,1641.03,20,#,,,,,#,
1003007204,Yamani,Hussein,Conroe,TX,48,Cardiology,Claim-Specialty,Diltiazem 24hr Er (Cd),Diltiazem Hcl,25,57.5,1725,821.84,,,25,57.5,821.84,1725,*,
1003007204,Yamani,Hussein,Conroe,TX,48,Cardiology,Claim-Specialty,Diltiazem Hcl,Diltiazem Hcl,23,62,1860,1510.35,11,#,,,,,*,
1003007204,Yamani,Hussein,Conroe,TX,48,Cardiology,Claim-Specialty,Eliquis,Apixaban,386,724.7,21652,420601.03,111,,355,681.7,396100.16,20380,#,
1003007204,Yamani,Hussein,Conroe,TX,48,Cardiology,Claim-Specialty,Entresto,Sacubitril/Valsartan,125,191.8,5676,130489.17,33,,87,149.6,100675.18,4436,#,
1003007204,Yamani,Hussein,Conroe,TX,48,Cardiology,Claim-Specialty,Ezetimibe,Ezetimibe,50,116.3,3490,2395.16,16,#,,,,,#,
1003007204,Yamani,Hussein,Conroe,TX,48,Cardiology,Claim-Specialty,Fenofibrate,Fenofibrate,14,34,1020,551.04,,,14,34,551.04,1020,*,
1003007204,Yamani,Hussein,Conroe,TX,48,Cardiology,Claim-Specialty,Flecainide Acetate,Flecainide Acetate,31,73,2190,2074.87,,,31,73,2074.87,2190,*,
1003007204,Yamani,Hussein,Conroe,TX,48,Cardiology,Claim-Specialty,Furosemide,Furosemide,413,924.6,27607,2876.72,165,,353,828,2259.75,24712,,149
1003007204,Yamani,Hussein,Conroe,TX,48,Cardiology,Claim-Specialty,Hydralazine Hcl,Hydralazine Hcl,102,270,8100,2691.63,36,#,,,,,#,
1003007204,Yamani,Hussein,Conroe,TX,48,Cardiology,Claim-Specialty,Hydrochlorothiazide,Hydrochlorothiazide,109,293,8790,576.6,45,,95,261,535.64,7830,#,
1003007204,Yamani,Hussein,Conroe,TX,48,Cardiology,Claim-Specialty,Irbesartan,Irbesartan,14,36,1080,292.1,,*,,,,,*,
1003007204,Yamani,Hussein,Conroe,TX,48,Cardiology,Claim-Specialty,Isosorbide Dinitrate,Isosorbide Dinitrate,26,72,2160,2869.69,,#,,,,,*,
1003007204,Yamani,Hussein,Conroe,TX,48,Cardiology,Claim-Specialty,Isosorbide Mononitrate Er,Isosorbide Mononitrate,137,381.7,11420,2898.91,46,,113,317.7,2542.05,9530,#,
1003007204,Yamani,Hussein,Conroe,TX,48,Cardiology,Claim-Specialty,Lisinopril,Lisinopril,223,564.5,16934,2588.11,85,,193,499.3,2231.82,14980,,74
1003007204,Yamani,Hussein,Conroe,TX,48,Cardiology,Claim-Specialty,Lisinopril-Hydrochlorothiazide,Lisinopril/Hydrochlorothiazide,43,113,3390,443.69,14,#,,,,,#,
1003007204,Yamani,Hussein,Conroe,TX,48,Cardiology,Claim-Specialty,Losartan Potassium,Losartan Potassium,159,434.4,13012,2822.37,67,,143,394.4,2616.62,11816,#,
1003007204,Yamani,Hussein,Conroe,TX,48,Cardiology,Claim-Specialty,Losartan-Hydrochlorothiazide,Losartan/Hydrochlorothiazide,30,88,2628,907.68,,,30,88,907.68,2628,*,
1003007204,Yamani,Hussein,Conroe,TX,48,Cardiology,Claim-Specialty,Metolazone,Metolazone,13,22.3,608,332.22,,#,,,,,*,
1003007204,Yamani,Hussein,Conroe,TX,48,Cardiology,Claim-Specialty,Metoprolol Succinate,Metoprolol Succinate,355,932.2,27902,6746.03,144,,344,904.8,6532.61,27082,#,
1003007204,Yamani,Hussein,Conroe,TX,48,Cardiology,Claim-Specialty,Metoprolol Tartrate,Metoprolol Tartrate,416,1048.3,31426,3370.14,142,,368,937,2939.65,28110,,129
1003007204,Yamani,Hussein,Conroe,TX,48,Cardiology,Claim-Specialty,Midodrine Hcl,Midodrine Hcl,19,31,930,2169.56,,,19,31,2169.56,930,*,
1003007204,Yamani,Hussein,Conroe,TX,48,Cardiology,Claim-Specialty,Multaq,Dronedarone Hcl,13,25,750,19796.68,,,13,25,19796.68,750,*,
1003007204,Yamani,Hussein,Conroe,TX,48,Cardiology,Claim-Specialty,Nebivolol Hcl,Nebivolol Hcl,77,162.9,4861,5331.96,24,,65,131.9,4193.37,3931,#,
1003007204,Yamani,Hussein,Conroe,TX,48,Cardiology,Claim-Specialty,Nifedipine Er,Nifedipine,158,409,12243,7090.13,48,#,,,,,#,
1003007204,Yamani,Hussein,Conroe,TX,48,Cardiology,Claim-Specialty,Nitroglycerin,Nitroglycerin,154,241.9,6692,5158.95,115,,139,214.4,4577.78,5888,,104
1003007204,Yamani,Hussein,Conroe,TX,48,Cardiology,Claim-Specialty,Olmesartan Medoxomil,Olmesartan Medoxomil,21,53,1590,545.55,,#,,,,,*,
1003007204,Yamani,Hussein,Conroe,TX,48,Cardiology,Claim-Specialty,Potassium Chloride,Potassium Chloride,129,272.2,8140,3745.57,55,,101,236,3057.84,7055,#,
1003007204,Yamani,Hussein,Conroe,TX,48,Cardiology,Claim-Specialty,Pravastatin Sodium,Pravastatin Sodium,47,137,4110,1121.05,20,#,,,,,#,
1003007204,Yamani,Hussein,Conroe,TX,48,Cardiology,Claim-Specialty,Propranolol Hcl,Propranolol Hcl,18,46,1380,497.74,,#,,,,,*,
1003007204,Yamani,Hussein,Conroe,TX,48,Cardiology,Claim-Specialty,Ranolazine Er,Ranolazine,73,201,6030,11482.76,27,#,,,,,#,
1003007204,Yamani,Hussein,Conroe,TX,48,Cardiology,Claim-Specialty,Repatha Sureclick,Evolocumab,59,72.9,2094,43698.79,14,,59,72.9,43698.79,2094,,14
1003007204,Yamani,Hussein,Conroe,TX,48,Cardiology,Claim-Specialty,Repatha Syringe,Evolocumab,31,36.4,1076,22812.37,,#,,,,,*,
1003007204,Yamani,Hussein,Conroe,TX,48,Cardiology,Claim-Specialty,Rosuvastatin Calcium,Rosuvastatin Calcium,192,463,13890,3203.37,67,,178,421,3039.59,12630,#,
1003007204,Yamani,Hussein,Conroe,TX,48,Cardiology,Claim-Specialty,Simvastatin,Simvastatin,78,174,5220,724.03,25,#,,,,,#,
1003007204,Yamani,Hussein,Conroe,TX,48,Cardiology,Claim-Specialty,Sotalol,Sotalol Hcl,11,25,750,529.23,,,11,25,529.23,750,*,
1003007204,Yamani,Hussein,Conroe,TX,48,Cardiology,Claim-Specialty,Spironolactone,Spironolactone,28,76.5,2270,336.65,14,#,,,,,#,
1003007204,Yamani,Hussein,Conroe,TX,48,Cardiology,Claim-Specialty,Valsartan,Valsartan,168,420,12584,7755.58,54,,150,382,7315.25,11460,#,
1003007204,Yamani,Hussein,Conroe,TX,48,Cardiology,Claim-Specialty,Valsartan-Hydrochlorothiazide,Valsartan/Hydrochlorothiazide,27,76.3,2290,1462.52,,#,,,,,*,
1003007204,Yamani,Hussein,Conroe,TX,48,Cardiology,Claim-Specialty,Warfarin Sodium,Warfarin Sodium,11,32.8,984,149.71,,,11,32.8,149.71,984,*,
1003007204,Yamani,Hussein,Conroe,TX,48,Cardiology,Claim-Specialty,Xarelto,Rivaroxaban,157,281.4,8425,161319.26,45,#,,,,,#,
1003007279,Williams,Jennifer,Yakima,WA,53,Physician Assistant,Claim-Specialty,Albuterol Sulfate Hfa,Albuterol Sulfate,67,82.4,1896,4144.64,25,,39,43.6,2216.12,1000,#,
1003007279,Williams,Jennifer,Yakima,WA,53,Physician Assistant,Claim-Specialty,Alendronate Sodium,Alendronate Sodium,28,51.4,1512,249.58,,,28,51.4,249.58,1512,*,
1003007279,Williams,Jennifer,Yakima,WA,53,Physician Assistant,Claim-Specialty,Amitriptyline Hcl,Amitriptyline Hcl,18,40,1200,654.46,,*,,,,,*,
1003007279,Williams,Jennifer,Yakima,WA,53,Physician Assistant,Claim-Specialty,Amlodipine Besylate,Amlodipine Besylate,41,105,3150,489.16,16,#,,,,,#,
1003007279,Williams,Jennifer,Yakima,WA,53,Physician Assistant,Claim-Specialty,Atorvastatin Calcium,Atorvastatin Calcium,135,363.3,10900,2791.79,51,,105,285.3,2227.18,8560,#,
1003007279,Williams,Jennifer,Yakima,WA,53,Physician Assistant,Claim-Specialty,Buspirone Hcl,Buspirone Hcl,23,41,1230,560.94,,#,,,,,*,
1003007279,Williams,Jennifer,Yakima,WA,53,Physician Assistant,Claim-Specialty,Cephalexin,Cephalexin,23,27,339,195.13,21,#,,,,,#,
1003007279,Williams,Jennifer,Yakima,WA,53,Physician Assistant,Claim-Specialty,Citalopram Hbr,Citalopram Hydrobromide,20,57,1710,190.07,,#,,,,,*,
1003007279,Williams,Jennifer,Yakima,WA,53,Physician Assistant,Claim-Specialty,Clobetasol Propionate,Clobetasol Propionate,53,56.6,1545,2388.14,41,#,,,,,#,
1003007279,Williams,Jennifer,Yakima,WA,53,Physician Assistant,Claim-Specialty,Cyclobenzaprine Hcl,Cyclobenzaprine Hcl,22,26,610,158.01,,,11,11,101.58,240,*,
1003007279,Williams,Jennifer,Yakima,WA,53,Physician Assistant,Claim-Specialty,Diclofenac Sodium,Diclofenac Sodium,30,38,947,731.23,,,17,25,410.69,579,*,
1003007279,Williams,Jennifer,Yakima,WA,53,Physician Assistant,Claim-Specialty,Duloxetine Hcl,Duloxetine Hcl,15,43,1290,1456.25,,*,,,,,*,
1003007279,Williams,Jennifer,Yakima,WA,53,Physician Assistant,Claim-Specialty,Famotidine,Famotidine,44,71,2130,771.82,16,,31,56,628.28,1680,#,
1003007279,Williams,Jennifer,Yakima,WA,53,Physician Assistant,Claim-Specialty,Fluorouracil,Fluorouracil,12,14,418,1458.05,,,12,14,1458.05,418,*,
1003007279,Williams,Jennifer,Yakima,WA,53,Physician Assistant,Claim-Specialty,Fluticasone Propionate,Fluticasone Propionate,63,94,2820,669.02,26,,42,60,441.57,1800,#,
1003007279,Williams,Jennifer,Yakima,WA,53,Physician Assistant,Claim-Specialty,Furosemide,Furosemide,22,48,1424,136.97,,#,,,,,*,
1003007279,Williams,Jennifer,Yakima,WA,53,Physician Assistant,Claim-Specialty,Gabapentin,Gabapentin,62,108,3230,2038.57,19,,36,76,1256.49,2270,#,
1003007279,Williams,Jennifer,Yakima,WA,53,Physician Assistant,Claim-Specialty,Glipizide,Glipizide,14,33.5,1005,192.24,,*,,,,,*,
1003007279,Williams,Jennifer,Yakima,WA,53,Physician Assistant,Claim-Specialty,Hydrochlorothiazide,Hydrochlorothiazide,72,212,6360,444.32,30,#,,,,,#,
1003007279,Williams,Jennifer,Yakima,WA,53,Physician Assistant,Claim-Specialty,Hydrocodone-Acetaminophen,Hydrocodone/Acetaminophen,21,21,522,583.28,,#,,,,,*,
1003007279,Williams,Jennifer,Yakima,WA,53,Physician Assistant,Claim-Specialty,Hydrocortisone,Hydrocortisone,20,20,488,269.33,17,#,,,,,#,
1003007279,Williams,Jennifer,Yakima,WA,53,Physician Assistant,Claim-Specialty,Hydroxyzine Hcl,Hydroxyzine Hcl,29,29,506,557.36,,*,,,,,*,
1003007279,Williams,Jennifer,Yakima,WA,53,Physician Assistant,Claim-Specialty,Hydroxyzine Pamoate,Hydroxyzine Pamoate,21,21,133,261.38,,*,,,,,*,
1003007279,Williams,Jennifer,Yakima,WA,53,Physician Assistant,Claim-Specialty,Ibuprofen,Ibuprofen,64,65.7,1300,587.95,22,,33,33,269.63,648,#,
1003007279,Williams,Jennifer,Yakima,WA,53,Physician Assistant,Claim-Specialty,Ipratropium Bromide,Ipratropium Bromide,17,24.5,701,640.5,,,17,24.5,640.5,701,*,
1003007279,Williams,Jennifer,Yakima,WA,53,Physician Assistant,Claim-Specialty,Januvia,Sitagliptin Phosphate,16,20,600,11096.23,,,0,0,0,0,#,
1003007279,Williams,Jennifer,Yakima,WA,53,Physician Assistant,Claim-Specialty,Jardiance,Empagliflozin,34,74,2220,42686.01,,,15,39,21360.02,1170,*,
1003007279,Williams,Jennifer,Yakima,WA,53,Physician Assistant,Claim-Specialty,Ketoconazole,Ketoconazole,23,23,581,380.22,18,#,,,,,#,
1003007279,Williams,Jennifer,Yakima,WA,53,Physician Assistant,Claim-Specialty,Lantus Solostar,"Insulin Glargine,hum.Rec.Anlog",24,41.9,1238,11625.01,,#,,,,,*,
1003007279,Williams,Jennifer,Yakima,WA,53,Physician Assistant,Claim-Specialty,Levothyroxine Sodium,Levothyroxine Sodium,65,168.2,5043,1425.9,23,,46,134,1083.91,4020,#,
1003007279,Williams,Jennifer,Yakima,WA,53,Physician Assistant,Claim-Specialty,Lisinopril,Lisinopril,128,359,10770,2072.08,55,,98,270,1694.24,8100,,42
1003007279,Williams,Jennifer,Yakima,WA,53,Physician Assistant,Claim-Specialty,Lisinopril-Hydrochlorothiazide,Lisinopril/Hydrochlorothiazide,11,33,990,380.82,,,11,33,380.82,990,*,
1003007279,Williams,Jennifer,Yakima,WA,53,Physician Assistant,Claim-Specialty,Losartan Potassium,Losartan Potassium,39,117,3510,770.47,13,#,,,,,#,
1003007279,Williams,Jennifer,Yakima,WA,53,Physician Assistant,Claim-Specialty,Meloxicam,Meloxicam,26,36,1080,149.76,,#,,,,,*,
1003007279,Williams,Jennifer,Yakima,WA,53,Physician Assistant,Claim-Specialty,Metformin Hcl,Metformin Hcl,59,169,5070,1086.89,21,,45,135,866.51,4050,#,
1003007279,Williams,Jennifer,Yakima,WA,53,Physician Assistant,Claim-Specialty,Metformin Hcl Er,Metformin Hcl,42,108,3240,591.66,13,,27,73,434.1,2190,*,
1003007279,Williams,Jennifer,Yakima,WA,53,Physician Assistant,Claim-Specialty,Methocarbamol,Methocarbamol,11,19,570,284.8,,,11,19,284.8,570,*,
1003007279,Williams,Jennifer,Yakima,WA,53,Physician Assistant,Claim-Specialty,Methotrexate,Methotrexate Sodium,11,12.8,376,256.43,,,0,0,0,0,#,
1003007279,Williams,Jennifer,Yakima,WA,53,Physician Assistant,Claim-Specialty,Metoclopramide Hcl,Metoclopramide Hcl,13,13,390,87.17,,,0,0,0,0,#,
1003007279,Williams,Jennifer,Yakima,WA,53,Physician Assistant,Claim-Specialty,Metoprolol Succinate,Metoprolol Succinate,44,112,3360,1205.52,16,#,,,,,#,
1003007279,Williams,Jennifer,Yakima,WA,53,Physician Assistant,Claim-Specialty,Naproxen,Naproxen,13,17,510,144.23,,*,,,,,*,
1003007279,Williams,Jennifer,Yakima,WA,53,Physician Assistant,Claim-Specialty,Nurtec Odt,Rimegepant Sulfate,11,11,330,20493.11,,,0,0,0,0,#,
1003007279,Williams,Jennifer,Yakima,WA,53,Physician Assistant,Claim-Specialty,Nystatin,Nystatin,16,16,371,249.71,13,#,,,,,#,
1003007279,Williams,Jennifer,Yakima,WA,53,Physician Assistant,Claim-Specialty,Omeprazole,Omeprazole,123,238.5,7116,2035.82,36,,86,172.5,1427.17,5161,,23
1003007279,Williams,Jennifer,Yakima,WA,53,Physician Assistant,Claim-Specialty,Ondansetron Odt,Ondansetron,12,12,199,249.09,,*,,,,,*,
1003007279,Williams,Jennifer,Yakima,WA,53,Physician Assistant,Claim-Specialty,Orencia,Abatacept,11,11,308,57630.98,,,0,0,0,0,#,
1003007279,Williams,Jennifer,Yakima,WA,53,Physician Assistant,Claim-Specialty,Oxycodone-Acetaminophen,Oxycodone Hcl/Acetaminophen,11,11,232,142.55,,*,,,,,*,
1003007279,Williams,Jennifer,Yakima,WA,53,Physician Assistant,Claim-Specialty,Pantoprazole Sodium,Pantoprazole Sodium,21,37,1100,309.21,,#,,,,,*,
1003007279,Williams,Jennifer,Yakima,WA,53,Physician Assistant,Claim-Specialty,Paroxetine Hcl,Paroxetine Hcl,11,11,326,215.67,,,0,0,0,0,#,
1003007279,Williams,Jennifer,Yakima,WA,53,Physician Assistant,Claim-Specialty,Pioglitazone Hcl,Pioglitazone Hcl,14,40,1200,643.79,,#,,,,,*,
1003007279,Williams,Jennifer,Yakima,WA,53,Physician Assistant,Claim-Specialty,Prednisone,Prednisone,17,17,213,51.8,16,#,,,,,#,
1003007279,Williams,Jennifer,Yakima,WA,53,Physician Assistant,Claim-Specialty,Pregabalin,Pregabalin,29,34,1020,1589.37,,*,,,,,*,
1003007279,Williams,Jennifer,Yakima,WA,53,Physician Assistant,Claim-Specialty,Quetiapine Fumarate,Quetiapine Fumarate,15,33,990,440.9,,*,,,,,*,
1003007279,Williams,Jennifer,Yakima,WA,53,Physician Assistant,Claim-Specialty,Rosuvastatin Calcium,Rosuvastatin Calcium,25,73,2190,1083.22,,#,,,,,*,
1003007279,Williams,Jennifer,Yakima,WA,53,Physician Assistant,Claim-Specialty,Sertraline Hcl,Sertraline Hcl,23,63.3,1900,407.83,11,#,,,,,*,
1003007279,Williams,Jennifer,Yakima,WA,53,Physician Assistant,Claim-Specialty,Shingrix,Varicella-Zoster Ge/As01b/Pf,27,32,380,4956.73,20,#,,,,,#,
1003007279,Williams,Jennifer,Yakima,WA,53,Physician Assistant,Claim-Specialty,Solifenacin Succinate,Solifenacin Succinate,15,19,566,822.63,,*,,,,,*,
1003007279,Williams,Jennifer,Yakima,WA,53,Physician Assistant,Claim-Specialty,Tizanidine Hcl,Tizanidine Hcl,45,45,1077,804.53,,,19,19,242.01,367,*,
1003007279,Williams,Jennifer,Yakima,WA,53,Physician Assistant,Claim-Specialty,Tramadol Hcl,Tramadol Hcl,11,11,263,66.1,,*,,,,,*,
1003007279,Williams,Jennifer,Yakima,WA,53,Physician Assistant,Claim-Specialty,Trazodone Hcl,Trazodone Hcl,37,85.5,2565,2074.89,16,,21,49.5,389.7,1485,#,
1003007279,Williams,Jennifer,Yakima,WA,53,Physician Assistant,Claim-Specialty,Triamcinolone Acetonide,Triamcinolone Acetonide,42,44.3,1064,409.72,35,#,,,,,#,
1003007279,Williams,Jennifer,Yakima,WA,53,Physician Assistant,Claim-Specialty,Trulicity,Dulaglutide,21,42.3,1251,40507.49,,*,,,,,*,
1003007279,Williams,Jennifer,Yakima,WA,53,Physician Assistant,Claim-Specialty,Ventolin Hfa,Albuterol Sulfate,15,15,249,915.87,,,0,0,0,0,#,
1003007295,Uzowulu,Obinna,San Antonio,TX,48,Family Practice,Claim-Specialty,Amlodipine Besylate,Amlodipine Besylate,21,63,1890,181.61,,,21,63,181.61,1890,*,
1003007295,Uzowulu,Obinna,San Antonio,TX,48,Family Practice,Claim-Specialty,Atorvastatin Calcium,Atorvastatin Calcium,22,64,1920,300.53,11,,22,64,300.53,1920,,11
1003007295,Uzowulu,Obinna,San Antonio,TX,48,Family Practice,Claim-Specialty,Levothyroxine Sodium,Levothyroxine Sodium,14,34,1020,100.81,,,14,34,100.81,1020,*,
1003007295,Uzowulu,Obinna,San Antonio,TX,48,Family Practice,Claim-Specialty,Metformin Hcl Er,Metformin Hcl,14,42,1260,144.79,,,14,42,144.79,1260,*,
1003007295,Uzowulu,Obinna,San Antonio,TX,48,Family Practice,Claim-Specialty,Olmesartan Medoxomil,Olmesartan Medoxomil,25,70.5,2100,724.96,,,25,70.5,724.96,2100,*,
1003007295,Uzowulu,Obinna,San Antonio,TX,48,Family Practice,Claim-Specialty,Pioglitazone Hcl,Pioglitazone Hcl,12,32,960,238.3,,,12,32,238.3,960,*,
1003007295,Uzowulu,Obinna,San Antonio,TX,48,Family Practice,Claim-Specialty,Rosuvastatin Calcium,Rosuvastatin Calcium,13,38.5,1156,265.92,,,13,38.5,265.92,1156,*,
1003007311,Black,Michael,Spartanburg,SC,45,Physician Assistant,Claim-Specialty,Albuterol Sulfate Hfa,Albuterol Sulfate,14,16.7,450,597.99,13,#,,,,,*,
1003007311,Black,Michael,Spartanburg,SC,45,Physician Assistant,Claim-Specialty,Amoxicillin,Amoxicillin,35,35,335,160.52,34,#,,,,,#,
1003007311,Black,Michael,Spartanburg,SC,45,Physician Assistant,Claim-Specialty,Amoxicillin-Clavulanate Potass,Amoxicillin/Potassium Clav,15,15,148,169.22,15,#,,,,,#,
1003007311,Black,Michael,Spartanburg,SC,45,Physician Assistant,Claim-Specialty,Azithromycin,Azithromycin,67,67,380,398.25,65,,52,52,305.77,295,,50
1003007311,Black,Michael,Spartanburg,SC,45,Physician Assistant,Claim-Specialty,Cephalexin,Cephalexin,15,15,108,123.44,15,#,,,,,#,
1003007311,Black,Michael,Spartanburg,SC,45,Physician Assistant,Claim-Specialty,Ciprofloxacin Hcl,Ciprofloxacin Hcl,14,14,81,48.1,14,*,,,,,*,
1003007311,Black,Michael,Spartanburg,SC,45,Physician Assistant,Claim-Specialty,Cyclobenzaprine Hcl,Cyclobenzaprine Hcl,12,12,115,68.25,,*,,,,,*,
1003007311,Black,Michael,Spartanburg,SC,45,Physician Assistant,Claim-Specialty,Doxycycline Hyclate,Doxycycline Hyclate,23,23,177,196.28,23,#,,,,,#,
1003007311,Black,Michael,Spartanburg,SC,45,Physician Assistant,Claim-Specialty,Fluconazole,Fluconazole,19,19,30,68.31,16,*,,,,,*,
1003007311,Black,Michael,Spartanburg,SC,45,Physician Assistant,Claim-Specialty,Fluticasone Propionate,Fluticasone Propionate,12,15,450,168.06,12,*,,,,,*,
1003007311,Black,Michael,Spartanburg,SC,45,Physician Assistant,Claim-Specialty,Methylprednisolone,Methylprednisolone,16,16,110,114.72,15,#,,,,,#,
1003007311,Black,Michael,Spartanburg,SC,45,Physician Assistant,Claim-Specialty,Nitrofurantoin Mono-Macro,Nitrofurantoin Monohyd/M-Cryst,11,11,56,137.76,11,*,,,,,*,
1003007311,Black,Michael,Spartanburg,SC,45,Physician Assistant,Claim-Specialty,Prednisone,Prednisone,91,91,660,196.94,87,,66,66,138.61,479,,65
1003007345,Harlow,Michael,Minneapolis,MN,27,Psychiatry,Claim-Specialty,Jantoven,Warfarin Sodium,13,13,170,126.07,,,0,0,0,0,#,
1003007345,Harlow,Michael,Minneapolis,MN,27,Psychiatry,Claim-Specialty,Mirtazapine,Mirtazapine,20,20,596,220.72,20,*,,,,,*,
1003007345,Harlow,Michael,Minneapolis,MN,27,Psychiatry,Claim-Specialty,Olanzapine,Olanzapine,35,37,1053,776.81,31,*,,,,,*,
1003007345,Harlow,Michael,Minneapolis,MN,27,Psychiatry,Claim-Specialty,Quetiapine Fumarate,Quetiapine Fumarate,12,12,351,263.1,,*,,,,,*,
1003007352,Barker,Avis,Granger,IN,18,Dentist,NPPES-Specialty,Amoxicillin,Amoxicillin,48,48,402,198.82,43,#,,,,,#,
1003007352,Barker,Avis,Granger,IN,18,Dentist,NPPES-Specialty,Cephalexin,Cephalexin,14,14,51,69.13,,#,,,,,*,
1003007469,Ozuna,Eduardo,New Braunfels,TX,48,Pain Management,Claim-Specialty,Acetaminophen-Codeine,Acetaminophen With Codeine,22,22,307,395.51,12,#,,,,,#,
1003007469,Ozuna,Eduardo,New Braunfels,TX,48,Pain Management,Claim-Specialty,Baclofen,Baclofen,11,21,630,299.02,,*,,,,,*,
1003007469,Ozuna,Eduardo,New Braunfels,TX,48,Pain Management,Claim-Specialty,Cyclobenzaprine Hcl,Cyclobenzaprine Hcl,20,20,530,66.33,,*,,,,,*,
1003007469,Ozuna,Eduardo,New Braunfels,TX,48,Pain Management,Claim-Specialty,Diazepam,Diazepam,24,24,30,21.25,13,#,,,,,*,
1003007469,Ozuna,Eduardo,New Braunfels,TX,48,Pain Management,Claim-Specialty,Diclofenac Sodium,Diclofenac Sodium,11,12.4,306,271.12,,*,,,,,*,
1003007469,Ozuna,Eduardo,New Braunfels,TX,48,Pain Management,Claim-Specialty,Fentanyl,Fentanyl,28,28,810,4861.05,,#,,,,,*,
1003007469,Ozuna,Eduardo,New Braunfels,TX,48,Pain Management,Claim-Specialty,Gabapentin,Gabapentin,129,179.7,5367,2247.98,50,,106,152.3,1837.28,4547,#,
1003007469,Ozuna,Eduardo,New Braunfels,TX,48,Pain Management,Claim-Specialty,Hydrocodone-Acetaminophen,Hydrocodone/Acetaminophen,272,272,6902,7544.53,67,,207,207,4490.53,5290,#,
1003007469,Ozuna,Eduardo,New Braunfels,TX,48,Pain Management,Claim-Specialty,Methocarbamol,Methocarbamol,32,40,1070,482.47,12,#,,,,,*,
1003007469,Ozuna,Eduardo,New Braunfels,TX,48,Pain Management,Claim-Specialty,Methylprednisolone,Methylprednisolone,18,18,107,159.93,18,#,,,,,#,
1003007469,Ozuna,Eduardo,New Braunfels,TX,48,Pain Management,Claim-Specialty,Morphine Sulfate,Morphine Sulfate,11,11,253,177.54,,,0,0,0,0,#,
1003007469,Ozuna,Eduardo,New Braunfels,TX,48,Pain Management,Claim-Specialty,Morphine Sulfate Er,Morphine Sulfate,52,52,1343,1192.13,11,,22,22,555.73,513,*,
1003007469,Ozuna,Eduardo,New Braunfels,TX,48,Pain Management,Claim-Specialty,Oxycodone Hcl,Oxycodone Hcl,46,46,1217,1229.79,,,30,30,787.71,807,*,
1003007469,Ozuna,Eduardo,New Braunfels,TX,48,Pain Management,Claim-Specialty,Oxycodone-Acetaminophen,Oxycodone Hcl/Acetaminophen,35,35,868,571.31,,#,,,,,*,
1003007469,Ozuna,Eduardo,New Braunfels,TX,48,Pain Management,Claim-Specialty,Oxycontin,Oxycodone Hcl,39,39,1021,26446.46,,#,,,,,*,
1003007469,Ozuna,Eduardo,New Braunfels,TX,48,Pain Management,Claim-Specialty,Pregabalin,Pregabalin,38,41,1220,2811.64,12,#,,,,,*,
1003007469,Ozuna,Eduardo,New Braunfels,TX,48,Pain Management,Claim-Specialty,Tizanidine Hcl,Tizanidine Hcl,38,62,1791,682.06,23,#,,,,,#,
1003007469,Ozuna,Eduardo,New Braunfels,TX,48,Pain Management,Claim-Specialty,Tramadol Hcl,Tramadol Hcl,53,53,1187,387.91,20,,40,40,161.41,797,#,
1003007477,Abdow,Kimberly,Worcester,MA,25,Nurse Practitioner,Claim-Specialty,Adderall Xr,Dextroamphetamine/Amphetamine,20,20,600,4162.91,,,0,0,0,0,#,
1003007477,Abdow,Kimberly,Worcester,MA,25,Nurse Practitioner,Claim-Specialty,Alprazolam,Alprazolam,247,304,9044,2773.72,36,,74,94,868.17,2820,,14
1003007477,Abdow,Kimberly,Worcester,MA,25,Nurse Practitioner,Claim-Specialty,Amitriptyline Hcl,Amitriptyline Hcl,25,61,1830,1348.43,,*,,,,,*,
1003007477,Abdow,Kimberly,Worcester,MA,25,Nurse Practitioner,Claim-Specialty,Aripiprazole,Aripiprazole,301,540,15950,29157.52,70,,71,117,9423.55,3477,,17
1003007477,Abdow,Kimberly,Worcester,MA,25,Nurse Practitioner,Claim-Specialty,Azithromycin,Azithromycin,17,17,75,81.75,11,*,,,,,*,
1003007477,Abdow,Kimberly,Worcester,MA,25,Nurse Practitioner,Claim-Specialty,Benztropine Mesylate,Benztropine Mesylate,49,111,3313,1197.56,,*,,,,,*,
1003007477,Abdow,Kimberly,Worcester,MA,25,Nurse Practitioner,Claim-Specialty,Bupropion Hcl,Bupropion Hcl,13,29,870,389.7,,*,,,,,*,
1003007477,Abdow,Kimberly,Worcester,MA,25,Nurse Practitioner,Claim-Specialty,Bupropion Hcl Sr,Bupropion Hcl,172,254,7513,7057.62,31,,17,25,689.75,750,*,
1003007477,Abdow,Kimberly,Worcester,MA,25,Nurse Practitioner,Claim-Specialty,Bupropion Xl,Bupropion Hcl,280,645,19298,12272.57,56,,91,243,2696.85,7290,,19
1003007477,Abdow,Kimberly,Worcester,MA,25,Nurse Practitioner,Claim-Specialty,Buspirone Hcl,Buspirone Hcl,357,558,16684,7673.08,63,,45,77,1158.91,2310,,11
1003007477,Abdow,Kimberly,Worcester,MA,25,Nurse Practitioner,Claim-Specialty,Carbamazepine,Carbamazepine,21,29,870,524.43,,,0,0,0,0,#,
1003007477,Abdow,Kimberly,Worcester,MA,25,Nurse Practitioner,Claim-Specialty,Chlorpromazine Hcl,Chlorpromazine Hcl,108,154,4407,27082,23,,27,37,4374.41,1110,*,
1003007477,Abdow,Kimberly,Worcester,MA,25,Nurse Practitioner,Claim-Specialty,Citalopram Hbr,Citalopram Hydrobromide,208,364,10902,2867.72,40,,51,99,788.21,2952,*,
1003007477,Abdow,Kimberly,Worcester,MA,25,Nurse Practitioner,Claim-Specialty,Clonazepam,Clonazepam,907,1121.9,33331,11072.65,126,,225,281,2251.22,8371,,30
1003007477,Abdow,Kimberly,Worcester,MA,25,Nurse Practitioner,Claim-Specialty,Clonidine Hcl,Clonidine Hcl,260,411,12286,4084.82,42,,26,47,496.62,1410,*,
1003007477,Abdow,Kimberly,Worcester,MA,25,Nurse Practitioner,Claim-Specialty,Clozapine,Clozapine,36,36,1058,1519.29,,,0,0,0,0,#,
1003007477,Abdow,Kimberly,Worcester,MA,25,Nurse Practitioner,Claim-Specialty,Desmopressin Acetate,Desmopressin Acetate,13,13,390,3250.07,,,0,0,0,0,#,
1003007477,Abdow,Kimberly,Worcester,MA,25,Nurse Practitioner,Claim-Specialty,Desvenlafaxine Succinate Er,Desvenlafaxine Succinate,19,27,787,1102.09,,,0,0,0,0,#,
1003007477,Abdow,Kimberly,Worcester,MA,25,Nurse Practitioner,Claim-Specialty,Dextroamphetamine-Amphet Er,Dextroamphetamine/Amphetamine,134,134,3891,10185.21,21,,23,23,576.97,680,*,
1003007477,Abdow,Kimberly,Worcester,MA,25,Nurse Practitioner,Claim-Specialty,Dextroamphetamine-Amphetamine,Dextroamphetamine/Amphetamine,416,421,12473,15109.09,47,,80,85,3219.7,2505,*,
1003007477,Abdow,Kimberly,Worcester,MA,25,Nurse Practitioner,Claim-Specialty,Diazepam,Diazepam,187,247,7355,2191.57,33,,93,115,787.65,3411,,15
1003007477,Abdow,Kimberly,Worcester,MA,25,Nurse Practitioner,Claim-Specialty,Divalproex Sodium,Divalproex Sodium,66,86,2529,4951.02,,,13,13,492.68,390,*,
1003007477,Abdow,Kimberly,Worcester,MA,25,Nurse Practitioner,Claim-Specialty,Divalproex Sodium Er,Divalproex Sodium,33,60,1773,4486.65,,,18,18,2011.49,513,*,
1003007477,Abdow,Kimberly,Worcester,MA,25,Nurse Practitioner,Claim-Specialty,Doxepin Hcl,Doxepin Hcl,215,373,11186,7308.5,42,,63,133,1866.9,3988,,16
1003007477,Abdow,Kimberly,Worcester,MA,25,Nurse Practitioner,Claim-Specialty,Duloxetine Hcl,Duloxetine Hcl,234,430,12831,8540.47,42,,80,150,2772.19,4446,,15
1003007477,Abdow,Kimberly,Worcester,MA,25,Nurse Practitioner,Claim-Specialty,Escitalopram Oxalate,Escitalopram Oxalate,180,366,10944,4056.62,44,,57,115,1152,3414,,15
1003007477,Abdow,Kimberly,Worcester,MA,25,Nurse Practitioner,Claim-Specialty,Eszopiclone,Eszopiclone,21,25,750,270.53,,,0,0,0,0,#,
1003007477,Abdow,Kimberly,Worcester,MA,25,Nurse Practitioner,Claim-Specialty,Fluoxetine Hcl,Fluoxetine Hcl,301,460.5,13778,6528.21,54,,63,117,1695.78,3510,,13
1003007477,Abdow,Kimberly,Worcester,MA,25,Nurse Practitioner,Claim-Specialty,Fluvoxamine Maleate,Fluvoxamine Maleate,46,70,2085,2075.04,,#,,,,,*,
1003007477,Abdow,Kimberly,Worcester,MA,25,Nurse Practitioner,Claim-Specialty,Gabapentin,Gabapentin,288,424.3,12685,6302.12,46,,27,51,599.42,1530,*,
1003007477,Abdow,Kimberly,Worcester,MA,25,Nurse Practitioner,Claim-Specialty,Haloperidol,Haloperidol,50,62,1856,2108.32,,,11,11,127.04,326,*,
1003007477,Abdow,Kimberly,Worcester,MA,25,Nurse Practitioner,Claim-Specialty,Haloperidol Decanoate,Haloperidol Decanoate,13,13,364,573.4,,,0,0,0,0,#,
1003007477,Abdow,Kimberly,Worcester,MA,25,Nurse Practitioner,Claim-Specialty,Hydroxyzine Hcl,Hydroxyzine Hcl,83,159,4770,4606,17,,22,48,840.32,1440,*,
1003007477,Abdow,Kimberly,Worcester,MA,25,Nurse Practitioner,Claim-Specialty,Hydroxyzine Pamoate,Hydroxyzine Pamoate,71,113,3388,1874.96,20,*,,,,,*,
1003007477,Abdow,Kimberly,Worcester,MA,25,Nurse Practitioner,Claim-Specialty,Invega Sustenna,Paliperidone Palmitate,45,45,1279,97199.48,,,13,13,15041.2,386,*,
1003007477,Abdow,Kimberly,Worcester,MA,25,Nurse Practitioner,Claim-Specialty,Lamotrigine,Lamotrigine,189,345,10294,4515.05,38,,42,96,1147.1,2830,*,
1003007477,Abdow,Kimberly,Worcester,MA,25,Nurse Practitioner,Claim-Specialty,Latuda,Lurasidone Hcl,15,19,570,12088.24,,,0,0,0,0,#,
1003007477,Abdow,Kimberly,Worcester,MA,25,Nurse Practitioner,Claim-Specialty,Lisdexamfetamine Dimesylate,Lisdexamfetamine Dimesylate,17,17,486,3341.43,,,0,0,0,0,#,
1003007477,Abdow,Kimberly,Worcester,MA,25,Nurse Practitioner,Claim-Specialty,Lithium Carbonate,Lithium Carbonate,34,56,1674,572.76,,,11,33,234.91,990,*,
1003007477,Abdow,Kimberly,Worcester,MA,25,Nurse Practitioner,Claim-Specialty,Lithium Carbonate Er,Lithium Carbonate,25,53,1582,793.36,,*,,,,,*,
1003007477,Abdow,Kimberly,Worcester,MA,25,Nurse Practitioner,Claim-Specialty,Lorazepam,Lorazepam,457,666,19852,7119.95,87,,159,264,2180.5,7836,,30
1003007477,Abdow,Kimberly,Worcester,MA,25,Nurse Practitioner,Claim-Specialty,Lurasidone Hcl,Lurasidone Hcl,19,23,690,3875.64,,,0,0,0,0,#,
1003007477,Abdow,Kimberly,Worcester,MA,25,Nurse Practitioner,Claim-Specialty,Methylphenidate Er,Methylphenidate Hcl,80,80,2297,3354.48,,*,,,,,*,
1003007477,Abdow,Kimberly,Worcester,MA,25,Nurse Practitioner,Claim-Specialty,Methylphenidate Hcl,Methylphenidate Hcl,95,95,2844,4372.9,,,24,24,1024.33,720,*,
1003007477,Abdow,Kimberly,Worcester,MA,25,Nurse Practitioner,Claim-Specialty,Mirtazapine,Mirtazapine,128,264,7894,3393.86,31,,51,117,1639.09,3484,,15
1003007477,Abdow,Kimberly,Worcester,MA,25,Nurse Practitioner,Claim-Specialty,Olanzapine,Olanzapine,108,190,5700,11328.6,25,*,,,,,*,
1003007477,Abdow,Kimberly,Worcester,MA,25,Nurse Practitioner,Claim-Specialty,Oxcarbazepine,Oxcarbazepine,63,83,2457,6060.4,,,0,0,0,0,#,
1003007477,Abdow,Kimberly,Worcester,MA,25,Nurse Practitioner,Claim-Specialty,Paliperidone Er,Paliperidone,28,66,1980,8164.78,,,0,0,0,0,#,
1003007477,Abdow,Kimberly,Worcester,MA,25,Nurse Practitioner,Claim-Specialty,Paroxetine Hcl,Paroxetine Hcl,121,243,7290,3367.89,25,,56,118,2022.43,3540,*,
1003007477,Abdow,Kimberly,Worcester,MA,25,Nurse Practitioner,Claim-Specialty,Perphenazine,Perphenazine,11,33,990,1408.33,,,0,0,0,0,#,
1003007477,Abdow,Kimberly,Worcester,MA,25,Nurse Practitioner,Claim-Specialty,Prazosin Hcl,Prazosin Hcl,86,162,4801,3115.43,19,,23,25,385.9,726,*,
1003007477,Abdow,Kimberly,Worcester,MA,25,Nurse Practitioner,Claim-Specialty,Propranolol Hcl,Propranolol Hcl,44,76,2257,1062.58,,*,,,,,*,
1003007477,Abdow,Kimberly,Worcester,MA,25,Nurse Practitioner,Claim-Specialty,Propranolol Hcl Er,Propranolol Hcl,13,13,390,522.52,,,0,0,0,0,#,
1003007477,Abdow,Kimberly,Worcester,MA,25,Nurse Practitioner,Claim-Specialty,Quetiapine Fumarate,Quetiapine Fumarate,428,736.9,22064,17741.07,71,,125,203.1,3181.19,6092,,21
1003007477,Abdow,Kimberly,Worcester,MA,25,Nurse Practitioner,Claim-Specialty,Quetiapine Fumarate Er,Quetiapine Fumarate,28,50,1500,1817,,,12,12,187.2,360,*,
1003007477,Abdow,Kimberly,Worcester,MA,25,Nurse Practitioner,Claim-Specialty,Rexulti,Brexpiprazole,156,201,6028,300455.06,25,,34,38,56213.03,1138,*,
1003007477,Abdow,Kimberly,Worcester,MA,25,Nurse Practitioner,Claim-Specialty,Risperidone,Risperidone,169,355,10648,3760.18,32,,73,160,987.48,4800,,11
1003007477,Abdow,Kimberly,Worcester,MA,25,Nurse Practitioner,Claim-Specialty,Risperidone Odt,Risperidone,13,13,373,1811.8,,,0,0,0,0,#,
1003007477,Abdow,Kimberly,Worcester,MA,25,Nurse Practitioner,Claim-Specialty,Ropinirole Hcl,Ropinirole Hcl,32,56,1680,468.42,,*,,,,,*,
1003007477,Abdow,Kimberly,Worcester,MA,25,Nurse Practitioner,Claim-Specialty,Sertraline Hcl,Sertraline Hcl,267,529.9,15862,5821.08,56,,77,166.9,1602.8,5005,,19
1003007477,Abdow,Kimberly,Worcester,MA,25,Nurse Practitioner,Claim-Specialty,Temazepam,Temazepam,19,19,542,389.66,,,19,19,389.66,542,*,
1003007477,Abdow,Kimberly,Worcester,MA,25,Nurse Practitioner,Claim-Specialty,Topiramate,Topiramate,90,128,3836,1224.34,14,,20,32,209.29,960,*,
1003007477,Abdow,Kimberly,Worcester,MA,25,Nurse Practitioner,Claim-Specialty,Topiramate Er,Topiramate,11,19,570,26250.99,,,0,0,0,0,#,
1003007477,Abdow,Kimberly,Worcester,MA,25,Nurse Practitioner,Claim-Specialty,Trazodone Hcl,Trazodone Hcl,367,645,19323,8084.77,75,,120,182,2536.31,5460,,23
1003007477,Abdow,Kimberly,Worcester,MA,25,Nurse Practitioner,Claim-Specialty,Trintellix,Vortioxetine Hydrobromide,49,63,1890,28514.67,,,0,0,0,0,#,
1003007477,Abdow,Kimberly,Worcester,MA,25,Nurse Practitioner,Claim-Specialty,Venlafaxine Hcl Er,Venlafaxine Hcl,193,417,12467,10369.73,37,,51,131,3820.78,3887,,14
1003007477,Abdow,Kimberly,Worcester,MA,25,Nurse Practitioner,Claim-Specialty,Vilazodone Hcl,Vilazodone Hcl,13,13,390,831.3,,,0,0,0,0,#,
1003007477,Abdow,Kimberly,Worcester,MA,25,Nurse Practitioner,Claim-Specialty,Vraylar,Cariprazine Hcl,48,50,1497,70689.89,,,0,0,0,0,#,
1003007477,Abdow,Kimberly,Worcester,MA,25,Nurse Practitioner,Claim-Specialty,Vyvanse,Lisdexamfetamine Dimesylate,49,49,1424,18596.11,,,0,0,0,0,#,
1003007477,Abdow,Kimberly,Worcester,MA,25,Nurse Practitioner,Claim-Specialty,Ziprasidone Hcl,Ziprasidone Hcl,46,46,1380,8230.27,,,0,0,0,0,#,
1003007477,Abdow,Kimberly,Worcester,MA,25,Nurse Practitioner,Claim-Specialty,Zolpidem Tartrate,Zolpidem Tartrate,178,280.3,8347,2791.3,33,,35,65,716.43,1926,*,
1003007592,Miller,Carolyn,Johnsonburg,PA,42,Physician Assistant,Claim-Specialty,Acetaminophen-Codeine,Acetaminophen With Codeine,11,11,324,387.58,,,11,11,387.58,324,*,
1003007592,Miller,Carolyn,Johnsonburg,PA,42,Physician Assistant,Claim-Specialty,Albuterol Sulfate Hfa,Albuterol Sulfate,94,109.2,2492,3987.31,35,,69,84.2,2984.66,1940,#,
1003007592,Miller,Carolyn,Johnsonburg,PA,42,Physician Assistant,Claim-Specialty,Alendronate Sodium,Alendronate Sodium,68,139.1,4135,692.59,18,#,,,,,#,
1003007592,Miller,Carolyn,Johnsonburg,PA,42,Physician Assistant,Claim-Specialty,Allopurinol,Allopurinol,17,49,1470,394.35,,*,,,,,*,
1003007592,Miller,Carolyn,Johnsonburg,PA,42,Physician Assistant,Claim-Specialty,Alprazolam,Alprazolam,37,44.5,1183,329.1,11,,25,32.5,169.48,892,*,
1003007592,Miller,Carolyn,Johnsonburg,PA,42,Physician Assistant,Claim-Specialty,Amlodipine Besylate,Amlodipine Besylate,147,380.7,11420,1023.75,40,#,,,,,#,
1003007592,Miller,Carolyn,Johnsonburg,PA,42,Physician Assistant,Claim-Specialty,Anoro Ellipta,Umeclidinium Brm/Vilanterol Tr,21,21,630,9279.45,,,21,21,9279.45,630,*,
1003007592,Miller,Carolyn,Johnsonburg,PA,42,Physician Assistant,Claim-Specialty,Atorvastatin Calcium,Atorvastatin Calcium,369,1029.3,30792,6972.1,106,,322,892.3,5769.48,26682,,90
1003007592,Miller,Carolyn,Johnsonburg,PA,42,Physician Assistant,Claim-Specialty,Benazepril Hcl,Benazepril Hcl,24,40.7,1220,289.31,,,24,40.7,289.31,1220,*,
1003007592,Miller,Carolyn,Johnsonburg,PA,42,Physician Assistant,Claim-Specialty,Breo Ellipta,Fluticasone/Vilanterol,32,34,1020,13279.24,,,32,34,13279.24,1020,*,
1003007592,Miller,Carolyn,Johnsonburg,PA,42,Physician Assistant,Claim-Specialty,Bumetanide,Bumetanide,11,29.2,876,869.68,,,11,29.2,869.68,876,*,
1003007592,Miller,Carolyn,Johnsonburg,PA,42,Physician Assistant,Claim-Specialty,Bupropion Hcl Sr,Bupropion Hcl,14,26,780,200.17,,*,,,,,*,
1003007592,Miller,Carolyn,Johnsonburg,PA,42,Physician Assistant,Claim-Specialty,Buspirone Hcl,Buspirone Hcl,25,54.1,1623,371.14,,#,,,,,*,
1003007592,Miller,Carolyn,Johnsonburg,PA,42,Physician Assistant,Claim-Specialty,Carvedilol,Carvedilol,69,177,5310,1004.34,18,#,,,,,#,
1003007592,Miller,Carolyn,Johnsonburg,PA,42,Physician Assistant,Claim-Specialty,Celecoxib,Celecoxib,21,27,810,415.83,,,21,27,415.83,810,*,
1003007592,Miller,Carolyn,Johnsonburg,PA,42,Physician Assistant,Claim-Specialty,Chlorthalidone,Chlorthalidone,43,127,3810,542.12,11,#,,,,,*,
1003007592,Miller,Carolyn,Johnsonburg,PA,42,Physician Assistant,Claim-Specialty,Clonidine Hcl,Clonidine Hcl,28,44,1116,449.55,,#,,,,,*,
1003007592,Miller,Carolyn,Johnsonburg,PA,42,Physician Assistant,Claim-Specialty,Clopidogrel,Clopidogrel Bisulfate,16,48,1440,273.23,,,16,48,273.23,1440,*,
1003007592,Miller,Carolyn,Johnsonburg,PA,42,Physician Assistant,Claim-Specialty,Cyclobenzaprine Hcl,Cyclobenzaprine Hcl,24,34,835,174.49,,#,,,,,*,
1003007592,Miller,Carolyn,Johnsonburg,PA,42,Physician Assistant,Claim-Specialty,Diclofenac Sodium,Diclofenac Sodium,60,61.1,1071,3875.45,21,,49,49.5,2461.07,753,#,
1003007592,Miller,Carolyn,Johnsonburg,PA,42,Physician Assistant,Claim-Specialty,Donepezil Hcl,Donepezil Hcl,26,58,1740,369.4,,,26,58,369.4,1740,*,
1003007592,Miller,Carolyn,Johnsonburg,PA,42,Physician Assistant,Claim-Specialty,Doxazosin Mesylate,Doxazosin Mesylate,36,64.3,1930,1001.82,,,36,64.3,1001.82,1930,*,
1003007592,Miller,Carolyn,Johnsonburg,PA,42,Physician Assistant,Claim-Specialty,Doxycycline Hyclate,Doxycycline Hyclate,20,26,402,207.78,14,,20,26,207.78,402,,14
1003007592,Miller,Carolyn,Johnsonburg,PA,42,Physician Assistant,Claim-Specialty,Droplet Pen Needle,"Pen Needle, Diabetic",16,27.3,810,472.03,,,16,27.3,472.03,810,*,
1003007592,Miller,Carolyn,Johnsonburg,PA,42,Physician Assistant,Claim-Specialty,Duloxetine Hcl,Duloxetine Hcl,50,114.5,3406,2734.88,12,,25,51.5,1847.65,1516,*,
1003007592,Miller,Carolyn,Johnsonburg,PA,42,Physician Assistant,Claim-Specialty,Eliquis,Apixaban,66,122,3656,69576.78,14,#,,,,,#,
1003007592,Miller,Carolyn,Johnsonburg,PA,42,Physician Assistant,Claim-Specialty,Escitalopram Oxalate,Escitalopram Oxalate,35,86.7,2602,901.39,,#,,,,,*,
1003007592,Miller,Carolyn,Johnsonburg,PA,42,Physician Assistant,Claim-Specialty,Esomeprazole Magnesium,Esomeprazole Magnesium,23,33,963,719.7,,#,,,,,*,
1003007592,Miller,Carolyn,Johnsonburg,PA,42,Physician Assistant,Claim-Specialty,Famotidine,Famotidine,112,209.6,6123,1226.44,33,,84,163.6,882.2,4908,#,
1003007592,Miller,Carolyn,Johnsonburg,PA,42,Physician Assistant,Claim-Specialty,Fluoxetine Hcl,Fluoxetine Hcl,34,76,2280,704.85,,,22,64,511.41,1920,*,
1003007592,Miller,Carolyn,Johnsonburg,PA,42,Physician Assistant,Claim-Specialty,Fluticasone Propionate,Fluticasone Propionate,52,82,2460,968.02,27,,32,54,618.32,1620,#,
1003007592,Miller,Carolyn,Johnsonburg,PA,42,Physician Assistant,Claim-Specialty,Fluticasone-Salmeterol,Fluticasone Propion/Salmeterol,20,26,780,3317.31,,,20,26,3317.31,780,*,
1003007592,Miller,Carolyn,Johnsonburg,PA,42,Physician Assistant,Claim-Specialty,Furosemide,Furosemide,59,134.5,4019,628.07,24,#,,,,,#,
1003007592,Miller,Carolyn,Johnsonburg,PA,42,Physician Assistant,Claim-Specialty,Gabapentin,Gabapentin,114,174.8,5083,2027.95,23,,61,106.8,1028.72,3043,#,
1003007592,Miller,Carolyn,Johnsonburg,PA,42,Physician Assistant,Claim-Specialty,Glipizide,Glipizide,14,40,1200,194.51,,#,,,,,*,
1003007592,Miller,Carolyn,Johnsonburg,PA,42,Physician Assistant,Claim-Specialty,Glipizide Er,Glipizide,23,45,1309,365.64,,,23,45,365.64,1309,*,
1003007592,Miller,Carolyn,Johnsonburg,PA,42,Physician Assistant,Claim-Specialty,Hydrochlorothiazide,Hydrochlorothiazide,15,39,1170,98.21,,#,,,,,*,
1003007592,Miller,Carolyn,Johnsonburg,PA,42,Physician Assistant,Claim-Specialty,Hydrocodone-Acetaminophen,Hydrocodone/Acetaminophen,109,109,2403,1852.02,19,,67,67,1027.59,1469,#,
1003007592,Miller,Carolyn,Johnsonburg,PA,42,Physician Assistant,Claim-Specialty,Hydroxyzine Hcl,Hydroxyzine Hcl,14,14.5,361,225.36,,#,,,,,*,
1003007592,Miller,Carolyn,Johnsonburg,PA,42,Physician Assistant,Claim-Specialty,Ibuprofen,Ibuprofen,20,20,345,102.25,,*,,,,,*,
1003007592,Miller,Carolyn,Johnsonburg,PA,42,Physician Assistant,Claim-Specialty,Irbesartan,Irbesartan,32,90.7,2695,1087.91,,#,,,,,*,
1003007592,Miller,Carolyn,Johnsonburg,PA,42,Physician Assistant,Claim-Specialty,Janumet,Sitagliptin Phos/Metformin Hcl,15,17.7,526,8061.69,,,15,17.7,8061.69,526,*,
1003007592,Miller,Carolyn,Johnsonburg,PA,42,Physician Assistant,Claim-Specialty,Jardiance,Empagliflozin,42,72.3,2150,42211.26,12,#,,,,,*,
1003007592,Miller,Carolyn,Johnsonburg,PA,42,Physician Assistant,Claim-Specialty,Lantus Solostar,"Insulin Glargine,hum.Rec.Anlog",17,23.9,701,8429.9,,,17,23.9,8429.9,701,*,
1003007592,Miller,Carolyn,Johnsonburg,PA,42,Physician Assistant,Claim-Specialty,Levothyroxine Sodium,Levothyroxine Sodium,111,313.2,9397,2406.72,25,,97,271.6,2056.16,8149,#,
1003007592,Miller,Carolyn,Johnsonburg,PA,42,Physician Assistant,Claim-Specialty,Lisinopril,Lisinopril,169,451.7,13550,2185.76,50,#,,,,,#,
1003007592,Miller,Carolyn,Johnsonburg,PA,42,Physician Assistant,Claim-Specialty,Lisinopril-Hydrochlorothiazide,Lisinopril/Hydrochlorothiazide,12,22,645,216.94,,,12,22,216.94,645,*,
1003007592,Miller,Carolyn,Johnsonburg,PA,42,Physician Assistant,Claim-Specialty,Lorazepam,Lorazepam,24,28,788,151.46,,,24,28,151.46,788,*,
1003007592,Miller,Carolyn,Johnsonburg,PA,42,Physician Assistant,Claim-Specialty,Losartan Potassium,Losartan Potassium,85,239,7151,1461.07,22,#,,,,,#,
1003007592,Miller,Carolyn,Johnsonburg,PA,42,Physician Assistant,Claim-Specialty,Metformin Hcl,Metformin Hcl,102,255.8,7634,1303.06,25,,88,219.8,1055.58,6554,#,
1003007592,Miller,Carolyn,Johnsonburg,PA,42,Physician Assistant,Claim-Specialty,Methimazole,Methimazole,12,19.8,595,64.73,,,12,19.8,64.73,595,*,
1003007592,Miller,Carolyn,Johnsonburg,PA,42,Physician Assistant,Claim-Specialty,Methylprednisolone,Methylprednisolone,21,21,318,328.87,11,#,,,,,*,
1003007592,Miller,Carolyn,Johnsonburg,PA,42,Physician Assistant,Claim-Specialty,Metoprolol Succinate,Metoprolol Succinate,150,375.3,11174,4960.36,36,,126,309.3,3401.1,9194,#,
1003007592,Miller,Carolyn,Johnsonburg,PA,42,Physician Assistant,Claim-Specialty,Metoprolol Tartrate,Metoprolol Tartrate,19,51,1530,243.64,,,19,51,243.64,1530,*,
1003007592,Miller,Carolyn,Johnsonburg,PA,42,Physician Assistant,Claim-Specialty,Mirtazapine,Mirtazapine,13,17,510,68.49,,*,,,,,*,
1003007592,Miller,Carolyn,Johnsonburg,PA,42,Physician Assistant,Claim-Specialty,Mometasone Furoate,Mometasone Furoate,19,19,403,539,15,#,,,,,#,
1003007592,Miller,Carolyn,Johnsonburg,PA,42,Physician Assistant,Claim-Specialty,Montelukast Sodium,Montelukast Sodium,49,127,3810,1144.71,14,,30,90,910.88,2700,*,
1003007592,Miller,Carolyn,Johnsonburg,PA,42,Physician Assistant,Claim-Specialty,Nitrofurantoin Mono-Macro,Nitrofurantoin Monohyd/M-Cryst,13,13,84,185.73,,#,,,,,*,
1003007592,Miller,Carolyn,Johnsonburg,PA,42,Physician Assistant,Claim-Specialty,Nyamyc,Nystatin,13,15,400,1025.12,,,13,15,1025.12,400,*,
1003007592,Miller,Carolyn,Johnsonburg,PA,42,Physician Assistant,Claim-Specialty,Olmesartan Medoxomil,Olmesartan Medoxomil,14,39,1170,640.05,,,14,39,640.05,1170,*,
1003007592,Miller,Carolyn,Johnsonburg,PA,42,Physician Assistant,Claim-Specialty,Omeprazole,Omeprazole,42,94.5,2833,542.53,13,#,,,,,#,
1003007592,Miller,Carolyn,Johnsonburg,PA,42,Physician Assistant,Claim-Specialty,Oxycodone-Acetaminophen,Oxycodone Hcl/Acetaminophen,16,16,370,277,,*,,,,,*,
1003007592,Miller,Carolyn,Johnsonburg,PA,42,Physician Assistant,Claim-Specialty,Ozempic,Semaglutide,36,54.7,1598,47457.64,,,20,31.5,25396.05,924,*,
1003007592,Miller,Carolyn,Johnsonburg,PA,42,Physician Assistant,Claim-Specialty,Pantoprazole Sodium,Pantoprazole Sodium,82,154,4550,912.72,25,,53,81,455.4,2408,#,
1003007592,Miller,Carolyn,Johnsonburg,PA,42,Physician Assistant,Claim-Specialty,Paroxetine Hcl,Paroxetine Hcl,15,41,1230,183.86,,*,,,,,*,
1003007592,Miller,Carolyn,Johnsonburg,PA,42,Physician Assistant,Claim-Specialty,Pioglitazone Hcl,Pioglitazone Hcl,11,29,870,430.51,,*,,,,,*,
1003007592,Miller,Carolyn,Johnsonburg,PA,42,Physician Assistant,Claim-Specialty,Potassium Chloride,Potassium Chloride,54,134.7,4027,1478.37,19,,43,101.7,807.6,3037,#,
1003007592,Miller,Carolyn,Johnsonburg,PA,42,Physician Assistant,Claim-Specialty,Pravastatin Sodium,Pravastatin Sodium,24,56,1680,385.91,,,24,56,385.91,1680,*,
1003007592,Miller,Carolyn,Johnsonburg,PA,42,Physician Assistant,Claim-Specialty,Prednisone,Prednisone,57,71.7,1438,487.41,24,#,,,,,#,
1003007592,Miller,Carolyn,Johnsonburg,PA,42,Physician Assistant,Claim-Specialty,Ropinirole Hcl,Ropinirole Hcl,18,50,1500,201.72,,,18,50,201.72,1500,*,
1003007592,Miller,Carolyn,Johnsonburg,PA,42,Physician Assistant,Claim-Specialty,Rosuvastatin Calcium,Rosuvastatin Calcium,55,163,4890,1171.1,19,#,,,,,#,
1003007592,Miller,Carolyn,Johnsonburg,PA,42,Physician Assistant,Claim-Specialty,Sertraline Hcl,Sertraline Hcl,78,162,4831,1181.32,19,,64,126,779.49,3751,#,
1003007592,Miller,Carolyn,Johnsonburg,PA,42,Physician Assistant,Claim-Specialty,Simvastatin,Simvastatin,27,61,1830,205.94,,,27,61,205.94,1830,*,
1003007592,Miller,Carolyn,Johnsonburg,PA,42,Physician Assistant,Claim-Specialty,Spiriva Respimat,Tiotropium Bromide,34,42,1260,21260.9,,,22,30,15025.72,900,*,
1003007592,Miller,Carolyn,Johnsonburg,PA,42,Physician Assistant,Claim-Specialty,Spironolactone,Spironolactone,43,95.8,2827,600.93,11,#,,,,,*,
1003007592,Miller,Carolyn,Johnsonburg,PA,42,Physician Assistant,Claim-Specialty,Stiolto Respimat,Tiotropium Br/Olodaterol Hcl,11,11,330,5739.36,,,11,11,5739.36,330,*,
1003007592,Miller,Carolyn,Johnsonburg,PA,42,Physician Assistant,Claim-Specialty,Sucralfate,Sucralfate,13,19,501,1740.34,,*,,,,,*,
1003007592,Miller,Carolyn,Johnsonburg,PA,42,Physician Assistant,Claim-Specialty,Symbicort,Budesonide/Formoterol Fumarate,17,21,630,8500.4,,#,,,,,*,
1003007592,Miller,Carolyn,Johnsonburg,PA,42,Physician Assistant,Claim-Specialty,Synthroid,Levothyroxine Sodium,14,42,1260,1461.61,,,14,42,1461.61,1260,*,
1003007592,Miller,Carolyn,Johnsonburg,PA,42,Physician Assistant,Claim-Specialty,Tamsulosin Hcl,Tamsulosin Hcl,28,84,2520,836.72,,,28,84,836.72,2520,*,
1003007592,Miller,Carolyn,Johnsonburg,PA,42,Physician Assistant,Claim-Specialty,Topiramate,Topiramate,15,43,1290,295,,#,,,,,*,
1003007592,Miller,Carolyn,Johnsonburg,PA,42,Physician Assistant,Claim-Specialty,Tradjenta,Linagliptin,13,23,674,12527.45,,,13,23,12527.45,674,*,
1003007592,Miller,Carolyn,Johnsonburg,PA,42,Physician Assistant,Claim-Specialty,Tramadol Hcl,Tramadol Hcl,25,39,1055,526.48,,#,,,,,*,
1003007592,Miller,Carolyn,Johnsonburg,PA,42,Physician Assistant,Claim-Specialty,Trazodone Hcl,Trazodone Hcl,64,126,3764,735.34,14,#,,,,,#,
1003007592,Miller,Carolyn,Johnsonburg,PA,42,Physician Assistant,Claim-Specialty,Trelegy Ellipta,Fluticasone/Umeclidin/Vilanter,29,29,870,18585.48,,,17,17,11260.74,510,*,
1003007592,Miller,Carolyn,Johnsonburg,PA,42,Physician Assistant,Claim-Specialty,Trulicity,Dulaglutide,20,20,560,19035.91,,#,,,,,*,
1003007592,Miller,Carolyn,Johnsonburg,PA,42,Physician Assistant,Claim-Specialty,Valsartan,Valsartan,44,118,3540,2414.3,11,,31,79,1585.72,2370,*,
1003007592,Miller,Carolyn,Johnsonburg,PA,42,Physician Assistant,Claim-Specialty,Valsartan-Hydrochlorothiazide,Valsartan/Hydrochlorothiazide,14,24,720,347.89,,,14,24,347.89,720,*,
1003007592,Miller,Carolyn,Johnsonburg,PA,42,Physician Assistant,Claim-Specialty,Venlafaxine Hcl Er,Venlafaxine Hcl,18,30,900,251.07,,*,,,,,*,
1003007592,Miller,Carolyn,Johnsonburg,PA,42,Physician Assistant,Claim-Specialty,Ventolin Hfa,Albuterol Sulfate,33,39,878,2481.59,11,,15,21,1455.52,482,*,
1003007592,Miller,Carolyn,Johnsonburg,PA,42,Physician Assistant,Claim-Specialty,Xarelto,Rivaroxaban,16,22,602,10509.64,,,16,22,10509.64,602,*,
1003007683,Turock,Melanie,Bethlehem,PA,42,Emergency Medicine,Claim-Specialty,Ibuprofen,Ibuprofen,13,13,117,58.51,13,*,,,,,*,
1003007683,Turock,Melanie,Bethlehem,PA,42,Emergency Medicine,Claim-Specialty,Ondansetron Odt,Ondansetron,19,19,123,174.67,19,#,,,,,#,
1003007683,Turock,Melanie,Bethlehem,PA,42,Emergency Medicine,Claim-Specialty,Oxycodone-Acetaminophen,Oxycodone Hcl/Acetaminophen,16,16,55,42.81,16,#,,,,,#,
1003007816,Gupta,Arusha,Silver Spring,MD,24,Ophthalmology,Claim-Specialty,Besivance,Besifloxacin Hcl,24,24.1,583,5356.08,16,,24,24.1,5356.08,583,,16
1003007816,Gupta,Arusha,Silver Spring,MD,24,Ophthalmology,Claim-Specialty,Brimonidine Tartrate,Brimonidine Tartrate,29,78.3,2343,3649.71,13,,29,78.3,3649.71,2343,,13
1003007816,Gupta,Arusha,Silver Spring,MD,24,Ophthalmology,Claim-Specialty,Combigan,Brimonidine Tartrate/Timolol,15,29,870,8465.26,,#,,,,,*,
1003007816,Gupta,Arusha,Silver Spring,MD,24,Ophthalmology,Claim-Specialty,Cyclosporine,Cyclosporine,17,43,1290,15895.04,,,17,43,15895.04,1290,*,
1003007816,Gupta,Arusha,Silver Spring,MD,24,Ophthalmology,Claim-Specialty,Dorzolamide Hcl,Dorzolamide Hcl,19,40,1200,704.83,,,19,40,704.83,1200,*,
1003007816,Gupta,Arusha,Silver Spring,MD,24,Ophthalmology,Claim-Specialty,Dorzolamide-Timolol,Dorzolamide Hcl/Timolol Maleat,51,108.5,3232,1806.46,19,,51,108.5,1806.46,3232,,19
1003007816,Gupta,Arusha,Silver Spring,MD,24,Ophthalmology,Claim-Specialty,Latanoprost,Latanoprost,220,527.7,15628,6236.39,71,#,,,,,#,
1003007816,Gupta,Arusha,Silver Spring,MD,24,Ophthalmology,Claim-Specialty,Lotemax Sm,Loteprednol Etabonate,24,24.8,599,6031.16,15,,24,24.8,6031.16,599,,15
1003007816,Gupta,Arusha,Silver Spring,MD,24,Ophthalmology,Claim-Specialty,Loteprednol Etabonate,Loteprednol Etabonate,14,17.5,419,2908.63,,,14,17.5,2908.63,419,*,
1003007816,Gupta,Arusha,Silver Spring,MD,24,Ophthalmology,Claim-Specialty,Lumigan,Bimatoprost,34,70,2087,20377.57,,,34,70,20377.57,2087,*,
1003007816,Gupta,Arusha,Silver Spring,MD,24,Ophthalmology,Claim-Specialty,Moxifloxacin,Moxifloxacin Hcl,17,18.3,385,777.48,11,,17,18.3,777.48,385,,11
1003007816,Gupta,Arusha,Silver Spring,MD,24,Ophthalmology,Claim-Specialty,Olopatadine Hcl,Olopatadine Hcl,13,22,630,460.83,,*,,,,,*,
1003007816,Gupta,Arusha,Silver Spring,MD,24,Ophthalmology,Claim-Specialty,Prednisolone Acetate,Prednisolone Acetate,43,66.4,1838,2252.94,34,,43,66.4,2252.94,1838,,34
1003007816,Gupta,Arusha,Silver Spring,MD,24,Ophthalmology,Claim-Specialty,Prolensa,Bromfenac Sodium,23,28.5,763,8093.45,16,,23,28.5,8093.45,763,,16
1003007816,Gupta,Arusha,Silver Spring,MD,24,Ophthalmology,Claim-Specialty,Restasis,Cyclosporine,47,109.5,3285,72570.87,23,,47,109.5,72570.87,3285,,23
1003007816,Gupta,Arusha,Silver Spring,MD,24,Ophthalmology,Claim-Specialty,Timolol Maleate,Timolol Maleate,58,143.4,4300,2447.82,21,,58,143.4,2447.82,4300,,21
1003007907,Tavan,Emmanuel,Portland,OR,41,Pulmonary Disease,Claim-Specialty,Advair Hfa,Fluticasone Propion/Salmeterol,37,65.7,1970,27382.4,11,#,,,,,*,
1003007907,Tavan,Emmanuel,Portland,OR,41,Pulmonary Disease,Claim-Specialty,Albuterol Sulfate Hfa,Albuterol Sulfate,179,249.4,5928,7598.4,67,,141,208.1,6585.45,5150,#,
1003007907,Tavan,Emmanuel,Portland,OR,41,Pulmonary Disease,Claim-Specialty,Anoro Ellipta,Umeclidinium Brm/Vilanterol Tr,27,27,810,12318.75,,#,,,,,*,
1003007907,Tavan,Emmanuel,Portland,OR,41,Pulmonary Disease,Claim-Specialty,Azithromycin,Azithromycin,120,165.8,3273,1862.32,66,#,,,,,#,
1003007907,Tavan,Emmanuel,Portland,OR,41,Pulmonary Disease,Claim-Specialty,Breo Ellipta,Fluticasone/Vilanterol,77,107,3210,44239.78,17,#,,,,,#,
1003007907,Tavan,Emmanuel,Portland,OR,41,Pulmonary Disease,Claim-Specialty,Breztri Aerosphere,Budesonide/Glycopyr/Formoterol,18,24,720,14732.95,,,18,24,14732.95,720,*,
1003007907,Tavan,Emmanuel,Portland,OR,41,Pulmonary Disease,Claim-Specialty,Budesonide-Formoterol Fumarate,Budesonide/Formoterol Fumarate,23,27,810,7508.44,,#,,,,,*,
1003007907,Tavan,Emmanuel,Portland,OR,41,Pulmonary Disease,Claim-Specialty,Combivent Respimat,Ipratropium/Albuterol Sulfate,22,24,710,11767.24,,,22,24,11767.24,710,*,
1003007907,Tavan,Emmanuel,Portland,OR,41,Pulmonary Disease,Claim-Specialty,Doxycycline Monohydrate,Doxycycline Monohydrate,20,20,155,222.91,15,#,,,,,#,
1003007907,Tavan,Emmanuel,Portland,OR,41,Pulmonary Disease,Claim-Specialty,Fluticasone Propionate,Fluticasone Propionate,16,41,1230,324.28,,,16,41,324.28,1230,*,
1003007907,Tavan,Emmanuel,Portland,OR,41,Pulmonary Disease,Claim-Specialty,Fluticasone-Salmeterol,Fluticasone Propion/Salmeterol,61,108,3240,22086.78,17,,48,95,18693.73,2850,#,
1003007907,Tavan,Emmanuel,Portland,OR,41,Pulmonary Disease,Claim-Specialty,Furosemide,Furosemide,54,116.3,3413,312.02,21,#,,,,,#,
1003007907,Tavan,Emmanuel,Portland,OR,41,Pulmonary Disease,Claim-Specialty,Incruse Ellipta,Umeclidinium Bromide,14,14,420,5319.62,,,14,14,5319.62,420,*,
1003007907,Tavan,Emmanuel,Portland,OR,41,Pulmonary Disease,Claim-Specialty,Levalbuterol Tartrate Hfa,Levalbuterol Tartrate,19,19.1,350,1224.65,,,19,19.1,1224.65,350,*,
1003007907,Tavan,Emmanuel,Portland,OR,41,Pulmonary Disease,Claim-Specialty,Montelukast Sodium,Montelukast Sodium,96,258.3,7727,1826.39,29,#,,,,,#,
1003007907,Tavan,Emmanuel,Portland,OR,41,Pulmonary Disease,Claim-Specialty,Mycophenolate Mofetil,Mycophenolate Mofetil,17,21.7,650,1919.75,,#,,,,,*,
1003007907,Tavan,Emmanuel,Portland,OR,41,Pulmonary Disease,Claim-Specialty,Nucala,Mepolizumab,22,22,616,79178.21,,#,,,,,*,
1003007907,Tavan,Emmanuel,Portland,OR,41,Pulmonary Disease,Claim-Specialty,Ofev,Nintedanib Esylate,50,50,1500,689456.12,,,38,38,522405.02,1140,*,
1003007907,Tavan,Emmanuel,Portland,OR,41,Pulmonary Disease,Claim-Specialty,Omeprazole,Omeprazole,22,58,1740,398.97,,#,,,,,*,
1003007907,Tavan,Emmanuel,Portland,OR,41,Pulmonary Disease,Claim-Specialty,Pirfenidone,Pirfenidone,30,30,868,68212.55,,,30,30,68212.55,868,*,
1003007907,Tavan,Emmanuel,Portland,OR,41,Pulmonary Disease,Claim-Specialty,Prednisone,Prednisone,126,144.4,2046,618.21,72,,107,123,501.51,1743,#,
1003007907,Tavan,Emmanuel,Portland,OR,41,Pulmonary Disease,Claim-Specialty,Spiriva Respimat,Tiotropium Bromide,36,50,1500,26053.78,,,21,27,13949.87,810,*,
1003007907,Tavan,Emmanuel,Portland,OR,41,Pulmonary Disease,Claim-Specialty,Stiolto Respimat,Tiotropium Br/Olodaterol Hcl,24,52,1560,24902.74,,,24,52,24902.74,1560,*,
1003007907,Tavan,Emmanuel,Portland,OR,41,Pulmonary Disease,Claim-Specialty,Symbicort,Budesonide/Formoterol Fumarate,41,67,2010,26088.72,15,#,,,,,#,
1003007907,Tavan,Emmanuel,Portland,OR,41,Pulmonary Disease,Claim-Specialty,Trelegy Ellipta,Fluticasone/Umeclidin/Vilanter,237,354,10604,230353.86,62,,214,311,202732.66,9314,#,
1003007907,Tavan,Emmanuel,Portland,OR,41,Pulmonary Disease,Claim-Specialty,Ventolin Hfa,Albuterol Sulfate,15,27.2,745,2284.14,,#,,,,,*,
1003007964,Kramer,Olga,Charlotte,NC,37,Physician Assistant,Claim-Specialty,Amoxicillin-Clavulanate Potass,Amoxicillin/Potassium Clav,12,12,86,121.86,12,*,,,,,*,
1003007964,Kramer,Olga,Charlotte,NC,37,Physician Assistant,Claim-Specialty,Cephalexin,Cephalexin,37,37,251,238.81,36,#,,,,,#,
1003007964,Kramer,Olga,Charlotte,NC,37,Physician Assistant,Claim-Specialty,Hydrocodone-Acetaminophen,Hydrocodone/Acetaminophen,33,33,95,97.81,32,#,,,,,#,
1003007964,Kramer,Olga,Charlotte,NC,37,Physician Assistant,Claim-Specialty,Ondansetron Odt,Ondansetron,19,19,97,122.26,19,*,,,,,*,
1003007964,Kramer,Olga,Charlotte,NC,37,Physician Assistant,Claim-Specialty,Oxycodone-Acetaminophen,Oxycodone Hcl/Acetaminophen,14,14,45,60.74,14,*,,,,,*,
1003007964,Kramer,Olga,Charlotte,NC,37,Physician Assistant,Claim-Specialty,Prednisone,Prednisone,19,19,65,29.4,19,#,,,,,#,
1003007980,Bernal,Juan,Birmingham,AL,01,Interventional Cardiology,Claim-Specialty,Allopurinol,Allopurinol,15,45,1350,466.18,,,15,45,466.18,1350,*,
1003007980,Bernal,Juan,Birmingham,AL,01,Interventional Cardiology,Claim-Specialty,Amiodarone Hcl,Amiodarone Hcl,86,160,4796,1785.84,25,#,,,,,#,
1003007980,Bernal,Juan,Birmingham,AL,01,Interventional Cardiology,Claim-Specialty,Amlodipine Besylate,Amlodipine Besylate,191,497.4,14875,1887.9,71,#,,,,,#,
1003007980,Bernal,Juan,Birmingham,AL,01,Interventional Cardiology,Claim-Specialty,Amoxicillin,Amoxicillin,40,40,75,52.66,27,#,,,,,#,
1003007980,Bernal,Juan,Birmingham,AL,01,Interventional Cardiology,Claim-Specialty,Atenolol,Atenolol,16,48,1440,382.54,,,16,48,382.54,1440,*,
1003007980,Bernal,Juan,Birmingham,AL,01,Interventional Cardiology,Claim-Specialty,Atorvastatin Calcium,Atorvastatin Calcium,374,1039.2,31175,7903.4,122,,345,956.5,7169.11,28695,,111
1003007980,Bernal,Juan,Birmingham,AL,01,Interventional Cardiology,Claim-Specialty,Benazepril Hcl,Benazepril Hcl,16,45,1350,145.57,,,16,45,145.57,1350,*,
1003007980,Bernal,Juan,Birmingham,AL,01,Interventional Cardiology,Claim-Specialty,Bisoprolol Fumarate,Bisoprolol Fumarate,100,238,7140,5306.37,31,#,,,,,#,
1003007980,Bernal,Juan,Birmingham,AL,01,Interventional Cardiology,Claim-Specialty,Brilinta,Ticagrelor,20,28,840,12559.7,,,20,28,12559.7,840,*,
1003007980,Bernal,Juan,Birmingham,AL,01,Interventional Cardiology,Claim-Specialty,Bumetanide,Bumetanide,30,56.5,1695,1441.58,,,30,56.5,1441.58,1695,*,
1003007980,Bernal,Juan,Birmingham,AL,01,Interventional Cardiology,Claim-Specialty,Candesartan Cilexetil,Candesartan Cilexetil,20,58,1740,2769.41,,,20,58,2769.41,1740,*,
1003007980,Bernal,Juan,Birmingham,AL,01,Interventional Cardiology,Claim-Specialty,Carvedilol,Carvedilol,221,599,17964,3318.65,73,,210,570,3227.5,17094,#,
1003007980,Bernal,Juan,Birmingham,AL,01,Interventional Cardiology,Claim-Specialty,Chlorthalidone,Chlorthalidone,22,66,1980,657.46,,,22,66,657.46,1980,*,
1003007980,Bernal,Juan,Birmingham,AL,01,Interventional Cardiology,Claim-Specialty,Cilostazol,Cilostazol,42,100.3,3010,2077.14,15,#,,,,,#,
1003007980,Bernal,Juan,Birmingham,AL,01,Interventional Cardiology,Claim-Specialty,Clonidine,Clonidine,17,28,820,3938.74,,,17,28,3938.74,820,*,
1003007980,Bernal,Juan,Birmingham,AL,01,Interventional Cardiology,Claim-Specialty,Clonidine Hcl,Clonidine Hcl,17,43.5,1305,197.08,,#,,,,,*,
1003007980,Bernal,Juan,Birmingham,AL,01,Interventional Cardiology,Claim-Specialty,Clopidogrel,Clopidogrel Bisulfate,143,404.7,12120,2512.11,58,,132,371.7,2330.35,11130,#,
1003007980,Bernal,Juan,Birmingham,AL,01,Interventional Cardiology,Claim-Specialty,Dabigatran Etexilate,Dabigatran Etexilate Mesylate,13,25,750,7159.72,,,13,25,7159.72,750,*,
1003007980,Bernal,Juan,Birmingham,AL,01,Interventional Cardiology,Claim-Specialty,Diltiazem 24hr Er (Cd),Diltiazem Hcl,46,139,4170,2872.95,14,#,,,,,#,
1003007980,Bernal,Juan,Birmingham,AL,01,Interventional Cardiology,Claim-Specialty,Eliquis,Apixaban,460,705,21052,402959.3,91,,437,664,377866.62,19824,#,
1003007980,Bernal,Juan,Birmingham,AL,01,Interventional Cardiology,Claim-Specialty,Entresto,Sacubitril/Valsartan,143,213.4,6364,133008.46,35,,127,197.4,121574.86,5884,#,
1003007980,Bernal,Juan,Birmingham,AL,01,Interventional Cardiology,Claim-Specialty,Ezetimibe,Ezetimibe,116,262,7852,5423.8,39,#,,,,,#,
1003007980,Bernal,Juan,Birmingham,AL,01,Interventional Cardiology,Claim-Specialty,Farxiga,Dapagliflozin Propanediol,48,80,2400,42806.35,11,#,,,,,*,
1003007980,Bernal,Juan,Birmingham,AL,01,Interventional Cardiology,Claim-Specialty,Flecainide Acetate,Flecainide Acetate,77,157.3,4695,5882.84,17,#,,,,,#,
1003007980,Bernal,Juan,Birmingham,AL,01,Interventional Cardiology,Claim-Specialty,Furosemide,Furosemide,203,522.2,15521,1619.58,76,,181,458.2,1400.02,13601,#,
1003007980,Bernal,Juan,Birmingham,AL,01,Interventional Cardiology,Claim-Specialty,Hydralazine Hcl,Hydralazine Hcl,47,73,2163,666.5,,#,,,,,*,
1003007980,Bernal,Juan,Birmingham,AL,01,Interventional Cardiology,Claim-Specialty,Hydrochlorothiazide,Hydrochlorothiazide,33,99,2970,231.92,13,#,,,,,#,
1003007980,Bernal,Juan,Birmingham,AL,01,Interventional Cardiology,Claim-Specialty,Irbesartan,Irbesartan,14,42,1260,720.77,,,14,42,720.77,1260,*,
1003007980,Bernal,Juan,Birmingham,AL,01,Interventional Cardiology,Claim-Specialty,Isosorbide Dinitrate,Isosorbide Dinitrate,13,35,1025,1598.94,,,13,35,1598.94,1025,*,
1003007980,Bernal,Juan,Birmingham,AL,01,Interventional Cardiology,Claim-Specialty,Isosorbide Mononitrate Er,Isosorbide Mononitrate,74,147.4,4421,2171.81,21,,63,134.4,1997.52,4031,#,
1003007980,Bernal,Juan,Birmingham,AL,01,Interventional Cardiology,Claim-Specialty,Jardiance,Empagliflozin,48,106,3180,63316.59,13,#,,,,,#,
1003007980,Bernal,Juan,Birmingham,AL,01,Interventional Cardiology,Claim-Specialty,Levothyroxine Sodium,Levothyroxine Sodium,13,39,1170,251.42,,,13,39,251.42,1170,*,
1003007980,Bernal,Juan,Birmingham,AL,01,Interventional Cardiology,Claim-Specialty,Lisinopril,Lisinopril,75,197,5910,648.75,26,,75,197,648.75,5910,,26
1003007980,Bernal,Juan,Birmingham,AL,01,Interventional Cardiology,Claim-Specialty,Lisinopril-Hydrochlorothiazide,Lisinopril/Hydrochlorothiazide,13,39,1170,72.89,,,13,39,72.89,1170,*,
1003007980,Bernal,Juan,Birmingham,AL,01,Interventional Cardiology,Claim-Specialty,Livalo,Pitavastatin Calcium,11,29,870,9864.77,,,11,29,9864.77,870,*,
1003007980,Bernal,Juan,Birmingham,AL,01,Interventional Cardiology,Claim-Specialty,Losartan Potassium,Losartan Potassium,168,471,14130,3424.35,59,#,,,,,#,
1003007980,Bernal,Juan,Birmingham,AL,01,Interventional Cardiology,Claim-Specialty,Losartan-Hydrochlorothiazide,Losartan/Hydrochlorothiazide,17,49,1470,351.47,,#,,,,,*,
1003007980,Bernal,Juan,Birmingham,AL,01,Interventional Cardiology,Claim-Specialty,Metolazone,Metolazone,13,30.4,912,414.15,,,13,30.4,414.15,912,*,
1003007980,Bernal,Juan,Birmingham,AL,01,Interventional Cardiology,Claim-Specialty,Metoprolol Succinate,Metoprolol Succinate,522,1358.7,40640,11045.51,165,,490,1290.7,10482.35,38600,#,
1003007980,Bernal,Juan,Birmingham,AL,01,Interventional Cardiology,Claim-Specialty,Metoprolol Tartrate,Metoprolol Tartrate,62,172,5045,526.07,24,#,,,,,#,
1003007980,Bernal,Juan,Birmingham,AL,01,Interventional Cardiology,Claim-Specialty,Midodrine Hcl,Midodrine Hcl,37,77.6,2307,3808.08,11,,22,54.6,3184,1617,*,
1003007980,Bernal,Juan,Birmingham,AL,01,Interventional Cardiology,Claim-Specialty,Multaq,Dronedarone Hcl,45,55,1650,43515.88,,,45,55,43515.88,1650,*,
1003007980,Bernal,Juan,Birmingham,AL,01,Interventional Cardiology,Claim-Specialty,Nebivolol Hcl,Nebivolol Hcl,28,42,1260,903.03,,,28,42,903.03,1260,*,
1003007980,Bernal,Juan,Birmingham,AL,01,Interventional Cardiology,Claim-Specialty,Nitroglycerin,Nitroglycerin,49,51,817,766.65,29,,35,37,549.06,729,#,
1003007980,Bernal,Juan,Birmingham,AL,01,Interventional Cardiology,Claim-Specialty,Pantoprazole Sodium,Pantoprazole Sodium,21,53,1590,332.93,,#,,,,,*,
1003007980,Bernal,Juan,Birmingham,AL,01,Interventional Cardiology,Claim-Specialty,Potassium Chloride,Potassium Chloride,71,175.2,5257,2452.58,27,,47,127,1890.47,3810,#,
1003007980,Bernal,Juan,Birmingham,AL,01,Interventional Cardiology,Claim-Specialty,Praluent Pen,Alirocumab,32,36,1042,18534.1,,,32,36,18534.1,1042,*,
1003007980,Bernal,Juan,Birmingham,AL,01,Interventional Cardiology,Claim-Specialty,Pravastatin Sodium,Pravastatin Sodium,24,72,2160,1110.69,,,24,72,1110.69,2160,*,
1003007980,Bernal,Juan,Birmingham,AL,01,Interventional Cardiology,Claim-Specialty,Propranolol Hcl Er,Propranolol Hcl,12,12,360,368.14,,,12,12,368.14,360,*,
1003007980,Bernal,Juan,Birmingham,AL,01,Interventional Cardiology,Claim-Specialty,Ramipril,Ramipril,22,66,1980,487.13,,,22,66,487.13,1980,*,
1003007980,Bernal,Juan,Birmingham,AL,01,Interventional Cardiology,Claim-Specialty,Ranolazine Er,Ranolazine,62,148.5,4431,8309.6,24,#,,,,,#,
1003007980,Bernal,Juan,Birmingham,AL,01,Interventional Cardiology,Claim-Specialty,Repatha Sureclick,Evolocumab,123,145.2,4158,82376.06,21,#,,,,,#,
1003007980,Bernal,Juan,Birmingham,AL,01,Interventional Cardiology,Claim-Specialty,Repatha Syringe,Evolocumab,13,13,364,7630.86,,,13,13,7630.86,364,*,
1003007980,Bernal,Juan,Birmingham,AL,01,Interventional Cardiology,Claim-Specialty,Rosuvastatin Calcium,Rosuvastatin Calcium,238,606,18155,7773.08,80,#,,,,,#,
1003007980,Bernal,Juan,Birmingham,AL,01,Interventional Cardiology,Claim-Specialty,Simvastatin,Simvastatin,23,69,2070,314.9,,,23,69,314.9,2070,*,
1003007980,Bernal,Juan,Birmingham,AL,01,Interventional Cardiology,Claim-Specialty,Sotalol,Sotalol Hcl,19,57.7,1730,793.78,,#,,,,,*,
1003007980,Bernal,Juan,Birmingham,AL,01,Interventional Cardiology,Claim-Specialty,Spironolactone,Spironolactone,126,311.1,9318,1119.6,42,,113,282.1,1005.09,8448,#,
1003007980,Bernal,Juan,Birmingham,AL,01,Interventional Cardiology,Claim-Specialty,Telmisartan,Telmisartan,48,100,3000,3473.91,11,,48,100,3473.91,3000,,11
1003007980,Bernal,Juan,Birmingham,AL,01,Interventional Cardiology,Claim-Specialty,Torsemide,Torsemide,24,63.8,1914,634.74,,#,,,,,*,
1003007980,Bernal,Juan,Birmingham,AL,01,Interventional Cardiology,Claim-Specialty,Triamterene-Hydrochlorothiazid,Triamterene/Hydrochlorothiazid,12,33.1,993,110.38,,,12,33.1,110.38,993,*,
1003007980,Bernal,Juan,Birmingham,AL,01,Interventional Cardiology,Claim-Specialty,Valsartan,Valsartan,20,52,1560,639.16,,,20,52,639.16,1560,*,
1003007980,Bernal,Juan,Birmingham,AL,01,Interventional Cardiology,Claim-Specialty,Verapamil Er,Verapamil Hcl,13,33.5,979,416.66,,#,,,,,*,
1003007980,Bernal,Juan,Birmingham,AL,01,Interventional Cardiology,Claim-Specialty,Warfarin Sodium,Warfarin Sodium,18,44,1320,276.23,,#,,,,,*,
1003007980,Bernal,Juan,Birmingham,AL,01,Interventional Cardiology,Claim-Specialty,Xarelto,Rivaroxaban,141,207,6210,116574.81,25,#,,,,,#,
1003008095,House,Robin,London,KY,21,Nurse Practitioner,Claim-Specialty,Albuterol Sulfate Hfa,Albuterol Sulfate,51,61.6,1512,1814.25,20,,23,29.6,748.65,721,#,
1003008095,House,Robin,London,KY,21,Nurse Practitioner,Claim-Specialty,Alendronate Sodium,Alendronate Sodium,11,18.2,532,61.38,,*,,,,,*,
1003008095,House,Robin,London,KY,21,Nurse Practitioner,Claim-Specialty,Allopurinol,Allopurinol,70,184,5520,1318.94,27,,50,140,964.18,4200,#,
1003008095,House,Robin,London,KY,21,Nurse Practitioner,Claim-Specialty,Alprazolam,Alprazolam,53,63,1763,205.53,,#,,,,,*,
1003008095,House,Robin,London,KY,21,Nurse Practitioner,Claim-Specialty,Amiodarone Hcl,Amiodarone Hcl,11,11,330,150.74,,,11,11,150.74,330,*,
1003008095,House,Robin,London,KY,21,Nurse Practitioner,Claim-Specialty,Amitriptyline Hcl,Amitriptyline Hcl,27,49,1470,677.9,,#,,,,,*,
1003008095,House,Robin,London,KY,21,Nurse Practitioner,Claim-Specialty,Amlodipine Besylate,Amlodipine Besylate,140,357,10710,1220.68,49,,115,300,924.06,9000,#,
1003008095,House,Robin,London,KY,21,Nurse Practitioner,Claim-Specialty,Ammonium Lactate,Ammonium Lactate,27,33.8,993,429.74,,#,,,,,*,
1003008095,House,Robin,London,KY,21,Nurse Practitioner,Claim-Specialty,Anoro Ellipta,Umeclidinium Brm/Vilanterol Tr,11,11,330,5513.39,,*,,,,,*,
1003008095,House,Robin,London,KY,21,Nurse Practitioner,Claim-Specialty,Atenolol,Atenolol,21,43,1290,189.46,,,21,43,189.46,1290,*,
1003008095,House,Robin,London,KY,21,Nurse Practitioner,Claim-Specialty,Atorvastatin Calcium,Atorvastatin Calcium,72,202,6060,1031.42,30,,50,148,750.64,4440,#,
1003008095,House,Robin,London,KY,21,Nurse Practitioner,Claim-Specialty,Azelastine Hcl,Azelastine Hcl,61,92.5,2755,2502.38,40,,40,64.2,1577.04,1905,,28
1003008095,House,Robin,London,KY,21,Nurse Practitioner,Claim-Specialty,Azithromycin,Azithromycin,11,11,55,72.36,,*,,,,,*,
1003008095,House,Robin,London,KY,21,Nurse Practitioner,Claim-Specialty,Buspirone Hcl,Buspirone Hcl,31,53,1590,976.06,12,#,,,,,*,
1003008095,House,Robin,London,KY,21,Nurse Practitioner,Claim-Specialty,Carvedilol,Carvedilol,41,104,3120,367.31,15,,29,80,245.16,2400,#,
1003008095,House,Robin,London,KY,21,Nurse Practitioner,Claim-Specialty,Cefdinir,Cefdinir,44,44,516,1215.55,34,,33,33,847.7,385,#,
1003008095,House,Robin,London,KY,21,Nurse Practitioner,Claim-Specialty,Celecoxib,Celecoxib,37,62.7,1790,2185.48,,,16,33.7,405.21,980,*,
1003008095,House,Robin,London,KY,21,Nurse Practitioner,Claim-Specialty,Chlorthalidone,Chlorthalidone,29,57,1710,764.6,,,14,26,293.1,780,*,
1003008095,House,Robin,London,KY,21,Nurse Practitioner,Claim-Specialty,Ciprofloxacin Hcl,Ciprofloxacin Hcl,15,15,145,101.62,15,#,,,,,#,
1003008095,House,Robin,London,KY,21,Nurse Practitioner,Claim-Specialty,Clonazepam,Clonazepam,60,62,1719,320.95,12,,24,24,94.76,629,*,
1003008095,House,Robin,London,KY,21,Nurse Practitioner,Claim-Specialty,Clopidogrel,Clopidogrel Bisulfate,71,157,4710,1046.36,21,,47,111,679.96,3330,#,
1003008095,House,Robin,London,KY,21,Nurse Practitioner,Claim-Specialty,Colestipol Hcl,Colestipol Hcl,17,17,510,1695.05,,,17,17,1695.05,510,*,
1003008095,House,Robin,London,KY,21,Nurse Practitioner,Claim-Specialty,Cyanocobalamin Injection,Cyanocobalamin (Vitamin B-12),22,36,994,663.94,,*,,,,,*,
1003008095,House,Robin,London,KY,21,Nurse Practitioner,Claim-Specialty,Cyclobenzaprine Hcl,Cyclobenzaprine Hcl,65,95.7,2746,978.21,27,,42,60.7,452.56,1716,#,
1003008095,House,Robin,London,KY,21,Nurse Practitioner,Claim-Specialty,Dexlansoprazole Dr,Dexlansoprazole,14,28,840,6068.3,,,14,28,6068.3,840,*,
1003008095,House,Robin,London,KY,21,Nurse Practitioner,Claim-Specialty,Diclofenac Sodium,Diclofenac Sodium,14,21.3,469,623.27,,,14,21.3,623.27,469,*,
1003008095,House,Robin,London,KY,21,Nurse Practitioner,Claim-Specialty,Dicyclomine Hcl,Dicyclomine Hcl,26,26,668,444.54,12,#,,,,,*,
1003008095,House,Robin,London,KY,21,Nurse Practitioner,Claim-Specialty,Doxycycline Hyclate,Doxycycline Hyclate,37,37,527,708.99,31,,25,25,388.96,270,#,
1003008095,House,Robin,London,KY,21,Nurse Practitioner,Claim-Specialty,Duloxetine Hcl,Duloxetine Hcl,134,236,7080,2908.87,33,,92,156,1446.86,4680,#,
1003008095,House,Robin,London,KY,21,Nurse Practitioner,Claim-Specialty,Eliquis,Apixaban,54,93.5,2805,53927.46,13,,41,80.5,46100.17,2415,#,
1003008095,House,Robin,London,KY,21,Nurse Practitioner,Claim-Specialty,Escitalopram Oxalate,Escitalopram Oxalate,58,94,2820,981.41,15,,47,73,497.43,2190,#,
1003008095,House,Robin,London,KY,21,Nurse Practitioner,Claim-Specialty,Esomeprazole Magnesium,Esomeprazole Magnesium,25,54,1620,840.81,11,#,,,,,*,
1003008095,House,Robin,London,KY,21,Nurse Practitioner,Claim-Specialty,Ezetimibe,Ezetimibe,44,93,2790,1577.1,13,,22,59,1448.32,1770,*,
1003008095,House,Robin,London,KY,21,Nurse Practitioner,Claim-Specialty,Famotidine,Famotidine,150,276,8280,3409.79,61,,111,216,2454.12,6480,,47
1003008095,House,Robin,London,KY,21,Nurse Practitioner,Claim-Specialty,Finasteride,Finasteride,34,76,2280,336.86,,,34,76,336.86,2280,*,
1003008095,House,Robin,London,KY,21,Nurse Practitioner,Claim-Specialty,Fluconazole,Fluconazole,20,20.2,172,107.62,12,#,,,,,*,
1003008095,House,Robin,London,KY,21,Nurse Practitioner,Claim-Specialty,Fluoxetine Hcl,Fluoxetine Hcl,59,85,2550,298.2,13,#,,,,,#,
1003008095,House,Robin,London,KY,21,Nurse Practitioner,Claim-Specialty,Fluticasone Propionate,Fluticasone Propionate,123,202.7,6065,1861.08,60,,89,147.7,1189.95,4415,,44
1003008095,House,Robin,London,KY,21,Nurse Practitioner,Claim-Specialty,Furosemide,Furosemide,44,82,2295,204.61,17,#,,,,,#,
1003008095,House,Robin,London,KY,21,Nurse Practitioner,Claim-Specialty,Gabapentin,Gabapentin,187,224,6682,3189.58,36,,127,158,1375.69,4718,#,
1003008095,House,Robin,London,KY,21,Nurse Practitioner,Claim-Specialty,Glipizide,Glipizide,19,50,1480,204.66,,#,,,,,*,
1003008095,House,Robin,London,KY,21,Nurse Practitioner,Claim-Specialty,Hydralazine Hcl,Hydralazine Hcl,46,94,2820,524.24,21,#,,,,,#,
1003008095,House,Robin,London,KY,21,Nurse Practitioner,Claim-Specialty,Hydrochlorothiazide,Hydrochlorothiazide,64,162,4860,445.25,25,,47,123,236.14,3690,#,
1003008095,House,Robin,London,KY,21,Nurse Practitioner,Claim-Specialty,Hydrocodone-Acetaminophen,Hydrocodone/Acetaminophen,54,54,1346,1376.16,25,,29,29,526.04,628,#,
1003008095,House,Robin,London,KY,21,Nurse Practitioner,Claim-Specialty,Hydroxychloroquine Sulfate,Hydroxychloroquine Sulfate,12,32,960,883.74,,,12,32,883.74,960,*,
1003008095,House,Robin,London,KY,21,Nurse Practitioner,Claim-Specialty,Hydroxyzine Hcl,Hydroxyzine Hcl,26,46,1350,788.53,,,12,28,275.19,840,*,
1003008095,House,Robin,London,KY,21,Nurse Practitioner,Claim-Specialty,Hydroxyzine Pamoate,Hydroxyzine Pamoate,12,16,480,117.49,,*,,,,,*,
1003008095,House,Robin,London,KY,21,Nurse Practitioner,Claim-Specialty,Ipratropium Bromide,Ipratropium Bromide,17,25,713,725.65,,,17,25,725.65,713,*,
1003008095,House,Robin,London,KY,21,Nurse Practitioner,Claim-Specialty,Isosorbide Mononitrate Er,Isosorbide Mononitrate,47,113,3390,728.77,15,#,,,,,#,
1003008095,House,Robin,London,KY,21,Nurse Practitioner,Claim-Specialty,Jardiance,Empagliflozin,35,49,1470,31784.63,,,19,27,17543.7,810,*,
1003008095,House,Robin,London,KY,21,Nurse Practitioner,Claim-Specialty,Kerendia,Finerenone,13,13,390,8046.93,,,13,13,8046.93,390,*,
1003008095,House,Robin,London,KY,21,Nurse Practitioner,Claim-Specialty,Levocetirizine Dihydrochloride,Levocetirizine Dihydrochloride,132,277,8281,2256.69,42,,74,181,1275.78,5430,,27
1003008095,House,Robin,London,KY,21,Nurse Practitioner,Claim-Specialty,Levothyroxine Sodium,Levothyroxine Sodium,132,316,9480,1533.93,46,,106,272,1314.82,8160,#,
1003008095,House,Robin,London,KY,21,Nurse Practitioner,Claim-Specialty,Linzess,Linaclotide,19,29,870,15447.64,,#,,,,,*,
1003008095,House,Robin,London,KY,21,Nurse Practitioner,Claim-Specialty,Lisinopril,Lisinopril,115,273,8167,1021.95,39,,101,236,879.1,7057,#,
1003008095,House,Robin,London,KY,21,Nurse Practitioner,Claim-Specialty,Lisinopril-Hydrochlorothiazide,Lisinopril/Hydrochlorothiazide,14,39,1170,83.5,,*,,,,,*,
1003008095,House,Robin,London,KY,21,Nurse Practitioner,Claim-Specialty,Losartan Potassium,Losartan Potassium,91,187,5610,700.77,26,,63,139,542.29,4170,#,
1003008095,House,Robin,London,KY,21,Nurse Practitioner,Claim-Specialty,Losartan-Hydrochlorothiazide,Losartan/Hydrochlorothiazide,24,62,1860,407.13,,#,,,,,*,
1003008095,House,Robin,London,KY,21,Nurse Practitioner,Claim-Specialty,Meloxicam,Meloxicam,29,67,2010,174.16,,,14,36,144.23,1080,*,
1003008095,House,Robin,London,KY,21,Nurse Practitioner,Claim-Specialty,Metformin Hcl,Metformin Hcl,112,276,8280,968.4,40,,78,184,766.74,5520,,28
1003008095,House,Robin,London,KY,21,Nurse Practitioner,Claim-Specialty,Metformin Hcl Er,Metformin Hcl,20,52,1560,226.51,,#,,,,,*,
1003008095,House,Robin,London,KY,21,Nurse Practitioner,Claim-Specialty,Methylprednisolone,Methylprednisolone,46,46,276,375.06,39,#,,,,,#,
1003008095,House,Robin,London,KY,21,Nurse Practitioner,Claim-Specialty,Metoprolol Succinate,Metoprolol Succinate,51,130.5,3915,931.84,19,#,,,,,#,
1003008095,House,Robin,London,KY,21,Nurse Practitioner,Claim-Specialty,Metoprolol Tartrate,Metoprolol Tartrate,67,179,5359,507.31,25,,51,133,439.4,3979,#,
1003008095,House,Robin,London,KY,21,Nurse Practitioner,Claim-Specialty,Mirtazapine,Mirtazapine,15,39,1170,418.07,,#,,,,,*,
1003008095,House,Robin,London,KY,21,Nurse Practitioner,Claim-Specialty,Montelukast Sodium,Montelukast Sodium,202,466,13980,3208.88,68,,132,342,2073.4,10260,,50
1003008095,House,Robin,London,KY,21,Nurse Practitioner,Claim-Specialty,Mounjaro,Tirzepatide,37,40.6,1148,44685.45,,#,,,,,*,
1003008095,House,Robin,London,KY,21,Nurse Practitioner,Claim-Specialty,Movantik,Naloxegol Oxalate,16,22,660,9329.85,,*,,,,,*,
1003008095,House,Robin,London,KY,21,Nurse Practitioner,Claim-Specialty,Nabumetone,Nabumetone,12,20.9,628,432.99,,*,,,,,*,
1003008095,House,Robin,London,KY,21,Nurse Practitioner,Claim-Specialty,Naproxen,Naproxen,47,76,2280,626.23,14,,36,61,482.68,1830,#,
1003008095,House,Robin,London,KY,21,Nurse Practitioner,Claim-Specialty,Nebivolol Hcl,Nebivolol Hcl,22,54,1620,1124.75,,#,,,,,*,
1003008095,House,Robin,London,KY,21,Nurse Practitioner,Claim-Specialty,Nitroglycerin,Nitroglycerin,17,21,547,269.5,13,#,,,,,*,
1003008095,House,Robin,London,KY,21,Nurse Practitioner,Claim-Specialty,Nystatin,Nystatin,15,15,242,117.94,,*,,,,,*,
1003008095,House,Robin,London,KY,21,Nurse Practitioner,Claim-Specialty,Olmesartan Medoxomil,Olmesartan Medoxomil,16,34,1020,297.83,,#,,,,,*,
1003008095,House,Robin,London,KY,21,Nurse Practitioner,Claim-Specialty,Omeprazole,Omeprazole,99,228.5,6855,1247.84,45,,63,155.5,756.99,4665,,29
1003008095,House,Robin,London,KY,21,Nurse Practitioner,Claim-Specialty,Ondansetron Hcl,Ondansetron Hcl,47,47.5,699,553.52,18,,29,29.5,367.14,479,#,
1003008095,House,Robin,London,KY,21,Nurse Practitioner,Claim-Specialty,Ondansetron Odt,Ondansetron,30,34,609,886.42,23,#,,,,,#,
1003008095,House,Robin,London,KY,21,Nurse Practitioner,Claim-Specialty,Orphenadrine Citrate Er,Orphenadrine Citrate,18,24.1,702,875.71,,#,,,,,*,
1003008095,House,Robin,London,KY,21,Nurse Practitioner,Claim-Specialty,Oxybutynin Chloride Er,Oxybutynin Chloride,24,36,1080,1043.15,,#,,,,,*,
1003008095,House,Robin,London,KY,21,Nurse Practitioner,Claim-Specialty,Ozempic,Semaglutide,61,79,2286,76134.77,20,,19,24.6,25311.06,718,*,
1003008095,House,Robin,London,KY,21,Nurse Practitioner,Claim-Specialty,Pantoprazole Sodium,Pantoprazole Sodium,143,314,9410,2101.04,55,,77,193,1152.59,5790,,36
1003008095,House,Robin,London,KY,21,Nurse Practitioner,Claim-Specialty,Potassium Chloride,Potassium Chloride,24,60,1728,825.26,12,#,,,,,*,
1003008095,House,Robin,London,KY,21,Nurse Practitioner,Claim-Specialty,Pravastatin Sodium,Pravastatin Sodium,82,193,5733,1430.03,28,,59,148,778.15,4383,#,
1003008095,House,Robin,London,KY,21,Nurse Practitioner,Claim-Specialty,Prednisone,Prednisone,29,29.7,305,94.96,18,#,,,,,#,
1003008095,House,Robin,London,KY,21,Nurse Practitioner,Claim-Specialty,Pregabalin,Pregabalin,25,33,990,788.97,,,25,33,788.97,990,*,
1003008095,House,Robin,London,KY,21,Nurse Practitioner,Claim-Specialty,Promethazine Hcl,Promethazine Hcl,15,15,158,108.42,,*,,,,,*,
1003008095,House,Robin,London,KY,21,Nurse Practitioner,Claim-Specialty,Rabeprazole Sodium,Rabeprazole Sodium,15,32,960,1080.34,,#,,,,,*,
1003008095,House,Robin,London,KY,21,Nurse Practitioner,Claim-Specialty,Raloxifene Hcl,Raloxifene Hcl,12,20,600,532.94,,*,,,,,*,
1003008095,House,Robin,London,KY,21,Nurse Practitioner,Claim-Specialty,Ranolazine Er,Ranolazine,12,24,720,2357.91,,*,,,,,*,
1003008095,House,Robin,London,KY,21,Nurse Practitioner,Claim-Specialty,Ropinirole Hcl,Ropinirole Hcl,21,47,1410,338.16,,,21,47,338.16,1410,*,
1003008095,House,Robin,London,KY,21,Nurse Practitioner,Claim-Specialty,Rosuvastatin Calcium,Rosuvastatin Calcium,121,271,8130,1975.63,41,,88,196,1628.73,5880,,30
1003008095,House,Robin,London,KY,21,Nurse Practitioner,Claim-Specialty,Sertraline Hcl,Sertraline Hcl,14,32,960,144.69,,,14,32,144.69,960,*,
1003008095,House,Robin,London,KY,21,Nurse Practitioner,Claim-Specialty,Simvastatin,Simvastatin,46,134,4004,325.48,15,#,,,,,#,
1003008095,House,Robin,London,KY,21,Nurse Practitioner,Claim-Specialty,Sotalol,Sotalol Hcl,12,21,600,248.36,,*,,,,,*,
1003008095,House,Robin,London,KY,21,Nurse Practitioner,Claim-Specialty,Spironolactone,Spironolactone,18,50,1500,456.68,,*,,,,,*,
1003008095,House,Robin,London,KY,21,Nurse Practitioner,Claim-Specialty,Symbicort,Budesonide/Formoterol Fumarate,13,19,570,8158.96,,*,,,,,*,
1003008095,House,Robin,London,KY,21,Nurse Practitioner,Claim-Specialty,Synthroid,Levothyroxine Sodium,23,49,1470,1076.54,,*,,,,,*,
1003008095,House,Robin,London,KY,21,Nurse Practitioner,Claim-Specialty,Tamsulosin Hcl,Tamsulosin Hcl,122,238,7140,1670.87,32,,88,190,1454.71,5700,#,
1003008095,House,Robin,London,KY,21,Nurse Practitioner,Claim-Specialty,Temazepam,Temazepam,13,13,390,69.19,,,13,13,69.19,390,*,
1003008095,House,Robin,London,KY,21,Nurse Practitioner,Claim-Specialty,Tizanidine Hcl,Tizanidine Hcl,48,68,1921,491.74,15,,25,31,248.3,851,*,
1003008095,House,Robin,London,KY,21,Nurse Practitioner,Claim-Specialty,Topiramate,Topiramate,14,34,1020,371.66,,*,,,,,*,
1003008095,House,Robin,London,KY,21,Nurse Practitioner,Claim-Specialty,Tramadol Hcl,Tramadol Hcl,61,61,1738,516.13,16,,32,32,166.9,914,*,
1003008095,House,Robin,London,KY,21,Nurse Practitioner,Claim-Specialty,Trazodone Hcl,Trazodone Hcl,57,113.5,3405,651.39,19,,32,62.5,332.07,1875,#,
1003008095,House,Robin,London,KY,21,Nurse Practitioner,Claim-Specialty,Valacyclovir,Valacyclovir Hcl,11,15,228,327.38,,*,,,,,*,
1003008095,House,Robin,London,KY,21,Nurse Practitioner,Claim-Specialty,Valsartan,Valsartan,15,35,1050,257.59,,,15,35,257.59,1050,*,
1003008095,House,Robin,London,KY,21,Nurse Practitioner,Claim-Specialty,Valsartan-Hydrochlorothiazide,Valsartan/Hydrochlorothiazide,11,33,990,250.09,,,11,33,250.09,990,*,
1003008095,House,Robin,London,KY,21,Nurse Practitioner,Claim-Specialty,Venlafaxine Hcl Er,Venlafaxine Hcl,17,27,810,2534.87,,*,,,,,*,
1003008095,House,Robin,London,KY,21,Nurse Practitioner,Claim-Specialty,Vitamin D2,Ergocalciferol (Vitamin D2),13,17.7,510,52.35,,#,,,,,*,
1003008095,House,Robin,London,KY,21,Nurse Practitioner,Claim-Specialty,Xifaxan,Rifaximin,17,17,373,48808.42,,#,,,,,*,
1003008111,Easterlin,Marie,Brunswick,GA,13,Obstetrics & Gynecology,Claim-Specialty,Clotrimazole-Betamethasone,Clotrimazole/Betamethasone Dip,16,16,264,191.35,14,#,,,,,#,
1003008111,Easterlin,Marie,Brunswick,GA,13,Obstetrics & Gynecology,Claim-Specialty,Estradiol,Estradiol,119,236,7000,8790.75,38,#,,,,,#,
1003008111,Easterlin,Marie,Brunswick,GA,13,Obstetrics & Gynecology,Claim-Specialty,Estradiol (Twice Weekly),Estradiol,27,45.4,1333,3040.03,,#,,,,,*,
1003008111,Easterlin,Marie,Brunswick,GA,13,Obstetrics & Gynecology,Claim-Specialty,Fluconazole,Fluconazole,21,21,144,189.88,12,#,,,,,#,
1003008111,Easterlin,Marie,Brunswick,GA,13,Obstetrics & Gynecology,Claim-Specialty,Medroxyprogesterone Acetate,Medroxyprogesterone Acetate,13,26.7,681,303.87,,*,,,,,*,
1003008111,Easterlin,Marie,Brunswick,GA,13,Obstetrics & Gynecology,Claim-Specialty,Myrbetriq,Mirabegron,27,31,930,15172.48,,,15,19,9126.99,570,*,
1003008111,Easterlin,Marie,Brunswick,GA,13,Obstetrics & Gynecology,Claim-Specialty,Nitrofurantoin Mono-Macro,Nitrofurantoin Monohyd/M-Cryst,12,12,60,134.65,,,12,12,134.65,60,*,
1003008111,Easterlin,Marie,Brunswick,GA,13,Obstetrics & Gynecology,Claim-Specialty,Paroxetine Hcl,Paroxetine Hcl,15,35,1050,122.86,,,15,35,122.86,1050,*,
1003008111,Easterlin,Marie,Brunswick,GA,13,Obstetrics & Gynecology,Claim-Specialty,Progesterone,"Progesterone, Micronized",22,26,780,531.38,,#,,,,,*,
1003008111,Easterlin,Marie,Brunswick,GA,13,Obstetrics & Gynecology,Claim-Specialty,Solifenacin Succinate,Solifenacin Succinate,14,30,900,663.15,,,14,30,663.15,900,*,
1003008111,Easterlin,Marie,Brunswick,GA,13,Obstetrics & Gynecology,Claim-Specialty,Yuvafem,Estradiol,16,34,1009,2306.79,,,16,34,2306.79,1009,*,
1003008244,Rajbhandari,Ruma,Boston,MA,25,Gastroenterology,Claim-Specialty,Gavilyte-G,"Peg3350/Sod Sulf,bicarb,cl/Kcl",53,53,55,821.07,52,#,,,,,#,
1003008244,Rajbhandari,Ruma,Boston,MA,25,Gastroenterology,Claim-Specialty,Omeprazole,Omeprazole,35,93.5,2805,1301.13,18,,35,93.5,1301.13,2805,,18
1003008244,Rajbhandari,Ruma,Boston,MA,25,Gastroenterology,Claim-Specialty,Ursodiol,Ursodiol,15,44,1320,4415.79,,#,,,,,*,
1003008285,Applegate,Monie,Lancaster,NY,36,Dentist,NPPES-Specialty,Amoxicillin,Amoxicillin,34,34,300,234.71,30,#,,,,,#,
1003008418,Cuartas,Sandra,Hialeah,FL,12,Dentist,NPPES-Specialty,Amoxicillin,Amoxicillin,44,44,371,213.51,34,#,,,,,#,
1003008418,Cuartas,Sandra,Hialeah,FL,12,Dentist,NPPES-Specialty,Chlorhexidine Gluconate,Chlorhexidine Gluconate,44,44,862,141.3,33,#,,,,,#,
1003008418,Cuartas,Sandra,Hialeah,FL,12,Dentist,NPPES-Specialty,Ibuprofen,Ibuprofen,20,20,125,54.16,18,#,,,,,#,
1003008459,Fidel,Philip,Chicago,IL,17,Dentist,NPPES-Specialty,Amoxicillin,Amoxicillin,11,11,72,36.25,,*,,,,,*,
1003008459,Fidel,Philip,Chicago,IL,17,Dentist,NPPES-Specialty,Ibuprofen,Ibuprofen,12,12,47,30.68,11,#,,,,,*,
1003008533,Sabodash,Valeriy,Sarasota,FL,12,Neurology,Claim-Specialty,Aimovig Autoinjector,Erenumab-Aooe,85,109,3248,85561.18,15,,55,61,47514.86,1808,*,
1003008533,Sabodash,Valeriy,Sarasota,FL,12,Neurology,Claim-Specialty,Ajovy Autoinjector,Fremanezumab-Vfrm,13,19,562,13750.4,,#,,,,,*,
1003008533,Sabodash,Valeriy,Sarasota,FL,12,Neurology,Claim-Specialty,Ajovy Syringe,Fremanezumab-Vfrm,14,14,416,10377.26,,,14,14,10377.26,416,*,
1003008533,Sabodash,Valeriy,Sarasota,FL,12,Neurology,Claim-Specialty,Amantadine,Amantadine Hcl,19,37,1103,1564.35,,*,,,,,*,
1003008533,Sabodash,Valeriy,Sarasota,FL,12,Neurology,Claim-Specialty,Amitriptyline Hcl,Amitriptyline Hcl,97,144.3,4330,1057.93,45,#,,,,,#,
1003008533,Sabodash,Valeriy,Sarasota,FL,12,Neurology,Claim-Specialty,Austedo,Deutetrabenazine,28,28,840,174374.44,,,28,28,174374.44,840,*,
1003008533,Sabodash,Valeriy,Sarasota,FL,12,Neurology,Claim-Specialty,Baclofen,Baclofen,67,116,3480,867.86,23,,53,89.3,808.91,2679,#,
1003008533,Sabodash,Valeriy,Sarasota,FL,12,Neurology,Claim-Specialty,Botox,Onabotulinumtoxina,69,190.9,5726,89421.61,30,,47,134,64284.04,4020,#,
1003008533,Sabodash,Valeriy,Sarasota,FL,12,Neurology,Claim-Specialty,Briviact,Brivaracetam,29,35,1050,51955.91,,#,,,,,*,
1003008533,Sabodash,Valeriy,Sarasota,FL,12,Neurology,Claim-Specialty,Buspirone Hcl,Buspirone Hcl,11,17,487,329.47,,,11,17,329.47,487,*,
1003008533,Sabodash,Valeriy,Sarasota,FL,12,Neurology,Claim-Specialty,Carbamazepine,Carbamazepine,29,35.2,1057,1309.5,,,18,24.2,1100.21,727,*,
1003008533,Sabodash,Valeriy,Sarasota,FL,12,Neurology,Claim-Specialty,Carbatrol,Carbamazepine,11,11,313,1817.55,,,0,0,0,0,#,
1003008533,Sabodash,Valeriy,Sarasota,FL,12,Neurology,Claim-Specialty,Carbidopa-Levodopa,Carbidopa/Levodopa,416,760.2,22558,12571.58,119,,398,722,11578.46,21413,#,
1003008533,Sabodash,Valeriy,Sarasota,FL,12,Neurology,Claim-Specialty,Carbidopa-Levodopa Er,Carbidopa/Levodopa,11,25,750,456.6,,*,,,,,*,
1003008533,Sabodash,Valeriy,Sarasota,FL,12,Neurology,Claim-Specialty,Clonazepam,Clonazepam,104,117.1,3504,793.89,33,#,,,,,#,
1003008533,Sabodash,Valeriy,Sarasota,FL,12,Neurology,Claim-Specialty,Clopidogrel,Clopidogrel Bisulfate,37,55.7,1670,451.85,,,37,55.7,451.85,1670,*,
1003008533,Sabodash,Valeriy,Sarasota,FL,12,Neurology,Claim-Specialty,Cyclobenzaprine Hcl,Cyclobenzaprine Hcl,63,73,2114,720.06,22,,49,59,546.03,1754,#,
1003008533,Sabodash,Valeriy,Sarasota,FL,12,Neurology,Claim-Specialty,Dextroamphetamine-Amphetamine,Dextroamphetamine/Amphetamine,38,38.1,1143,770.17,,,23,23.1,390.63,693,*,
1003008533,Sabodash,Valeriy,Sarasota,FL,12,Neurology,Claim-Specialty,Diazepam,Diazepam,67,67,1684,345.84,18,#,,,,,#,
1003008533,Sabodash,Valeriy,Sarasota,FL,12,Neurology,Claim-Specialty,Divalproex Sodium,Divalproex Sodium,87,134.6,3900,1890.82,29,#,,,,,#,
1003008533,Sabodash,Valeriy,Sarasota,FL,12,Neurology,Claim-Specialty,Donepezil Hcl,Donepezil Hcl,535,985.2,29349,8110.67,159,,519,965.2,7952.57,28749,#,
1003008533,Sabodash,Valeriy,Sarasota,FL,12,Neurology,Claim-Specialty,Doxepin Hcl,Doxepin Hcl,12,12.2,337,169.41,,*,,,,,*,
1003008533,Sabodash,Valeriy,Sarasota,FL,12,Neurology,Claim-Specialty,Duloxetine Hcl,Duloxetine Hcl,48,89,2670,1229.48,14,#,,,,,#,
1003008533,Sabodash,Valeriy,Sarasota,FL,12,Neurology,Claim-Specialty,Emgality Pen,Galcanezumab-Gnlm,22,30,900,21853.85,,,22,30,21853.85,900,*,
1003008533,Sabodash,Valeriy,Sarasota,FL,12,Neurology,Claim-Specialty,Escitalopram Oxalate,Escitalopram Oxalate,21,45,1323,383.56,,#,,,,,*,
1003008533,Sabodash,Valeriy,Sarasota,FL,12,Neurology,Claim-Specialty,Fludrocortisone Acetate,Fludrocortisone Acetate,15,25,750,359.84,,,15,25,359.84,750,*,
1003008533,Sabodash,Valeriy,Sarasota,FL,12,Neurology,Claim-Specialty,Gabapentin,Gabapentin,432,606.6,18022,6458.99,127,,401,567.5,5992.36,16849,#,
1003008533,Sabodash,Valeriy,Sarasota,FL,12,Neurology,Claim-Specialty,Galantamine Hbr,Galantamine Hbr,44,83.3,2500,3190.12,14,,44,83.3,3190.12,2500,,14
1003008533,Sabodash,Valeriy,Sarasota,FL,12,Neurology,Claim-Specialty,Gamunex-C,Immune Globul G/Gly/Iga Avg 46,11,13.8,360,139610.45,,,11,13.8,139610.45,360,*,
1003008533,Sabodash,Valeriy,Sarasota,FL,12,Neurology,Claim-Specialty,Gocovri,Amantadine Hcl,31,53,1590,116790.55,,#,,,,,*,
1003008533,Sabodash,Valeriy,Sarasota,FL,12,Neurology,Claim-Specialty,Hizentra,Immun Glob G(Igg)/Pro/Iga 0-50,47,47,1316,1068274.32,,,22,22,395915.16,616,*,
1003008533,Sabodash,Valeriy,Sarasota,FL,12,Neurology,Claim-Specialty,Lacosamide,Lacosamide,76,78,2317,15606.47,12,,56,56,14948.22,1657,*,
1003008533,Sabodash,Valeriy,Sarasota,FL,12,Neurology,Claim-Specialty,Lamotrigine,Lamotrigine,104,163,4826,2751.7,33,,74,127,1619.16,3755,#,
1003008533,Sabodash,Valeriy,Sarasota,FL,12,Neurology,Claim-Specialty,Levetiracetam,Levetiracetam,77,171,5109,2529.34,32,,59,135,1994.22,4045,#,
1003008533,Sabodash,Valeriy,Sarasota,FL,12,Neurology,Claim-Specialty,Lorazepam,Lorazepam,19,19,320,43.19,13,#,,,,,#,
1003008533,Sabodash,Valeriy,Sarasota,FL,12,Neurology,Claim-Specialty,Meclizine Hcl,Meclizine Hcl,27,27,433,99.78,12,#,,,,,*,
1003008533,Sabodash,Valeriy,Sarasota,FL,12,Neurology,Claim-Specialty,Memantine Hcl,Memantine Hcl,286,493.5,14710,8865.88,82,#,,,,,#,
1003008533,Sabodash,Valeriy,Sarasota,FL,12,Neurology,Claim-Specialty,Mirtazapine,Mirtazapine,36,54.6,1639,389.53,,,24,34.6,287.33,1039,*,
1003008533,Sabodash,Valeriy,Sarasota,FL,12,Neurology,Claim-Specialty,Neupro,Rotigotine,47,79,2370,65698.15,16,#,,,,,#,
1003008533,Sabodash,Valeriy,Sarasota,FL,12,Neurology,Claim-Specialty,Nuedexta,Dextromethorphan Hbr/Quinidine,15,15,450,12240.96,,#,,,,,*,
1003008533,Sabodash,Valeriy,Sarasota,FL,12,Neurology,Claim-Specialty,Nuplazid,Pimavanserin Tartrate,13,15,450,73254.19,,,13,15,73254.19,450,*,
1003008533,Sabodash,Valeriy,Sarasota,FL,12,Neurology,Claim-Specialty,Nurtec Odt,Rimegepant Sulfate,22,22.1,630,33479.94,,#,,,,,*,
1003008533,Sabodash,Valeriy,Sarasota,FL,12,Neurology,Claim-Specialty,Omeprazole,Omeprazole,14,38,1140,171.49,,*,,,,,*,
1003008533,Sabodash,Valeriy,Sarasota,FL,12,Neurology,Claim-Specialty,Ondansetron Odt,Ondansetron,13,17,372,0,,,0,0,0,0,#,
1003008533,Sabodash,Valeriy,Sarasota,FL,12,Neurology,Claim-Specialty,Oxcarbazepine,Oxcarbazepine,22,48.1,1443,1527.99,12,#,,,,,#,
1003008533,Sabodash,Valeriy,Sarasota,FL,12,Neurology,Claim-Specialty,Pramipexole Dihydrochloride,Pramipexole Di-Hcl,37,69.4,2072,813.33,14,#,,,,,#,
1003008533,Sabodash,Valeriy,Sarasota,FL,12,Neurology,Claim-Specialty,Prednisone,Prednisone,34,37.6,934,261.13,,,34,37.6,261.13,934,*,
1003008533,Sabodash,Valeriy,Sarasota,FL,12,Neurology,Claim-Specialty,Pregabalin,Pregabalin,77,83.4,2392,1916.79,16,#,,,,,#,
1003008533,Sabodash,Valeriy,Sarasota,FL,12,Neurology,Claim-Specialty,Primidone,Primidone,152,246.3,7374,3070.59,39,,140,230.3,2853.76,6910,#,
1003008533,Sabodash,Valeriy,Sarasota,FL,12,Neurology,Claim-Specialty,Propranolol Hcl,Propranolol Hcl,77,125.4,3720,1168.87,29,#,,,,,#,
1003008533,Sabodash,Valeriy,Sarasota,FL,12,Neurology,Claim-Specialty,Propranolol Hcl Er,Propranolol Hcl,14,38,1140,1334.73,,,14,38,1334.73,1140,*,
1003008533,Sabodash,Valeriy,Sarasota,FL,12,Neurology,Claim-Specialty,Pyridostigmine Bromide,Pyridostigmine Bromide,13,31,928,1286.82,,,13,31,1286.82,928,*,
1003008533,Sabodash,Valeriy,Sarasota,FL,12,Neurology,Claim-Specialty,Quetiapine Fumarate,Quetiapine Fumarate,60,83,2446,971.35,16,,60,83,971.35,2446,,16
1003008533,Sabodash,Valeriy,Sarasota,FL,12,Neurology,Claim-Specialty,Rasagiline Mesylate,Rasagiline Mesylate,15,27,787,5002.75,,,15,27,5002.75,787,*,
1003008533,Sabodash,Valeriy,Sarasota,FL,12,Neurology,Claim-Specialty,Rexulti,Brexpiprazole,15,17,464,24310.07,,,15,17,24310.07,464,*,
1003008533,Sabodash,Valeriy,Sarasota,FL,12,Neurology,Claim-Specialty,Rivastigmine,Rivastigmine,19,23,690,7336.19,,,19,23,7336.19,690,*,
1003008533,Sabodash,Valeriy,Sarasota,FL,12,Neurology,Claim-Specialty,Rivastigmine,Rivastigmine Tartrate,67,133,3990,6710.22,21,,67,133,6710.22,3990,,21
1003008533,Sabodash,Valeriy,Sarasota,FL,12,Neurology,Claim-Specialty,Rizatriptan,Rizatriptan Benzoate,35,43,1290,660.29,,,22,26,344.89,780,*,
1003008533,Sabodash,Valeriy,Sarasota,FL,12,Neurology,Claim-Specialty,Ropinirole Hcl,Ropinirole Hcl,56,107.6,3189,1030.22,19,#,,,,,#,
1003008533,Sabodash,Valeriy,Sarasota,FL,12,Neurology,Claim-Specialty,Rytary,Carbidopa/Levodopa,131,182,5436,90817.79,23,,131,182,90817.79,5436,,23
1003008533,Sabodash,Valeriy,Sarasota,FL,12,Neurology,Claim-Specialty,Sertraline Hcl,Sertraline Hcl,26,46.1,1344,181.37,14,,26,46.1,181.37,1344,,14
1003008533,Sabodash,Valeriy,Sarasota,FL,12,Neurology,Claim-Specialty,Sodium Chloride,0.9 % Sodium Chloride,17,17,410,130.99,,*,,,,,*,
1003008533,Sabodash,Valeriy,Sarasota,FL,12,Neurology,Claim-Specialty,Soliris,Eculizumab,15,15,399,786418.29,,*,,,,,*,
1003008533,Sabodash,Valeriy,Sarasota,FL,12,Neurology,Claim-Specialty,Sumatriptan Succinate,Sumatriptan Succinate,44,46,1325,601.95,12,#,,,,,*,
1003008533,Sabodash,Valeriy,Sarasota,FL,12,Neurology,Claim-Specialty,Temazepam,Temazepam,12,12,360,173.7,,,12,12,173.7,360,*,
1003008533,Sabodash,Valeriy,Sarasota,FL,12,Neurology,Claim-Specialty,Tizanidine Hcl,Tizanidine Hcl,29,41,1230,653.89,,,14,16,384.98,480,*,
1003008533,Sabodash,Valeriy,Sarasota,FL,12,Neurology,Claim-Specialty,Topiramate,Topiramate,127,273.1,8121,1951.94,48,,106,231.8,1657.34,6897,#,
1003008533,Sabodash,Valeriy,Sarasota,FL,12,Neurology,Claim-Specialty,Trazodone Hcl,Trazodone Hcl,44,70.2,2106,301.74,12,#,,,,,*,
1003008533,Sabodash,Valeriy,Sarasota,FL,12,Neurology,Claim-Specialty,Ubrelvy,Ubrogepant,17,17,480,17863.03,,#,,,,,*,
1003008590,Chirumamilla,Radha,Modesto,CA,06,Internal Medicine,Claim-Specialty,Eliquis,Apixaban,14,14,405,8064.63,14,,14,14,8064.63,405,,14
1003008590,Chirumamilla,Radha,Modesto,CA,06,Internal Medicine,Claim-Specialty,Furosemide,Furosemide,11,11,315,41.17,11,,11,11,41.17,315,,11
1003008590,Chirumamilla,Radha,Modesto,CA,06,Internal Medicine,Claim-Specialty,Hydrocodone-Acetaminophen,Hydrocodone/Acetaminophen,12,12,48,111.87,11,*,,,,,*,
1003008590,Chirumamilla,Radha,Modesto,CA,06,Internal Medicine,Claim-Specialty,Levofloxacin,Levofloxacin,17,17,72,88.39,17,#,,,,,#,
1003008590,Chirumamilla,Radha,Modesto,CA,06,Internal Medicine,Claim-Specialty,Naloxone Hcl,Naloxone Hcl,17,17,135,1473.46,15,#,,,,,#,
1003008715,Hinson,Janelle,Columbia,SC,45,Physician Assistant,NPPES-Specialty,Cequr Simplicity,"Bolus Insulin Pump, 200 Unit",15,15,450,6425.51,,,15,15,6425.51,450,*,
1003008715,Hinson,Janelle,Columbia,SC,45,Physician Assistant,NPPES-Specialty,Farxiga,Dapagliflozin Propanediol,38,54,1620,29893.73,11,#,,,,,*,
1003008715,Hinson,Janelle,Columbia,SC,45,Physician Assistant,NPPES-Specialty,Gvoke Hypopen 2-Pack,Glucagon,33,33,309,19808.34,28,#,,,,,#,
1003008715,Hinson,Janelle,Columbia,SC,45,Physician Assistant,NPPES-Specialty,Humalog,Insulin Lispro,77,163.4,4795,111163.6,28,#,,,,,#,
1003008715,Hinson,Janelle,Columbia,SC,45,Physician Assistant,NPPES-Specialty,Humalog Kwikpen U-100,Insulin Lispro,84,160.8,4790,81262.29,35,,63,124.9,58544.8,3713,#,
1003008715,Hinson,Janelle,Columbia,SC,45,Physician Assistant,NPPES-Specialty,Humalog Kwikpen U-200,Insulin Lispro,13,25.5,718,39112.5,,*,,,,,*,
1003008715,Hinson,Janelle,Columbia,SC,45,Physician Assistant,NPPES-Specialty,Insulin Aspart,Insulin Aspart,11,13.8,414,5573.23,,,11,13.8,5573.23,414,*,
1003008715,Hinson,Janelle,Columbia,SC,45,Physician Assistant,NPPES-Specialty,Insulin Lispro Kwikpen U-100,Insulin Lispro,17,32.5,972,5186.68,11,*,,,,,*,
1003008715,Hinson,Janelle,Columbia,SC,45,Physician Assistant,NPPES-Specialty,Janumet Xr,Sitagliptin Phos/Metformin Hcl,27,45,1350,22590.52,,,16,34,16887.84,1020,*,
1003008715,Hinson,Janelle,Columbia,SC,45,Physician Assistant,NPPES-Specialty,Jardiance,Empagliflozin,32,52,1533,31382.63,,,32,52,31382.63,1533,*,
1003008715,Hinson,Janelle,Columbia,SC,45,Physician Assistant,NPPES-Specialty,Lantus Solostar,"Insulin Glargine,hum.Rec.Anlog",74,145.5,4348,38663.62,35,,54,101.9,25498.55,3042,#,
1003008715,Hinson,Janelle,Columbia,SC,45,Physician Assistant,NPPES-Specialty,Levothyroxine Sodium,Levothyroxine Sodium,104,246.3,7329,2041.06,31,,86,212.3,1752.13,6309,#,
1003008715,Hinson,Janelle,Columbia,SC,45,Physician Assistant,NPPES-Specialty,Lisinopril,Lisinopril,28,52,1560,149.46,,#,,,,,*,
1003008715,Hinson,Janelle,Columbia,SC,45,Physician Assistant,NPPES-Specialty,Losartan Potassium,Losartan Potassium,13,21,630,70.98,,,13,21,70.98,630,*,
1003008715,Hinson,Janelle,Columbia,SC,45,Physician Assistant,NPPES-Specialty,Lyumjev,Insulin Lispro-Aabc,26,62,1772,37270.24,11,,26,62,37270.24,1772,,11
1003008715,Hinson,Janelle,Columbia,SC,45,Physician Assistant,NPPES-Specialty,Metformin Hcl Er,Metformin Hcl,164,394,11820,3219.49,58,,132,338,2959.08,10140,#,
1003008715,Hinson,Janelle,Columbia,SC,45,Physician Assistant,NPPES-Specialty,Mounjaro,Tirzepatide,25,34,980,36674.51,,#,,,,,*,
1003008715,Hinson,Janelle,Columbia,SC,45,Physician Assistant,NPPES-Specialty,Nano 2nd Gen Pen Needle,"Pen Needle, Diabetic",99,211.2,6201,11678.56,50,,78,170.6,9366.37,5006,#,
1003008715,Hinson,Janelle,Columbia,SC,45,Physician Assistant,NPPES-Specialty,Novolog,Insulin Aspart,25,50.9,1529,47533.07,,,12,25.6,22938.45,767,*,
1003008715,Hinson,Janelle,Columbia,SC,45,Physician Assistant,NPPES-Specialty,Novolog Flexpen,Insulin Aspart,97,198.5,5794,116750.88,32,,73,150.5,90806.5,4396,#,
1003008715,Hinson,Janelle,Columbia,SC,45,Physician Assistant,NPPES-Specialty,Omega-3 Acid Ethyl Esters,Omega-3 Acid Ethyl Esters,11,33,990,1186.96,,,11,33,1186.96,990,*,
1003008715,Hinson,Janelle,Columbia,SC,45,Physician Assistant,NPPES-Specialty,Omnipod 5 G6 Pods (Gen 5),"Insulin Pump Cart,automated,bt",77,159.4,4781,98402.25,19,,61,124.2,77158.96,3725,#,
1003008715,Hinson,Janelle,Columbia,SC,45,Physician Assistant,NPPES-Specialty,Ozempic,Semaglutide,101,142.9,4128,138148.84,29,,78,107.3,100206.96,3090,#,
1003008715,Hinson,Janelle,Columbia,SC,45,Physician Assistant,NPPES-Specialty,Rosuvastatin Calcium,Rosuvastatin Calcium,36,100,3000,1237,13,#,,,,,*,
1003008715,Hinson,Janelle,Columbia,SC,45,Physician Assistant,NPPES-Specialty,Sure Comfort Pen Needle,"Pen Needle, Diabetic",21,38.5,1110,2568.11,,#,,,,,*,
1003008715,Hinson,Janelle,Columbia,SC,45,Physician Assistant,NPPES-Specialty,Synjardy Xr,Empagliflozin/Metformin Hcl,11,29,870,16120.58,,*,,,,,*,
1003008715,Hinson,Janelle,Columbia,SC,45,Physician Assistant,NPPES-Specialty,Toujeo Max Solostar,"Insulin Glargine,hum.Rec.Anlog",38,76.3,2197,58592.95,12,,27,57.1,41375.47,1677,*,
1003008715,Hinson,Janelle,Columbia,SC,45,Physician Assistant,NPPES-Specialty,Toujeo Solostar,"Insulin Glargine,hum.Rec.Anlog",60,132.9,3981,39333.48,24,#,,,,,#,
1003008715,Hinson,Janelle,Columbia,SC,45,Physician Assistant,NPPES-Specialty,Tradjenta,Linagliptin,19,31,930,16974.76,,,19,31,16974.76,930,*,
1003008715,Hinson,Janelle,Columbia,SC,45,Physician Assistant,NPPES-Specialty,Tresiba Flextouch U-100,Insulin Degludec,72,152.3,4502,37959.61,23,,47,105.5,25818.17,3150,#,
1003008715,Hinson,Janelle,Columbia,SC,45,Physician Assistant,NPPES-Specialty,Tresiba Flextouch U-200,Insulin Degludec,57,102.4,2996,63234.34,15,#,,,,,#,
1003008715,Hinson,Janelle,Columbia,SC,45,Physician Assistant,NPPES-Specialty,Trulicity,Dulaglutide,111,154.7,4474,147649.19,23,,82,123.9,117849.94,3606,#,
1003008715,Hinson,Janelle,Columbia,SC,45,Physician Assistant,NPPES-Specialty,Ultra-Fine Mini Pen Needle,"Pen Needle, Diabetic",12,26,755,1819.81,,,12,26,1819.81,755,*,
1003008715,Hinson,Janelle,Columbia,SC,45,Physician Assistant,NPPES-Specialty,Ultra-Fine Nano Pen Needle,"Pen Needle, Diabetic",20,44,1265,2180.68,13,#,,,,,#,
1003008715,Hinson,Janelle,Columbia,SC,45,Physician Assistant,NPPES-Specialty,Ultra-Fine Short Pen Needle,"Pen Needle, Diabetic",15,29.1,836,1573.22,,#,,,,,*,
1003008715,Hinson,Janelle,Columbia,SC,45,Physician Assistant,NPPES-Specialty,V-Go 30,"Sub-Q Insulin Device, 30 Unit",13,13,390,6912.88,,,13,13,6912.88,390,*,
1003008715,Hinson,Janelle,Columbia,SC,45,Physician Assistant,NPPES-Specialty,Victoza 3-Pak,Liraglutide,18,42,1260,43164.31,,#,,,,,*,
1003008715,Hinson,Janelle,Columbia,SC,45,Physician Assistant,NPPES-Specialty,Xigduo Xr,Dapaglifloz Propaned/Metformin,23,56,1650,28671.63,,#,,,,,*,
1003008855,Lee,Alisia,Exeter,CA,06,Physician Assistant,NPPES-Specialty,Advair Diskus,Fluticasone Propion/Salmeterol,16,16,480,7450.8,,,16,16,7450.8,480,*,
1003008855,Lee,Alisia,Exeter,CA,06,Physician Assistant,NPPES-Specialty,Albuterol Sulfate Hfa,Albuterol Sulfate,33,37.9,897,988.41,14,#,,,,,#,
1003008855,Lee,Alisia,Exeter,CA,06,Physician Assistant,NPPES-Specialty,Alendronate Sodium,Alendronate Sodium,25,36.2,1048,313.86,,,25,36.2,313.86,1048,*,
1003008855,Lee,Alisia,Exeter,CA,06,Physician Assistant,NPPES-Specialty,Allopurinol,Allopurinol,23,43,1290,561.22,,#,,,,,*,
1003008855,Lee,Alisia,Exeter,CA,06,Physician Assistant,NPPES-Specialty,Amlodipine Besylate,Amlodipine Besylate,96,160,4800,952.81,25,,83,143,812.55,4290,#,
1003008855,Lee,Alisia,Exeter,CA,06,Physician Assistant,NPPES-Specialty,Atorvastatin Calcium,Atorvastatin Calcium,105,237,7110,2749.37,39,,72,172,1992.03,5160,#,
1003008855,Lee,Alisia,Exeter,CA,06,Physician Assistant,NPPES-Specialty,Basaglar Kwikpen U-100,"Insulin Glargine,hum.Rec.Anlog",13,17.2,515,5105.11,,#,,,,,*,
1003008855,Lee,Alisia,Exeter,CA,06,Physician Assistant,NPPES-Specialty,Benazepril Hcl,Benazepril Hcl,23,43,1290,357.42,,,23,43,357.42,1290,*,
1003008855,Lee,Alisia,Exeter,CA,06,Physician Assistant,NPPES-Specialty,Clopidogrel,Clopidogrel Bisulfate,25,43,1290,378.09,,#,,,,,*,
1003008855,Lee,Alisia,Exeter,CA,06,Physician Assistant,NPPES-Specialty,Combivent Respimat,Ipratropium/Albuterol Sulfate,23,23,675,12161.6,,#,,,,,*,
1003008855,Lee,Alisia,Exeter,CA,06,Physician Assistant,NPPES-Specialty,Cyclobenzaprine Hcl,Cyclobenzaprine Hcl,23,29,870,511.19,,,12,12,156.84,360,*,
1003008855,Lee,Alisia,Exeter,CA,06,Physician Assistant,NPPES-Specialty,Diclofenac Sodium,Diclofenac Sodium,41,41.5,1207,969.57,,#,,,,,*,
1003008855,Lee,Alisia,Exeter,CA,06,Physician Assistant,NPPES-Specialty,Duloxetine Hcl,Duloxetine Hcl,14,16,480,251.1,,,14,16,251.1,480,*,
1003008855,Lee,Alisia,Exeter,CA,06,Physician Assistant,NPPES-Specialty,Escitalopram Oxalate,Escitalopram Oxalate,14,22,660,424.9,,*,,,,,*,
1003008855,Lee,Alisia,Exeter,CA,06,Physician Assistant,NPPES-Specialty,Esomeprazole Magnesium,Esomeprazole Magnesium,20,20,600,613.52,,#,,,,,*,
1003008855,Lee,Alisia,Exeter,CA,06,Physician Assistant,NPPES-Specialty,Famotidine,Famotidine,20,28,840,468.88,,#,,,,,*,
1003008855,Lee,Alisia,Exeter,CA,06,Physician Assistant,NPPES-Specialty,Fenofibrate,Fenofibrate,14,18,540,242.84,,,14,18,242.84,540,*,
1003008855,Lee,Alisia,Exeter,CA,06,Physician Assistant,NPPES-Specialty,Fluoxetine Hcl,Fluoxetine Hcl,17,35,1050,518.02,,,0,0,0,0,#,
1003008855,Lee,Alisia,Exeter,CA,06,Physician Assistant,NPPES-Specialty,Fluticasone Propionate,Fluticasone Propionate,21,35,1050,329.24,12,#,,,,,*,
1003008855,Lee,Alisia,Exeter,CA,06,Physician Assistant,NPPES-Specialty,Furosemide,Furosemide,26,36,1080,124.86,,,15,25,95.73,750,*,
1003008855,Lee,Alisia,Exeter,CA,06,Physician Assistant,NPPES-Specialty,Gabapentin,Gabapentin,30,30,900,263.62,,#,,,,,*,
1003008855,Lee,Alisia,Exeter,CA,06,Physician Assistant,NPPES-Specialty,Glipizide,Glipizide,11,15,450,27.56,,*,,,,,*,
1003008855,Lee,Alisia,Exeter,CA,06,Physician Assistant,NPPES-Specialty,Hydrochlorothiazide,Hydrochlorothiazide,45,65,1926,186.48,12,#,,,,,#,
1003008855,Lee,Alisia,Exeter,CA,06,Physician Assistant,NPPES-Specialty,Hydroxyzine Hcl,Hydroxyzine Hcl,11,11,290,155.24,,*,,,,,*,
1003008855,Lee,Alisia,Exeter,CA,06,Physician Assistant,NPPES-Specialty,Ibuprofen,Ibuprofen,21,22.3,571,163.75,,#,,,,,*,
1003008855,Lee,Alisia,Exeter,CA,06,Physician Assistant,NPPES-Specialty,Januvia,Sitagliptin Phosphate,44,62,1853,35713.1,,,33,51,29113.39,1523,*,
1003008855,Lee,Alisia,Exeter,CA,06,Physician Assistant,NPPES-Specialty,Jardiance,Empagliflozin,53,61,1830,38880.34,11,,35,41,26072.47,1230,*,
1003008855,Lee,Alisia,Exeter,CA,06,Physician Assistant,NPPES-Specialty,Levothyroxine Sodium,Levothyroxine Sodium,71,129,3870,1020.11,15,#,,,,,#,
1003008855,Lee,Alisia,Exeter,CA,06,Physician Assistant,NPPES-Specialty,Lisinopril,Lisinopril,134,230,6900,1424.03,33,,111,187,1087.89,5610,#,
1003008855,Lee,Alisia,Exeter,CA,06,Physician Assistant,NPPES-Specialty,Losartan Potassium,Losartan Potassium,44,75,2250,601.16,15,#,,,,,#,
1003008855,Lee,Alisia,Exeter,CA,06,Physician Assistant,NPPES-Specialty,Lovastatin,Lovastatin,18,29.8,895,291.36,,,18,29.8,291.36,895,*,
1003008855,Lee,Alisia,Exeter,CA,06,Physician Assistant,NPPES-Specialty,Meloxicam,Meloxicam,13,15,450,151.35,,,13,15,151.35,450,*,
1003008855,Lee,Alisia,Exeter,CA,06,Physician Assistant,NPPES-Specialty,Metformin Hcl,Metformin Hcl,126,198.3,5950,1117.62,26,,105,167.3,892.37,5020,#,
1003008855,Lee,Alisia,Exeter,CA,06,Physician Assistant,NPPES-Specialty,Metformin Hcl Er,Metformin Hcl,47,99,2970,359.51,,#,,,,,*,
1003008855,Lee,Alisia,Exeter,CA,06,Physician Assistant,NPPES-Specialty,Metoclopramide Hcl,Metoclopramide Hcl,12,12,360,169.56,,,12,12,169.56,360,*,
1003008855,Lee,Alisia,Exeter,CA,06,Physician Assistant,NPPES-Specialty,Metoprolol Succinate,Metoprolol Succinate,42,52,1560,438.81,,,27,35,326.37,1050,*,
1003008855,Lee,Alisia,Exeter,CA,06,Physician Assistant,NPPES-Specialty,Metoprolol Tartrate,Metoprolol Tartrate,11,21,630,96.77,,,11,21,96.77,630,*,
1003008855,Lee,Alisia,Exeter,CA,06,Physician Assistant,NPPES-Specialty,Montelukast Sodium,Montelukast Sodium,25,42.8,1285,829.16,,*,,,,,*,
1003008855,Lee,Alisia,Exeter,CA,06,Physician Assistant,NPPES-Specialty,Omega-3 Acid Ethyl Esters,Omega-3 Acid Ethyl Esters,13,28,840,809.26,,*,,,,,*,
1003008855,Lee,Alisia,Exeter,CA,06,Physician Assistant,NPPES-Specialty,Omeprazole,Omeprazole,27,49,1470,569.78,,#,,,,,*,
1003008855,Lee,Alisia,Exeter,CA,06,Physician Assistant,NPPES-Specialty,Ozempic,Semaglutide,13,13,364,12816.48,,*,,,,,*,
1003008855,Lee,Alisia,Exeter,CA,06,Physician Assistant,NPPES-Specialty,Pantoprazole Sodium,Pantoprazole Sodium,16,42,1260,461.66,,#,,,,,*,
1003008855,Lee,Alisia,Exeter,CA,06,Physician Assistant,NPPES-Specialty,Paroxetine Hcl,Paroxetine Hcl,11,19,570,380.7,,,11,19,380.7,570,*,
1003008855,Lee,Alisia,Exeter,CA,06,Physician Assistant,NPPES-Specialty,Pravastatin Sodium,Pravastatin Sodium,31,70,2100,835.75,12,#,,,,,#,
1003008855,Lee,Alisia,Exeter,CA,06,Physician Assistant,NPPES-Specialty,Pregabalin,Pregabalin,15,15,430,1398.85,,*,,,,,*,
1003008855,Lee,Alisia,Exeter,CA,06,Physician Assistant,NPPES-Specialty,Simvastatin,Simvastatin,78,120,3600,595.36,12,#,,,,,*,
1003008855,Lee,Alisia,Exeter,CA,06,Physician Assistant,NPPES-Specialty,Tamsulosin Hcl,Tamsulosin Hcl,12,32,960,323.37,,,12,32,323.37,960,*,
1003008855,Lee,Alisia,Exeter,CA,06,Physician Assistant,NPPES-Specialty,Ultra-Fine Micro Pen Needle,"Pen Needle, Diabetic",11,11.7,300,598.43,,,11,11.7,598.43,300,*,
1003008855,Lee,Alisia,Exeter,CA,06,Physician Assistant,NPPES-Specialty,Ventolin Hfa,Albuterol Sulfate,20,22.3,447,1364.99,,#,,,,,*,
1003009119,Mohler,Troy,Lovettsville,VA,51,Family Practice,Claim-Specialty,Albuterol Sulfate Hfa,Albuterol Sulfate,30,38,993,939.27,21,#,,,,,#,
1003009119,Mohler,Troy,Lovettsville,VA,51,Family Practice,Claim-Specialty,Alendronate Sodium,Alendronate Sodium,26,67.8,2026,192.18,,,26,67.8,192.18,2026,*,
1003009119,Mohler,Troy,Lovettsville,VA,51,Family Practice,Claim-Specialty,Allopurinol,Allopurinol,20,57.3,1720,210.53,,,20,57.3,210.53,1720,*,
1003009119,Mohler,Troy,Lovettsville,VA,51,Family Practice,Claim-Specialty,Alprazolam,Alprazolam,28,48,1345,222.81,,,28,48,222.81,1345,*,
1003009119,Mohler,Troy,Lovettsville,VA,51,Family Practice,Claim-Specialty,Amlodipine Besylate,Amlodipine Besylate,125,359,10759,1038.6,39,#,,,,,#,
1003009119,Mohler,Troy,Lovettsville,VA,51,Family Practice,Claim-Specialty,Amoxicillin-Clavulanate Potass,Amoxicillin/Potassium Clav,33,33,352,311.17,28,#,,,,,#,
1003009119,Mohler,Troy,Lovettsville,VA,51,Family Practice,Claim-Specialty,Atenolol,Atenolol,15,43,1290,79.73,,,15,43,79.73,1290,*,
1003009119,Mohler,Troy,Lovettsville,VA,51,Family Practice,Claim-Specialty,Atorvastatin Calcium,Atorvastatin Calcium,231,640.3,19200,2831.41,64,#,,,,,#,
1003009119,Mohler,Troy,Lovettsville,VA,51,Family Practice,Claim-Specialty,Azithromycin,Azithromycin,12,12,60,40.91,11,,12,12,40.91,60,,11
1003009119,Mohler,Troy,Lovettsville,VA,51,Family Practice,Claim-Specialty,Cartia Xt,Diltiazem Hcl,13,23,690,444.92,,,13,23,444.92,690,*,
1003009119,Mohler,Troy,Lovettsville,VA,51,Family Practice,Claim-Specialty,Carvedilol,Carvedilol,31,67,1995,229.08,,,20,56,169.79,1665,*,
1003009119,Mohler,Troy,Lovettsville,VA,51,Family Practice,Claim-Specialty,Celecoxib,Celecoxib,23,51.5,1529,1897.66,11,,23,51.5,1897.66,1529,,11
1003009119,Mohler,Troy,Lovettsville,VA,51,Family Practice,Claim-Specialty,Clopidogrel,Clopidogrel Bisulfate,14,42,1260,108.22,,,14,42,108.22,1260,*,
1003009119,Mohler,Troy,Lovettsville,VA,51,Family Practice,Claim-Specialty,Diltiazem 24hr Er (Cd),Diltiazem Hcl,18,43,1290,835.95,,,18,43,835.95,1290,*,
1003009119,Mohler,Troy,Lovettsville,VA,51,Family Practice,Claim-Specialty,Donepezil Hcl,Donepezil Hcl,22,50,1494,305.38,,,22,50,305.38,1494,*,
1003009119,Mohler,Troy,Lovettsville,VA,51,Family Practice,Claim-Specialty,Doxycycline Monohydrate,Doxycycline Monohydrate,15,15.4,194,257.05,14,,15,15.4,257.05,194,,14
1003009119,Mohler,Troy,Lovettsville,VA,51,Family Practice,Claim-Specialty,Duloxetine Hcl,Duloxetine Hcl,38,103,3090,1058.39,12,#,,,,,#,
1003009119,Mohler,Troy,Lovettsville,VA,51,Family Practice,Claim-Specialty,Dutasteride,Dutasteride,11,33,990,1188.02,,,11,33,1188.02,990,*,
1003009119,Mohler,Troy,Lovettsville,VA,51,Family Practice,Claim-Specialty,Eliquis,Apixaban,14,34,1020,20062.17,,,14,34,20062.17,1020,*,
1003009119,Mohler,Troy,Lovettsville,VA,51,Family Practice,Claim-Specialty,Enalapril Maleate,Enalapril Maleate,16,48,1440,583.77,,,16,48,583.77,1440,*,
1003009119,Mohler,Troy,Lovettsville,VA,51,Family Practice,Claim-Specialty,Escitalopram Oxalate,Escitalopram Oxalate,26,66,1974,321.45,,#,,,,,*,
1003009119,Mohler,Troy,Lovettsville,VA,51,Family Practice,Claim-Specialty,Ezetimibe,Ezetimibe,22,62,1860,1548.26,,,22,62,1548.26,1860,*,
1003009119,Mohler,Troy,Lovettsville,VA,51,Family Practice,Claim-Specialty,Famotidine,Famotidine,12,34,1020,103.54,,,12,34,103.54,1020,*,
1003009119,Mohler,Troy,Lovettsville,VA,51,Family Practice,Claim-Specialty,Finasteride,Finasteride,20,46,1380,130.51,,,20,46,130.51,1380,*,
1003009119,Mohler,Troy,Lovettsville,VA,51,Family Practice,Claim-Specialty,Fluticasone Propionate,Fluticasone Propionate,16,26,780,225.97,,*,,,,,*,
1003009119,Mohler,Troy,Lovettsville,VA,51,Family Practice,Claim-Specialty,Furosemide,Furosemide,27,57,1710,183.9,,,15,39,100.07,1170,*,
1003009119,Mohler,Troy,Lovettsville,VA,51,Family Practice,Claim-Specialty,Gabapentin,Gabapentin,45,109.5,3270,1363.63,20,#,,,,,#,
1003009119,Mohler,Troy,Lovettsville,VA,51,Family Practice,Claim-Specialty,Glimepiride,Glimepiride,28,84,2520,281.12,,,28,84,281.12,2520,*,
1003009119,Mohler,Troy,Lovettsville,VA,51,Family Practice,Claim-Specialty,Hydrochlorothiazide,Hydrochlorothiazide,77,209,6258,451.22,21,#,,,,,#,
1003009119,Mohler,Troy,Lovettsville,VA,51,Family Practice,Claim-Specialty,Januvia,Sitagliptin Phosphate,36,80,2400,42682.49,,#,,,,,*,
1003009119,Mohler,Troy,Lovettsville,VA,51,Family Practice,Claim-Specialty,Levothyroxine Sodium,Levothyroxine Sodium,157,437.6,13101,2624.14,38,,157,437.6,2624.14,13101,,38
1003009119,Mohler,Troy,Lovettsville,VA,51,Family Practice,Claim-Specialty,Lisinopril,Lisinopril,154,399.3,11941,1179.67,44,,134,363.3,1121.47,10861,#,
1003009119,Mohler,Troy,Lovettsville,VA,51,Family Practice,Claim-Specialty,Lisinopril-Hydrochlorothiazide,Lisinopril/Hydrochlorothiazide,23,69,2070,221.05,,,23,69,221.05,2070,*,
1003009119,Mohler,Troy,Lovettsville,VA,51,Family Practice,Claim-Specialty,Losartan Potassium,Losartan Potassium,118,329.4,9874,1748.67,35,#,,,,,#,
1003009119,Mohler,Troy,Lovettsville,VA,51,Family Practice,Claim-Specialty,Memantine Hcl,Memantine Hcl,20,58,1740,788.75,,,20,58,788.75,1740,*,
1003009119,Mohler,Troy,Lovettsville,VA,51,Family Practice,Claim-Specialty,Metformin Hcl,Metformin Hcl,111,279,8334,922.55,28,,99,267,836.84,7974,#,
1003009119,Mohler,Troy,Lovettsville,VA,51,Family Practice,Claim-Specialty,Metformin Hcl Er,Metformin Hcl,27,71,2110,327.1,,,27,71,327.1,2110,*,
1003009119,Mohler,Troy,Lovettsville,VA,51,Family Practice,Claim-Specialty,Metoprolol Succinate,Metoprolol Succinate,69,192.3,5758,1193.44,25,#,,,,,#,
1003009119,Mohler,Troy,Lovettsville,VA,51,Family Practice,Claim-Specialty,Metoprolol Tartrate,Metoprolol Tartrate,35,95.1,2852,278.08,,,35,95.1,278.08,2852,*,
1003009119,Mohler,Troy,Lovettsville,VA,51,Family Practice,Claim-Specialty,Mirtazapine,Mirtazapine,13,25,750,449.75,,,13,25,449.75,750,*,
1003009119,Mohler,Troy,Lovettsville,VA,51,Family Practice,Claim-Specialty,Montelukast Sodium,Montelukast Sodium,19,55,1650,308.09,,,19,55,308.09,1650,*,
1003009119,Mohler,Troy,Lovettsville,VA,51,Family Practice,Claim-Specialty,Nebivolol Hcl,Nebivolol Hcl,18,52.3,1570,1483.37,,,18,52.3,1483.37,1570,*,
1003009119,Mohler,Troy,Lovettsville,VA,51,Family Practice,Claim-Specialty,Omeprazole,Omeprazole,36,92,2732,500.17,11,#,,,,,*,
1003009119,Mohler,Troy,Lovettsville,VA,51,Family Practice,Claim-Specialty,Pantoprazole Sodium,Pantoprazole Sodium,82,219,6570,1094.45,28,,71,200,1012.47,6000,#,
1003009119,Mohler,Troy,Lovettsville,VA,51,Family Practice,Claim-Specialty,Paroxetine Hcl,Paroxetine Hcl,14,31.6,948,215.21,,,14,31.6,215.21,948,*,
1003009119,Mohler,Troy,Lovettsville,VA,51,Family Practice,Claim-Specialty,Pioglitazone Hcl,Pioglitazone Hcl,33,93,2790,1169.22,,,33,93,1169.22,2790,*,
1003009119,Mohler,Troy,Lovettsville,VA,51,Family Practice,Claim-Specialty,Potassium Chloride,Potassium Chloride,18,32,943,302.62,,#,,,,,*,
1003009119,Mohler,Troy,Lovettsville,VA,51,Family Practice,Claim-Specialty,Pravastatin Sodium,Pravastatin Sodium,23,59,1770,337.69,,,23,59,337.69,1770,*,
1003009119,Mohler,Troy,Lovettsville,VA,51,Family Practice,Claim-Specialty,Prednisone,Prednisone,27,31,336,59.09,20,#,,,,,#,
1003009119,Mohler,Troy,Lovettsville,VA,51,Family Practice,Claim-Specialty,Ropinirole Hcl,Ropinirole Hcl,15,43,1290,251.89,,#,,,,,*,
1003009119,Mohler,Troy,Lovettsville,VA,51,Family Practice,Claim-Specialty,Rosuvastatin Calcium,Rosuvastatin Calcium,94,270.8,8124,1606,27,#,,,,,#,
1003009119,Mohler,Troy,Lovettsville,VA,51,Family Practice,Claim-Specialty,Sertraline Hcl,Sertraline Hcl,73,165,4934,848.1,19,#,,,,,#,
1003009119,Mohler,Troy,Lovettsville,VA,51,Family Practice,Claim-Specialty,Simvastatin,Simvastatin,63,171,5116,659.66,17,,63,171,659.66,5116,,17
1003009119,Mohler,Troy,Lovettsville,VA,51,Family Practice,Claim-Specialty,Spironolactone,Spironolactone,16,34,1020,159.42,,,16,34,159.42,1020,*,
1003009119,Mohler,Troy,Lovettsville,VA,51,Family Practice,Claim-Specialty,Synthroid,Levothyroxine Sodium,37,89,2670,1751.21,,,37,89,1751.21,2670,*,
1003009119,Mohler,Troy,Lovettsville,VA,51,Family Practice,Claim-Specialty,Tamsulosin Hcl,Tamsulosin Hcl,68,193,5790,1036.57,21,#,,,,,#,
1003009119,Mohler,Troy,Lovettsville,VA,51,Family Practice,Claim-Specialty,Terazosin Hcl,Terazosin Hcl,13,39,1170,491.11,,,13,39,491.11,1170,*,
1003009119,Mohler,Troy,Lovettsville,VA,51,Family Practice,Claim-Specialty,Trazodone Hcl,Trazodone Hcl,32,76,2280,256.28,13,#,,,,,#,
1003009119,Mohler,Troy,Lovettsville,VA,51,Family Practice,Claim-Specialty,Tresiba Flextouch U-200,Insulin Degludec,13,23,662,13449.67,,*,,,,,*,
1003009119,Mohler,Troy,Lovettsville,VA,51,Family Practice,Claim-Specialty,Triamterene-Hydrochlorothiazid,Triamterene/Hydrochlorothiazid,14,24,720,179.76,,*,,,,,*,
1003009119,Mohler,Troy,Lovettsville,VA,51,Family Practice,Claim-Specialty,Trulicity,Dulaglutide,50,71.6,2074,73910.54,,,36,55.8,57866.72,1626,*,
1003009119,Mohler,Troy,Lovettsville,VA,51,Family Practice,Claim-Specialty,Ultra-Fine Nano Pen Needle,"Pen Needle, Diabetic",11,11,260,411.72,,,0,0,0,0,#,
1003009119,Mohler,Troy,Lovettsville,VA,51,Family Practice,Claim-Specialty,Valsartan,Valsartan,18,36,1080,418.96,,,18,36,418.96,1080,*,
1003009119,Mohler,Troy,Lovettsville,VA,51,Family Practice,Claim-Specialty,Venlafaxine Hcl Er,Venlafaxine Hcl,36,90,2700,3920.75,,#,,,,,*,
1003009119,Mohler,Troy,Lovettsville,VA,51,Family Practice,Claim-Specialty,Warfarin Sodium,Warfarin Sodium,30,45.9,1318,97.93,,,30,45.9,97.93,1318,*,
1003009119,Mohler,Troy,Lovettsville,VA,51,Family Practice,Claim-Specialty,Xarelto,Rivaroxaban,33,75,2250,41704.79,,,21,61,33523.78,1830,*,
1003009119,Mohler,Troy,Lovettsville,VA,51,Family Practice,Claim-Specialty,Zolpidem Tartrate,Zolpidem Tartrate,11,29,870,197.76,,*,,,,,*,
1003009135,Kostelik,Rita,Bellingham,WA,53,Nurse Practitioner,Claim-Specialty,Benztropine Mesylate,Benztropine Mesylate,13,13,348,105.03,,*,,,,,*,
1003009135,Kostelik,Rita,Bellingham,WA,53,Nurse Practitioner,Claim-Specialty,Bupropion Xl,Bupropion Hcl,15,17,510,134.4,,*,,,,,*,
1003009135,Kostelik,Rita,Bellingham,WA,53,Nurse Practitioner,Claim-Specialty,Quetiapine Fumarate,Quetiapine Fumarate,18,22,618,203.87,,#,,,,,*,
1003009176,Spragg,Cheryl,Stuart,FL,12,Physician Assistant,Claim-Specialty,Cyclobenzaprine Hcl,Cyclobenzaprine Hcl,11,17,510,118.89,,*,,,,,*,
1003009176,Spragg,Cheryl,Stuart,FL,12,Physician Assistant,Claim-Specialty,Gabapentin,Gabapentin,12,22,660,310.89,,*,,,,,*,
1003009176,Spragg,Cheryl,Stuart,FL,12,Physician Assistant,Claim-Specialty,Tizanidine Hcl,Tizanidine Hcl,14,28,840,349.8,,*,,,,,*,
1003009218,Nolen,James,Morrilton,AR,05,Family Practice,NPPES-Specialty,Simvastatin,Simvastatin,12,12,360,119.96,,,12,12,119.96,360,*,
1003009218,Nolen,James,Morrilton,AR,05,Family Practice,NPPES-Specialty,Tamsulosin Hcl,Tamsulosin Hcl,12,12,360,278.36,,,12,12,278.36,360,*,
1003009283,Solberg-Shankle,Heidi,Honolulu,HI,15,Emergency Medicine,Claim-Specialty,Azithromycin,Azithromycin,11,11,54,73.15,11,,11,11,73.15,54,,11
1003009283,Solberg-Shankle,Heidi,Honolulu,HI,15,Emergency Medicine,Claim-Specialty,Cefpodoxime Proxetil,Cefpodoxime Proxetil,42,42,301,1198.31,42,,42,42,1198.31,301,,42
1003009283,Solberg-Shankle,Heidi,Honolulu,HI,15,Emergency Medicine,Claim-Specialty,Ondansetron Odt,Ondansetron,15,15,51,91.88,15,#,,,,,#,
1003009283,Solberg-Shankle,Heidi,Honolulu,HI,15,Emergency Medicine,Claim-Specialty,Oxycodone Hcl,Oxycodone Hcl,21,21,45,128.61,21,#,,,,,#,
1003009358,Kodumuri,Vamsi,Orlando,FL,12,Interventional Cardiology,Claim-Specialty,Amlodipine Besylate,Amlodipine Besylate,148,376.8,11257,705.22,59,,131,343.8,652.51,10276,#,
1003009358,Kodumuri,Vamsi,Orlando,FL,12,Interventional Cardiology,Claim-Specialty,Atorvastatin Calcium,Atorvastatin Calcium,290,739,21963,3381.87,108,,255,675,2937.37,20079,#,
1003009358,Kodumuri,Vamsi,Orlando,FL,12,Interventional Cardiology,Claim-Specialty,Brilinta,Ticagrelor,23,33,980,15062.44,,#,,,,,*,
1003009358,Kodumuri,Vamsi,Orlando,FL,12,Interventional Cardiology,Claim-Specialty,Carvedilol,Carvedilol,90,246.5,7393,1079.87,42,,78,214.5,946.3,6433,#,
1003009358,Kodumuri,Vamsi,Orlando,FL,12,Interventional Cardiology,Claim-Specialty,Chlorthalidone,Chlorthalidone,14,18,540,72.88,,,14,18,72.88,540,*,
1003009358,Kodumuri,Vamsi,Orlando,FL,12,Interventional Cardiology,Claim-Specialty,Cilostazol,Cilostazol,11,23,678,378.6,,,11,23,378.6,678,*,
1003009358,Kodumuri,Vamsi,Orlando,FL,12,Interventional Cardiology,Claim-Specialty,Clopidogrel,Clopidogrel Bisulfate,107,269.1,8044,1570.45,42,,94,230.1,1385.94,6874,#,
1003009358,Kodumuri,Vamsi,Orlando,FL,12,Interventional Cardiology,Claim-Specialty,Eliquis,Apixaban,85,145,4320,85040.15,24,,85,145,85040.15,4320,,24
1003009358,Kodumuri,Vamsi,Orlando,FL,12,Interventional Cardiology,Claim-Specialty,Enalapril Maleate,Enalapril Maleate,11,33,990,184.93,,,11,33,184.93,990,*,
1003009358,Kodumuri,Vamsi,Orlando,FL,12,Interventional Cardiology,Claim-Specialty,Entresto,Sacubitril/Valsartan,19,33,990,25329.6,,#,,,,,*,
1003009358,Kodumuri,Vamsi,Orlando,FL,12,Interventional Cardiology,Claim-Specialty,Ezetimibe,Ezetimibe,28,70,2100,951.18,11,,28,70,951.18,2100,,11
1003009358,Kodumuri,Vamsi,Orlando,FL,12,Interventional Cardiology,Claim-Specialty,Fenofibrate,Fenofibrate Nanocrystallized,14,35,1050,471.34,,#,,,,,*,
1003009358,Kodumuri,Vamsi,Orlando,FL,12,Interventional Cardiology,Claim-Specialty,Furosemide,Furosemide,209,469.3,13850,1182.11,76,,193,421.3,1064.77,12410,#,
1003009358,Kodumuri,Vamsi,Orlando,FL,12,Interventional Cardiology,Claim-Specialty,Hydralazine Hcl,Hydralazine Hcl,18,52,1560,535.19,,*,,,,,*,
1003009358,Kodumuri,Vamsi,Orlando,FL,12,Interventional Cardiology,Claim-Specialty,Hydrochlorothiazide,Hydrochlorothiazide,39,88.2,2616,118.62,20,,39,88.2,118.62,2616,,20
1003009358,Kodumuri,Vamsi,Orlando,FL,12,Interventional Cardiology,Claim-Specialty,Isosorbide Mononitrate Er,Isosorbide Mononitrate,130,294,8812,1707.06,42,#,,,,,#,
1003009358,Kodumuri,Vamsi,Orlando,FL,12,Interventional Cardiology,Claim-Specialty,Jardiance,Empagliflozin,44,66,1934,40170.49,17,#,,,,,#,
1003009358,Kodumuri,Vamsi,Orlando,FL,12,Interventional Cardiology,Claim-Specialty,Lisinopril,Lisinopril,112,306,9142,1068.08,51,#,,,,,#,
1003009358,Kodumuri,Vamsi,Orlando,FL,12,Interventional Cardiology,Claim-Specialty,Losartan Potassium,Losartan Potassium,62,163.3,4900,1025.25,25,,62,163.3,1025.25,4900,,25
1003009358,Kodumuri,Vamsi,Orlando,FL,12,Interventional Cardiology,Claim-Specialty,Metoprolol Succinate,Metoprolol Succinate,338,847.6,25153,5635.12,115,,302,779.6,5056.86,23143,#,
1003009358,Kodumuri,Vamsi,Orlando,FL,12,Interventional Cardiology,Claim-Specialty,Metoprolol Tartrate,Metoprolol Tartrate,71,180.8,5409,712.01,30,#,,,,,#,
1003009358,Kodumuri,Vamsi,Orlando,FL,12,Interventional Cardiology,Claim-Specialty,Nifedipine Er,Nifedipine,25,32.5,904,521.28,,,25,32.5,521.28,904,*,
1003009358,Kodumuri,Vamsi,Orlando,FL,12,Interventional Cardiology,Claim-Specialty,Potassium Chloride,Potassium Chloride,84,164.3,4723,1287.99,27,#,,,,,#,
1003009358,Kodumuri,Vamsi,Orlando,FL,12,Interventional Cardiology,Claim-Specialty,Prasugrel Hcl,Prasugrel Hcl,17,23,685,815.05,,,17,23,815.05,685,*,
1003009358,Kodumuri,Vamsi,Orlando,FL,12,Interventional Cardiology,Claim-Specialty,Pravastatin Sodium,Pravastatin Sodium,17,37,1104,289.79,,#,,,,,*,
1003009358,Kodumuri,Vamsi,Orlando,FL,12,Interventional Cardiology,Claim-Specialty,Ranolazine Er,Ranolazine,14,30,894,1493.72,,#,,,,,*,
1003009358,Kodumuri,Vamsi,Orlando,FL,12,Interventional Cardiology,Claim-Specialty,Rosuvastatin Calcium,Rosuvastatin Calcium,13,37,1110,470.63,,#,,,,,*,
1003009358,Kodumuri,Vamsi,Orlando,FL,12,Interventional Cardiology,Claim-Specialty,Spironolactone,Spironolactone,38,86,2570,488.42,12,#,,,,,*,
1003009358,Kodumuri,Vamsi,Orlando,FL,12,Interventional Cardiology,Claim-Specialty,Torsemide,Torsemide,36,54.2,1574,565.7,12,#,,,,,*,
1003009358,Kodumuri,Vamsi,Orlando,FL,12,Interventional Cardiology,Claim-Specialty,Valsartan,Valsartan,45,127,3810,1394.76,16,,45,127,1394.76,3810,,16
1003009358,Kodumuri,Vamsi,Orlando,FL,12,Interventional Cardiology,Claim-Specialty,Warfarin Sodium,Warfarin Sodium,46,127.7,3782,1239.6,13,#,,,,,#,
1003009358,Kodumuri,Vamsi,Orlando,FL,12,Interventional Cardiology,Claim-Specialty,Xarelto,Rivaroxaban,18,54,1620,31180.87,,,18,54,31180.87,1620,*,
1003009424,Cadan,Alex,Bridgeport,CT,09,Physician Assistant,Claim-Specialty,Alfuzosin Hcl Er,Alfuzosin Hcl,115,280,8375,4828.92,43,#,,,,,#,
1003009424,Cadan,Alex,Bridgeport,CT,09,Physician Assistant,Claim-Specialty,Allopurinol,Allopurinol,11,29,870,214.21,,,11,29,214.21,870,*,
1003009424,Cadan,Alex,Bridgeport,CT,09,Physician Assistant,Claim-Specialty,Cephalexin,Cephalexin,47,61,1190,410.65,33,,47,61,410.65,1190,,33
1003009424,Cadan,Alex,Bridgeport,CT,09,Physician Assistant,Claim-Specialty,Ciprofloxacin Hcl,Ciprofloxacin Hcl,58,58,467,475.8,53,#,,,,,#,
1003009424,Cadan,Alex,Bridgeport,CT,09,Physician Assistant,Claim-Specialty,Dutasteride,Dutasteride,48,126,3780,1999.71,23,,48,126,1999.71,3780,,23
1003009424,Cadan,Alex,Bridgeport,CT,09,Physician Assistant,Claim-Specialty,Elmiron,Pentosan Polysulfate Sodium,15,39,1170,30379.64,,*,,,,,*,
1003009424,Cadan,Alex,Bridgeport,CT,09,Physician Assistant,Claim-Specialty,Estradiol,Estradiol,17,28.3,842,1820.21,11,,17,28.3,1820.21,842,,11
1003009424,Cadan,Alex,Bridgeport,CT,09,Physician Assistant,Claim-Specialty,Fesoterodine Fumarate Er,Fesoterodine Fumarate,12,32,960,996.54,,,12,32,996.54,960,*,
1003009424,Cadan,Alex,Bridgeport,CT,09,Physician Assistant,Claim-Specialty,Finasteride,Finasteride,162,451,13530,2449.85,71,#,,,,,#,
1003009424,Cadan,Alex,Bridgeport,CT,09,Physician Assistant,Claim-Specialty,Gemtesa,Vibegron,68,156.5,4682,80720.78,34,#,,,,,#,
1003009424,Cadan,Alex,Bridgeport,CT,09,Physician Assistant,Claim-Specialty,Levofloxacin,Levofloxacin,22,22,165,274.9,19,#,,,,,#,
1003009424,Cadan,Alex,Bridgeport,CT,09,Physician Assistant,Claim-Specialty,Myrbetriq,Mirabegron,64,166,4980,78150.55,36,,53,141,66314.11,4230,#,
1003009424,Cadan,Alex,Bridgeport,CT,09,Physician Assistant,Claim-Specialty,Nitrofurantoin,Nitrofurantoin Macrocrystal,58,103.6,3064,2273.2,17,,58,103.6,2273.2,3064,,17
1003009424,Cadan,Alex,Bridgeport,CT,09,Physician Assistant,Claim-Specialty,Nitrofurantoin Mono-Macro,Nitrofurantoin Monohyd/M-Cryst,45,45,330,861.17,36,#,,,,,#,
1003009424,Cadan,Alex,Bridgeport,CT,09,Physician Assistant,Claim-Specialty,Oxybutynin Chloride Er,Oxybutynin Chloride,62,136.5,4072,2533.38,28,,51,125.5,2120.83,3742,#,
1003009424,Cadan,Alex,Bridgeport,CT,09,Physician Assistant,Claim-Specialty,Oxycodone-Acetaminophen,Oxycodone Hcl/Acetaminophen,12,12,36,56.57,11,*,,,,,*,
1003009424,Cadan,Alex,Bridgeport,CT,09,Physician Assistant,Claim-Specialty,Silodosin,Silodosin,21,59,1770,7282.88,,,21,59,7282.88,1770,*,
1003009424,Cadan,Alex,Bridgeport,CT,09,Physician Assistant,Claim-Specialty,Solifenacin Succinate,Solifenacin Succinate,40,87.9,2596,4310.16,16,,29,66.9,3866.88,1978,#,
1003009424,Cadan,Alex,Bridgeport,CT,09,Physician Assistant,Claim-Specialty,Sulfamethoxazole-Trimethoprim,Sulfamethoxazole/Trimethoprim,23,29,458,119.99,18,#,,,,,#,
1003009424,Cadan,Alex,Bridgeport,CT,09,Physician Assistant,Claim-Specialty,Tamsulosin Hcl,Tamsulosin Hcl,412,1098.2,32753,9485.97,183,,384,1042.7,8862.25,31098,,171
1003009424,Cadan,Alex,Bridgeport,CT,09,Physician Assistant,Claim-Specialty,Testosterone,Testosterone,14,15.3,460,1927.46,,#,,,,,*,
1003009424,Cadan,Alex,Bridgeport,CT,09,Physician Assistant,Claim-Specialty,Testosterone Cypionate,Testosterone Cypionate,12,25.1,747,517.73,,*,,,,,*,
1003009424,Cadan,Alex,Bridgeport,CT,09,Physician Assistant,Claim-Specialty,Tolterodine Tartrate Er,Tolterodine Tartrate,14,34,1020,3579.94,,*,,,,,*,
1003009440,Vontela,Rekha,Antioch,CA,06,Dentist,NPPES-Specialty,Amoxicillin,Amoxicillin,24,24,150,114.25,19,#,,,,,#,
1003009580,Idicula,Mimi,Irving,TX,48,Nurse Practitioner,Claim-Specialty,Calcipotriene,Calcipotriene,44,44,1320,24349.16,,,15,15,7885.86,450,*,
1003009580,Idicula,Mimi,Irving,TX,48,Nurse Practitioner,Claim-Specialty,Piroxicam,Piroxicam,41,41,1230,25956.92,,,12,12,7600.7,360,*,
1003009630,Singletary,Robert,Auburn,NY,36,Emergency Medicine,Claim-Specialty,Albuterol Sulfate Hfa,Albuterol Sulfate,13,13,273,356.01,13,*,,,,,*,
1003009630,Singletary,Robert,Auburn,NY,36,Emergency Medicine,Claim-Specialty,Azithromycin,Azithromycin,12,12,50,38.89,12,*,,,,,*,
1003009630,Singletary,Robert,Auburn,NY,36,Emergency Medicine,Claim-Specialty,Cephalexin,Cephalexin,32,32,233,227.68,32,#,,,,,#,
1003009630,Singletary,Robert,Auburn,NY,36,Emergency Medicine,Claim-Specialty,Doxycycline Hyclate,Doxycycline Hyclate,24,24,243,292.74,24,#,,,,,#,
1003009630,Singletary,Robert,Auburn,NY,36,Emergency Medicine,Claim-Specialty,Hydrocodone-Acetaminophen,Hydrocodone/Acetaminophen,31,31,94,167.04,31,#,,,,,#,
1003009630,Singletary,Robert,Auburn,NY,36,Emergency Medicine,Claim-Specialty,Ibuprofen,Ibuprofen,18,18,83,40.59,18,*,,,,,*,
1003009630,Singletary,Robert,Auburn,NY,36,Emergency Medicine,Claim-Specialty,Ondansetron Odt,Ondansetron,13,13,69,79,13,#,,,,,#,
1003009630,Singletary,Robert,Auburn,NY,36,Emergency Medicine,Claim-Specialty,Prednisone,Prednisone,31,31,155,67.53,31,,16,16,36.26,85,,16
1003009804,Volk,Jill,Wakefield,RI,44,Emergency Medicine,Claim-Specialty,Amoxicillin-Clavulanate Potass,Amoxicillin/Potassium Clav,14,14,131,118.14,14,#,,,,,#,
1003009804,Volk,Jill,Wakefield,RI,44,Emergency Medicine,Claim-Specialty,Cefdinir,Cefdinir,21,21,200,391.47,21,#,,,,,#,
1003009804,Volk,Jill,Wakefield,RI,44,Emergency Medicine,Claim-Specialty,Ondansetron Odt,Ondansetron,12,12,87,100.51,12,*,,,,,*,
1003009804,Volk,Jill,Wakefield,RI,44,Emergency Medicine,Claim-Specialty,Oxycodone-Acetaminophen,Oxycodone Hcl/Acetaminophen,14,14,46,37.97,14,#,,,,,#,
1003009853,Dunn,Grace,Bell,FL,12,Family Practice,Claim-Specialty,Acyclovir,Acyclovir,29,49,1074,414.38,,,16,36,375.38,1009,*,
1003009853,Dunn,Grace,Bell,FL,12,Family Practice,Claim-Specialty,Advair Diskus,Fluticasone Propion/Salmeterol,26,54,1620,22490.09,12,#,,,,,#,
1003009853,Dunn,Grace,Bell,FL,12,Family Practice,Claim-Specialty,Albuterol Sulfate Hfa,Albuterol Sulfate,231,275,5877,5963.73,80,,166,207.8,4600.06,4633,,64
1003009853,Dunn,Grace,Bell,FL,12,Family Practice,Claim-Specialty,Alendronate Sodium,Alendronate Sodium,24,56.8,1692,335.92,,,24,56.8,335.92,1692,*,
1003009853,Dunn,Grace,Bell,FL,12,Family Practice,Claim-Specialty,Allopurinol,Allopurinol,51,135.7,4070,759.93,14,#,,,,,#,
1003009853,Dunn,Grace,Bell,FL,12,Family Practice,Claim-Specialty,Alprazolam,Alprazolam,194,194,5335,1021.16,41,,121,121,430.82,3300,,30
1003009853,Dunn,Grace,Bell,FL,12,Family Practice,Claim-Specialty,Amitriptyline Hcl,Amitriptyline Hcl,27,45,1350,688.69,,#,,,,,*,
1003009853,Dunn,Grace,Bell,FL,12,Family Practice,Claim-Specialty,Amlodipine Besylate,Amlodipine Besylate,316,911,27334,2338.53,117,,276,796.3,2010.46,23890,,103
1003009853,Dunn,Grace,Bell,FL,12,Family Practice,Claim-Specialty,Amoxicillin,Amoxicillin,30,30,245,143.08,22,#,,,,,#,
1003009853,Dunn,Grace,Bell,FL,12,Family Practice,Claim-Specialty,Amoxicillin-Clavulanate Potass,Amoxicillin/Potassium Clav,34,34,328,423.73,29,#,,,,,#,
1003009853,Dunn,Grace,Bell,FL,12,Family Practice,Claim-Specialty,Anoro Ellipta,Umeclidinium Brm/Vilanterol Tr,19,19,570,8961.61,,*,,,,,*,
1003009853,Dunn,Grace,Bell,FL,12,Family Practice,Claim-Specialty,Aripiprazole,Aripiprazole,33,64,1918,2677.49,,,17,32,1235.38,960,*,
1003009853,Dunn,Grace,Bell,FL,12,Family Practice,Claim-Specialty,Atenolol,Atenolol,24,72,2160,228.92,,,24,72,228.92,2160,*,
1003009853,Dunn,Grace,Bell,FL,12,Family Practice,Claim-Specialty,Atorvastatin Calcium,Atorvastatin Calcium,429,1188.8,35670,5949.45,139,,374,1028.9,5017.96,30870,,120
1003009853,Dunn,Grace,Bell,FL,12,Family Practice,Claim-Specialty,Atrovent Hfa,Ipratropium Bromide,19,30.5,883,15339.5,,*,,,,,*,
1003009853,Dunn,Grace,Bell,FL,12,Family Practice,Claim-Specialty,Azelastine Hcl,Azelastine Hcl,13,15.2,455,289.15,,#,,,,,*,
1003009853,Dunn,Grace,Bell,FL,12,Family Practice,Claim-Specialty,Azithromycin,Azithromycin,35,35,175,225.37,27,#,,,,,#,
1003009853,Dunn,Grace,Bell,FL,12,Family Practice,Claim-Specialty,Baclofen,Baclofen,127,153,3960,2997.66,42,,91,113,1339.39,2790,,31
1003009853,Dunn,Grace,Bell,FL,12,Family Practice,Claim-Specialty,Benazepril Hcl,Benazepril Hcl,23,71.6,2150,446.89,,,23,71.6,446.89,2150,*,
1003009853,Dunn,Grace,Bell,FL,12,Family Practice,Claim-Specialty,Betamethasone Valerate,Betamethasone Valerate,11,12,285,381.66,,,0,0,0,0,#,
1003009853,Dunn,Grace,Bell,FL,12,Family Practice,Claim-Specialty,Breo Ellipta,Fluticasone/Vilanterol,11,19,570,7069.85,,*,,,,,*,
1003009853,Dunn,Grace,Bell,FL,12,Family Practice,Claim-Specialty,Bupropion Xl,Bupropion Hcl,22,52,1560,524.15,,#,,,,,*,
1003009853,Dunn,Grace,Bell,FL,12,Family Practice,Claim-Specialty,Buspirone Hcl,Buspirone Hcl,106,246.1,7384,3210,36,,72,152.1,1495.72,4564,,23
1003009853,Dunn,Grace,Bell,FL,12,Family Practice,Claim-Specialty,Carvedilol,Carvedilol,127,368,11040,1748.84,44,,116,334.3,1563.23,10030,#,
1003009853,Dunn,Grace,Bell,FL,12,Family Practice,Claim-Specialty,Cefdinir,Cefdinir,41,41,410,1204.43,38,#,,,,,#,
1003009853,Dunn,Grace,Bell,FL,12,Family Practice,Claim-Specialty,Celecoxib,Celecoxib,45,102,3060,1393.89,12,#,,,,,*,
1003009853,Dunn,Grace,Bell,FL,12,Family Practice,Claim-Specialty,Cephalexin,Cephalexin,77,83,989,736.22,60,,65,65,508.85,629,#,
1003009853,Dunn,Grace,Bell,FL,12,Family Practice,Claim-Specialty,Chlorthalidone,Chlorthalidone,15,41,1230,302.89,,,15,41,302.89,1230,*,
1003009853,Dunn,Grace,Bell,FL,12,Family Practice,Claim-Specialty,Ciprofloxacin Hcl,Ciprofloxacin Hcl,39,39,399,439.7,24,#,,,,,#,
1003009853,Dunn,Grace,Bell,FL,12,Family Practice,Claim-Specialty,Citalopram Hbr,Citalopram Hydrobromide,34,98.3,2950,281.15,11,#,,,,,*,
1003009853,Dunn,Grace,Bell,FL,12,Family Practice,Claim-Specialty,Clindamycin Hcl,Clindamycin Hcl,12,12,114,138.77,,#,,,,,*,
1003009853,Dunn,Grace,Bell,FL,12,Family Practice,Claim-Specialty,Clonazepam,Clonazepam,29,29,845,152.04,11,#,,,,,*,
1003009853,Dunn,Grace,Bell,FL,12,Family Practice,Claim-Specialty,Clonidine Hcl,Clonidine Hcl,37,49.7,1230,367.92,,#,,,,,*,
1003009853,Dunn,Grace,Bell,FL,12,Family Practice,Claim-Specialty,Clopidogrel,Clopidogrel Bisulfate,97,263.7,7910,1647.14,32,,85,229.7,1368.88,6890,#,
1003009853,Dunn,Grace,Bell,FL,12,Family Practice,Claim-Specialty,Clotrimazole,Clotrimazole,11,12,307,163.72,,*,,,,,*,
1003009853,Dunn,Grace,Bell,FL,12,Family Practice,Claim-Specialty,Cyclobenzaprine Hcl,Cyclobenzaprine Hcl,81,121,3491,1058.59,24,,52,83,787.2,2476,,13
1003009853,Dunn,Grace,Bell,FL,12,Family Practice,Claim-Specialty,Dexilant,Dexlansoprazole,11,21,630,5936.48,,*,,,,,*,
1003009853,Dunn,Grace,Bell,FL,12,Family Practice,Claim-Specialty,Dextroamphetamine Sulfate Er,Dextroamphetamine Sulfate,11,11,330,789.36,,,11,11,789.36,330,*,
1003009853,Dunn,Grace,Bell,FL,12,Family Practice,Claim-Specialty,Dextroamphetamine-Amphetamine,Dextroamphetamine/Amphetamine,22,22,660,800.95,,*,,,,,*,
1003009853,Dunn,Grace,Bell,FL,12,Family Practice,Claim-Specialty,Diazepam,Diazepam,14,15,410,115.16,,*,,,,,*,
1003009853,Dunn,Grace,Bell,FL,12,Family Practice,Claim-Specialty,Diclofenac Sodium,Diclofenac Sodium,33,47,1122,1039.99,13,,16,28,306.21,750,*,
1003009853,Dunn,Grace,Bell,FL,12,Family Practice,Claim-Specialty,Dicyclomine Hcl,Dicyclomine Hcl,15,27.5,734,203.27,,#,,,,,*,
1003009853,Dunn,Grace,Bell,FL,12,Family Practice,Claim-Specialty,Diltiazem 24hr Er (Cd),Diltiazem Hcl,13,27,770,721.57,,,13,27,721.57,770,*,
1003009853,Dunn,Grace,Bell,FL,12,Family Practice,Claim-Specialty,Donepezil Hcl,Donepezil Hcl,13,39,1170,128.99,,,13,39,128.99,1170,*,
1003009853,Dunn,Grace,Bell,FL,12,Family Practice,Claim-Specialty,Doxazosin Mesylate,Doxazosin Mesylate,22,62,1860,415.68,,,22,62,415.68,1860,*,
1003009853,Dunn,Grace,Bell,FL,12,Family Practice,Claim-Specialty,Doxycycline Hyclate,Doxycycline Hyclate,176,176,1838,2767.42,133,,148,148,2166.07,1501,,111
1003009853,Dunn,Grace,Bell,FL,12,Family Practice,Claim-Specialty,Duloxetine Hcl,Duloxetine Hcl,141,321,9628,3803.73,41,,101,245,2853.89,7350,#,
1003009853,Dunn,Grace,Bell,FL,12,Family Practice,Claim-Specialty,Eliquis,Apixaban,80,145.3,4309,75635.11,22,#,,,,,#,
1003009853,Dunn,Grace,Bell,FL,12,Family Practice,Claim-Specialty,Enalapril Maleate,Enalapril Maleate,49,113,3390,1200.77,14,,49,113,1200.77,3390,,14
1003009853,Dunn,Grace,Bell,FL,12,Family Practice,Claim-Specialty,Entresto,Sacubitril/Valsartan,28,44,1290,23874.29,,,28,44,23874.29,1290,*,
1003009853,Dunn,Grace,Bell,FL,12,Family Practice,Claim-Specialty,Escitalopram Oxalate,Escitalopram Oxalate,55,129,3869,954.92,17,,33,89,554.02,2669,#,
1003009853,Dunn,Grace,Bell,FL,12,Family Practice,Claim-Specialty,Esomeprazole Magnesium,Esomeprazole Magnesium,38,78,2340,1530.19,,#,,,,,*,
1003009853,Dunn,Grace,Bell,FL,12,Family Practice,Claim-Specialty,Estradiol,Estradiol,27,58,1745,451.42,,#,,,,,*,
1003009853,Dunn,Grace,Bell,FL,12,Family Practice,Claim-Specialty,Ezetimibe,Ezetimibe,14,36,1080,436.15,,*,,,,,*,
1003009853,Dunn,Grace,Bell,FL,12,Family Practice,Claim-Specialty,Famotidine,Famotidine,118,231,6930,1902.17,31,,82,183,1245.77,5490,#,
1003009853,Dunn,Grace,Bell,FL,12,Family Practice,Claim-Specialty,Farxiga,Dapagliflozin Propanediol,11,21,630,10150.8,,*,,,,,*,
1003009853,Dunn,Grace,Bell,FL,12,Family Practice,Claim-Specialty,Fenofibrate,Fenofibrate Nanocrystallized,41,99,2970,2052.61,11,,30,66,1382.86,1980,*,
1003009853,Dunn,Grace,Bell,FL,12,Family Practice,Claim-Specialty,Finasteride,Finasteride,17,51,1530,317.62,,,17,51,317.62,1530,*,
1003009853,Dunn,Grace,Bell,FL,12,Family Practice,Claim-Specialty,Flecainide Acetate,Flecainide Acetate,11,22.7,680,819.76,,*,,,,,*,
1003009853,Dunn,Grace,Bell,FL,12,Family Practice,Claim-Specialty,Fluconazole,Fluconazole,34,34,123,228.94,23,,21,21,129.92,79,#,
1003009853,Dunn,Grace,Bell,FL,12,Family Practice,Claim-Specialty,Fludrocortisone Acetate,Fludrocortisone Acetate,11,11,330,407.38,,,0,0,0,0,#,
1003009853,Dunn,Grace,Bell,FL,12,Family Practice,Claim-Specialty,Fluoxetine Hcl,Fluoxetine Hcl,70,208,6224,1100.71,25,,42,125,573.82,3734,#,
1003009853,Dunn,Grace,Bell,FL,12,Family Practice,Claim-Specialty,Fluticasone Propionate,Fluticasone Propionate,141,204.3,6130,2095.41,63,,129,188.3,1960.85,5650,#,
1003009853,Dunn,Grace,Bell,FL,12,Family Practice,Claim-Specialty,Fluticasone-Salmeterol,Fluticasone Propion/Salmeterol,21,53,1590,10004.12,,,21,53,10004.12,1590,*,
1003009853,Dunn,Grace,Bell,FL,12,Family Practice,Claim-Specialty,Folic Acid,Folic Acid,14,36.7,1100,75.59,,*,,,,,*,
1003009853,Dunn,Grace,Bell,FL,12,Family Practice,Claim-Specialty,Furosemide,Furosemide,96,231,6900,692.23,33,,84,196.3,582.5,5860,#,
1003009853,Dunn,Grace,Bell,FL,12,Family Practice,Claim-Specialty,Gabapentin,Gabapentin,311,577,17246,5883.65,89,,249,480,4319.29,14336,,75
1003009853,Dunn,Grace,Bell,FL,12,Family Practice,Claim-Specialty,Glimepiride,Glimepiride,18,54,1620,204.32,,#,,,,,*,
1003009853,Dunn,Grace,Bell,FL,12,Family Practice,Claim-Specialty,Glipizide,Glipizide,99,250.5,7515,1573.61,32,,83,202.5,1087.67,6075,#,
1003009853,Dunn,Grace,Bell,FL,12,Family Practice,Claim-Specialty,Humulin 70-30,Insulin Nph Hum/Reg Insulin Hm,11,20.2,605,5886.46,,*,,,,,*,
1003009853,Dunn,Grace,Bell,FL,12,Family Practice,Claim-Specialty,Hydralazine Hcl,Hydralazine Hcl,20,54.7,1620,786.1,,#,,,,,*,
1003009853,Dunn,Grace,Bell,FL,12,Family Practice,Claim-Specialty,Hydrochlorothiazide,Hydrochlorothiazide,164,454,13607,1068.51,60,,148,408,913.49,12227,#,
1003009853,Dunn,Grace,Bell,FL,12,Family Practice,Claim-Specialty,Hydrocodone-Acetaminophen,Hydrocodone/Acetaminophen,333,333,9273,11801.77,55,,272,272,9438.87,7642,,39
1003009853,Dunn,Grace,Bell,FL,12,Family Practice,Claim-Specialty,Hydroxyzine Hcl,Hydroxyzine Hcl,44,46.5,1295,768.05,,*,,,,,*,
1003009853,Dunn,Grace,Bell,FL,12,Family Practice,Claim-Specialty,Ibuprofen,Ibuprofen,15,19,341,109.25,,*,,,,,*,
1003009853,Dunn,Grace,Bell,FL,12,Family Practice,Claim-Specialty,Isosorbide Mononitrate Er,Isosorbide Mononitrate,25,69,2070,884.54,11,#,,,,,*,
1003009853,Dunn,Grace,Bell,FL,12,Family Practice,Claim-Specialty,Januvia,Sitagliptin Phosphate,46,106,3180,59033.65,12,,35,87,48457.27,2610,*,
1003009853,Dunn,Grace,Bell,FL,12,Family Practice,Claim-Specialty,Jardiance,Empagliflozin,37,105,3150,61634.12,14,#,,,,,*,
1003009853,Dunn,Grace,Bell,FL,12,Family Practice,Claim-Specialty,Ketoconazole,Ketoconazole,26,26,592,1011.43,,*,,,,,*,
1003009853,Dunn,Grace,Bell,FL,12,Family Practice,Claim-Specialty,Lamotrigine,Lamotrigine,18,38,1125,300.33,,*,,,,,*,
1003009853,Dunn,Grace,Bell,FL,12,Family Practice,Claim-Specialty,Lantus Solostar,"Insulin Glargine,hum.Rec.Anlog",39,91.6,2735,42218.31,14,#,,,,,#,
1003009853,Dunn,Grace,Bell,FL,12,Family Practice,Claim-Specialty,Levemir Flexpen,Insulin Detemir,15,32.2,942,32438.04,,#,,,,,*,
1003009853,Dunn,Grace,Bell,FL,12,Family Practice,Claim-Specialty,Levetiracetam,Levetiracetam,13,25,750,264.41,,*,,,,,*,
1003009853,Dunn,Grace,Bell,FL,12,Family Practice,Claim-Specialty,Levocetirizine Dihydrochloride,Levocetirizine Dihydrochloride,19,33,990,230.13,,#,,,,,*,
1003009853,Dunn,Grace,Bell,FL,12,Family Practice,Claim-Specialty,Levofloxacin,Levofloxacin,25,25,215,188.38,17,#,,,,,#,
1003009853,Dunn,Grace,Bell,FL,12,Family Practice,Claim-Specialty,Levothyroxine Sodium,Levothyroxine Sodium,307,809.4,24282,6225.8,82,,277,726.7,5358.92,21802,#,
1003009853,Dunn,Grace,Bell,FL,12,Family Practice,Claim-Specialty,Lidocaine,Lidocaine,21,21,615,2271.83,,#,,,,,*,
1003009853,Dunn,Grace,Bell,FL,12,Family Practice,Claim-Specialty,Linzess,Linaclotide,15,15,450,8071.47,,#,,,,,*,
1003009853,Dunn,Grace,Bell,FL,12,Family Practice,Claim-Specialty,Lisinopril,Lisinopril,230,603.1,18079,2556.55,77,,209,541.5,2337.79,16229,,66
1003009853,Dunn,Grace,Bell,FL,12,Family Practice,Claim-Specialty,Lisinopril-Hydrochlorothiazide,Lisinopril/Hydrochlorothiazide,36,84.3,2530,559.72,,#,,,,,*,
1003009853,Dunn,Grace,Bell,FL,12,Family Practice,Claim-Specialty,Lorazepam,Lorazepam,39,39,1045,249.9,12,#,,,,,*,
1003009853,Dunn,Grace,Bell,FL,12,Family Practice,Claim-Specialty,Losartan Potassium,Losartan Potassium,233,648.3,19450,4333.34,74,,190,524.6,3102.79,15740,,60
1003009853,Dunn,Grace,Bell,FL,12,Family Practice,Claim-Specialty,Lovastatin,Lovastatin,85,209,6270,1789.83,22,,67,179,1467.85,5370,#,
1003009853,Dunn,Grace,Bell,FL,12,Family Practice,Claim-Specialty,Meclizine Hcl,Meclizine Hcl,20,22.5,465,190.61,12,#,,,,,*,
1003009853,Dunn,Grace,Bell,FL,12,Family Practice,Claim-Specialty,Meloxicam,Meloxicam,67,132.3,3947,374.3,20,,50,108.3,281.8,3227,#,
1003009853,Dunn,Grace,Bell,FL,12,Family Practice,Claim-Specialty,Metformin Hcl,Metformin Hcl,162,469.5,14085,2021.52,57,,128,372.3,1383.64,11170,,45
1003009853,Dunn,Grace,Bell,FL,12,Family Practice,Claim-Specialty,Metformin Hcl Er,Metformin Hcl,20,60,1800,350.79,11,#,,,,,*,
1003009853,Dunn,Grace,Bell,FL,12,Family Practice,Claim-Specialty,Methadone Hcl,Methadone Hcl,12,12,330,260.01,,,12,12,260.01,330,*,
1003009853,Dunn,Grace,Bell,FL,12,Family Practice,Claim-Specialty,Methocarbamol,Methocarbamol,53,61,1711,1459.45,16,,25,29,601.98,766,*,
1003009853,Dunn,Grace,Bell,FL,12,Family Practice,Claim-Specialty,Metoprolol Succinate,Metoprolol Succinate,151,405,12150,2774.68,47,,139,373,2409.77,11190,#,
1003009853,Dunn,Grace,Bell,FL,12,Family Practice,Claim-Specialty,Metoprolol Tartrate,Metoprolol Tartrate,112,331.9,9937,1229.89,42,,99,292.9,1033.3,8767,#,
1003009853,Dunn,Grace,Bell,FL,12,Family Practice,Claim-Specialty,Mirtazapine,Mirtazapine,32,62,1860,1076.35,,#,,,,,*,
1003009853,Dunn,Grace,Bell,FL,12,Family Practice,Claim-Specialty,Montelukast Sodium,Montelukast Sodium,152,345.3,10345,2105.99,46,,122,284.3,1703.74,8530,#,
1003009853,Dunn,Grace,Bell,FL,12,Family Practice,Claim-Specialty,Mounjaro,Tirzepatide,12,13.8,392,11048.2,,*,,,,,*,
1003009853,Dunn,Grace,Bell,FL,12,Family Practice,Claim-Specialty,Mupirocin,Mupirocin,45,45,870,536.57,39,#,,,,,#,
1003009853,Dunn,Grace,Bell,FL,12,Family Practice,Claim-Specialty,Myrbetriq,Mirabegron,21,37,1110,17007.54,,,21,37,17007.54,1110,*,
1003009853,Dunn,Grace,Bell,FL,12,Family Practice,Claim-Specialty,Nifedipine Er,Nifedipine,20,60,1800,483.43,,,20,60,483.43,1800,*,
1003009853,Dunn,Grace,Bell,FL,12,Family Practice,Claim-Specialty,Nitroglycerin,Nitroglycerin,19,19,359,293.02,13,,19,19,293.02,359,,13
1003009853,Dunn,Grace,Bell,FL,12,Family Practice,Claim-Specialty,Novolog Flexpen,Insulin Aspart,12,16.6,467,7316.72,,,12,16.6,7316.72,467,*,
1003009853,Dunn,Grace,Bell,FL,12,Family Practice,Claim-Specialty,Nystatin,Nystatin,58,68.9,1448,1520.74,36,,38,46,791.57,888,#,
1003009853,Dunn,Grace,Bell,FL,12,Family Practice,Claim-Specialty,Omeprazole,Omeprazole,306,703.6,21087,5677.72,91,,211,520.3,3536.55,15587,,65
1003009853,Dunn,Grace,Bell,FL,12,Family Practice,Claim-Specialty,Ondansetron Hcl,Ondansetron Hcl,24,24,217,398.89,,#,,,,,*,
1003009853,Dunn,Grace,Bell,FL,12,Family Practice,Claim-Specialty,Ondansetron Odt,Ondansetron,31,33,454,1311.73,11,*,,,,,*,
1003009853,Dunn,Grace,Bell,FL,12,Family Practice,Claim-Specialty,Oxybutynin Chloride Er,Oxybutynin Chloride,15,43.3,1300,461.8,,#,,,,,*,
1003009853,Dunn,Grace,Bell,FL,12,Family Practice,Claim-Specialty,Oxycodone Hcl,Oxycodone Hcl,31,31,701,364.77,,#,,,,,*,
1003009853,Dunn,Grace,Bell,FL,12,Family Practice,Claim-Specialty,Oxycodone-Acetaminophen,Oxycodone Hcl/Acetaminophen,54,54,1275,1143.66,,,38,38,801.78,884,*,
1003009853,Dunn,Grace,Bell,FL,12,Family Practice,Claim-Specialty,Ozempic,Semaglutide,76,98.4,2854,82241.56,19,,37,54.8,47615.17,1598,#,
1003009853,Dunn,Grace,Bell,FL,12,Family Practice,Claim-Specialty,Pantoprazole Sodium,Pantoprazole Sodium,259,562.3,16870,3829.02,72,,219,506.3,3321.94,15190,#,
1003009853,Dunn,Grace,Bell,FL,12,Family Practice,Claim-Specialty,Paroxetine Hcl,Paroxetine Hcl,33,95,2850,681.98,11,#,,,,,*,
1003009853,Dunn,Grace,Bell,FL,12,Family Practice,Claim-Specialty,Potassium Chloride,Potassium Chloride,94,240.3,7180,3029.63,29,,83,208.7,2531.78,6230,#,
1003009853,Dunn,Grace,Bell,FL,12,Family Practice,Claim-Specialty,Pramipexole Dihydrochloride,Pramipexole Di-Hcl,11,33.7,1010,674.95,,*,,,,,*,
1003009853,Dunn,Grace,Bell,FL,12,Family Practice,Claim-Specialty,Pravastatin Sodium,Pravastatin Sodium,37,105.3,3160,624.42,13,#,,,,,#,
1003009853,Dunn,Grace,Bell,FL,12,Family Practice,Claim-Specialty,Prednisone,Prednisone,73,75,652,273.42,43,,56,58,223.83,520,#,
1003009853,Dunn,Grace,Bell,FL,12,Family Practice,Claim-Specialty,Pregabalin,Pregabalin,58,58.1,1720,882.29,11,,46,46.1,783.18,1360,*,
1003009853,Dunn,Grace,Bell,FL,12,Family Practice,Claim-Specialty,Promethazine Hcl,Promethazine Hcl,26,27,432,305.32,12,#,,,,,*,
1003009853,Dunn,Grace,Bell,FL,12,Family Practice,Claim-Specialty,Quetiapine Fumarate,Quetiapine Fumarate,16,22,660,415.08,,*,,,,,*,
1003009853,Dunn,Grace,Bell,FL,12,Family Practice,Claim-Specialty,Ranolazine Er,Ranolazine,19,53,1590,3249.85,,#,,,,,*,
1003009853,Dunn,Grace,Bell,FL,12,Family Practice,Claim-Specialty,Ropinirole Hcl,Ropinirole Hcl,56,143,4290,1084.21,16,#,,,,,#,
1003009853,Dunn,Grace,Bell,FL,12,Family Practice,Claim-Specialty,Rosuvastatin Calcium,Rosuvastatin Calcium,82,204.6,6140,1015.2,27,#,,,,,#,
1003009853,Dunn,Grace,Bell,FL,12,Family Practice,Claim-Specialty,Sertraline Hcl,Sertraline Hcl,122,315,9450,1550.76,44,#,,,,,#,
1003009853,Dunn,Grace,Bell,FL,12,Family Practice,Claim-Specialty,Shingrix,Varicella-Zoster Ge/As01b/Pf,45,45,45,7602.7,35,,33,33,5556.59,33,#,
1003009853,Dunn,Grace,Bell,FL,12,Family Practice,Claim-Specialty,Simvastatin,Simvastatin,112,340.9,10230,1618.28,35,#,,,,,#,
1003009853,Dunn,Grace,Bell,FL,12,Family Practice,Claim-Specialty,Solifenacin Succinate,Solifenacin Succinate,28,72,2160,1783,13,#,,,,,#,
1003009853,Dunn,Grace,Bell,FL,12,Family Practice,Claim-Specialty,Spiriva Handihaler,Tiotropium Bromide,24,60,1800,30672.98,,,24,60,30672.98,1800,*,
1003009853,Dunn,Grace,Bell,FL,12,Family Practice,Claim-Specialty,Spironolactone,Spironolactone,54,107,3210,1253.05,13,,42,77,977.37,2310,*,
1003009853,Dunn,Grace,Bell,FL,12,Family Practice,Claim-Specialty,Sumatriptan Succinate,Sumatriptan Succinate,29,29,752,446.72,,,14,14,169.73,302,*,
1003009853,Dunn,Grace,Bell,FL,12,Family Practice,Claim-Specialty,Symbicort,Budesonide/Formoterol Fumarate,45,67,2010,23775.35,16,#,,,,,#,
1003009853,Dunn,Grace,Bell,FL,12,Family Practice,Claim-Specialty,Synthroid,Levothyroxine Sodium,43,97,2910,3086.96,,,31,61,2019.4,1830,*,
1003009853,Dunn,Grace,Bell,FL,12,Family Practice,Claim-Specialty,Tamsulosin Hcl,Tamsulosin Hcl,101,237.3,7120,2543.87,32,,79,193.3,2165.92,5800,#,
1003009853,Dunn,Grace,Bell,FL,12,Family Practice,Claim-Specialty,Techlite Pen Needle,"Pen Needle, Diabetic",12,36.7,1100,514.19,,*,,,,,*,
1003009853,Dunn,Grace,Bell,FL,12,Family Practice,Claim-Specialty,Telmisartan,Telmisartan,18,45.3,1360,1006.04,,,18,45.3,1006.04,1360,*,
1003009853,Dunn,Grace,Bell,FL,12,Family Practice,Claim-Specialty,Terazosin Hcl,Terazosin Hcl,19,58,1740,1076.45,,#,,,,,*,
1003009853,Dunn,Grace,Bell,FL,12,Family Practice,Claim-Specialty,Tizanidine Hcl,Tizanidine Hcl,55,85,2528,1066.77,17,,30,58,435.24,1725,*,
1003009853,Dunn,Grace,Bell,FL,12,Family Practice,Claim-Specialty,Topiramate,Topiramate,16,41.7,1250,332.3,,*,,,,,*,
1003009853,Dunn,Grace,Bell,FL,12,Family Practice,Claim-Specialty,Torsemide,Torsemide,17,17,510,369.29,,,17,17,369.29,510,*,
1003009853,Dunn,Grace,Bell,FL,12,Family Practice,Claim-Specialty,Tramadol Hcl,Tramadol Hcl,120,120,2942,972.38,38,,103,103,810.41,2533,#,
1003009853,Dunn,Grace,Bell,FL,12,Family Practice,Claim-Specialty,Trazodone Hcl,Trazodone Hcl,171,375,11250,2362.27,58,,135,294.3,1845.47,8830,,44
1003009853,Dunn,Grace,Bell,FL,12,Family Practice,Claim-Specialty,Trelegy Ellipta,Fluticasone/Umeclidin/Vilanter,21,43,1290,27125.67,,#,,,,,*,
1003009853,Dunn,Grace,Bell,FL,12,Family Practice,Claim-Specialty,Triamcinolone Acetonide,Triamcinolone Acetonide,36,41.3,946,137.22,21,#,,,,,#,
1003009853,Dunn,Grace,Bell,FL,12,Family Practice,Claim-Specialty,Triamterene-Hydrochlorothiazid,Triamterene/Hydrochlorothiazid,19,57,1710,374.31,,,19,57,374.31,1710,*,
1003009853,Dunn,Grace,Bell,FL,12,Family Practice,Claim-Specialty,Valsartan,Valsartan,23,62.7,1880,872.94,,#,,,,,*,
1003009853,Dunn,Grace,Bell,FL,12,Family Practice,Claim-Specialty,Valsartan-Hydrochlorothiazide,Valsartan/Hydrochlorothiazide,15,45,1350,546.86,,#,,,,,*,
1003009853,Dunn,Grace,Bell,FL,12,Family Practice,Claim-Specialty,Venlafaxine Hcl Er,Venlafaxine Hcl,60,156,4662,2235,15,,46,120,1701.59,3582,#,
1003009853,Dunn,Grace,Bell,FL,12,Family Practice,Claim-Specialty,Ventolin Hfa,Albuterol Sulfate,26,27.3,519,1548.29,14,#,,,,,#,
1003009853,Dunn,Grace,Bell,FL,12,Family Practice,Claim-Specialty,Warfarin Sodium,Warfarin Sodium,59,108.9,3204,1067.24,,#,,,,,*,
1003009853,Dunn,Grace,Bell,FL,12,Family Practice,Claim-Specialty,Xarelto,Rivaroxaban,11,27,810,13444.49,,,11,27,13444.49,810,*,
1003009853,Dunn,Grace,Bell,FL,12,Family Practice,Claim-Specialty,Zolpidem Tartrate,Zolpidem Tartrate,29,29,806,272.49,,#,,,,,*,
1003009861,Banna,Moustafa,Peoria,AZ,04,Cardiology,Claim-Specialty,Amiodarone Hcl,Amiodarone Hcl,98,253.7,7551,2628.44,35,,98,253.7,2628.44,7551,,35
1003009861,Banna,Moustafa,Peoria,AZ,04,Cardiology,Claim-Specialty,Amlodipine Besylate,Amlodipine Besylate,273,742.7,22280,1837.3,89,,259,707.7,1672.91,21230,#,
1003009861,Banna,Moustafa,Peoria,AZ,04,Cardiology,Claim-Specialty,Amlodipine Besylate-Benazepril,Amlodipine Besylate/Benazepril,17,47,1410,422.85,,#,,,,,*,
1003009861,Banna,Moustafa,Peoria,AZ,04,Cardiology,Claim-Specialty,Amlodipine-Valsartan,Amlodipine Besylate/Valsartan,33,96,2880,3381.4,11,#,,,,,*,
1003009861,Banna,Moustafa,Peoria,AZ,04,Cardiology,Claim-Specialty,Amoxicillin,Amoxicillin,12,12,21,13.16,,,12,12,13.16,21,*,
1003009861,Banna,Moustafa,Peoria,AZ,04,Cardiology,Claim-Specialty,Arcalyst,Rilonacept,18,18,504,398044.9,,,0,0,0,0,#,
1003009861,Banna,Moustafa,Peoria,AZ,04,Cardiology,Claim-Specialty,Atenolol,Atenolol,242,618,18497,1978.8,69,,227,573,1705.13,17147,#,
1003009861,Banna,Moustafa,Peoria,AZ,04,Cardiology,Claim-Specialty,Atorvastatin Calcium,Atorvastatin Calcium,280,764.3,22865,4251.68,86,,242,674.3,3442.59,20165,,75
1003009861,Banna,Moustafa,Peoria,AZ,04,Cardiology,Claim-Specialty,Benazepril Hcl,Benazepril Hcl,13,38.7,1160,219.39,,,13,38.7,219.39,1160,*,
1003009861,Banna,Moustafa,Peoria,AZ,04,Cardiology,Claim-Specialty,Brilinta,Ticagrelor,15,38,1140,15618.83,,*,,,,,*,
1003009861,Banna,Moustafa,Peoria,AZ,04,Cardiology,Claim-Specialty,Bumetanide,Bumetanide,36,96,2880,2002.95,13,#,,,,,#,
1003009861,Banna,Moustafa,Peoria,AZ,04,Cardiology,Claim-Specialty,Carvedilol,Carvedilol,313,787.4,23507,4583.08,95,,271,696.5,4259.86,20779,,83
1003009861,Banna,Moustafa,Peoria,AZ,04,Cardiology,Claim-Specialty,Cilostazol,Cilostazol,26,74,2199,1122.75,11,,26,74,1122.75,2199,,11
1003009861,Banna,Moustafa,Peoria,AZ,04,Cardiology,Claim-Specialty,Clonidine Hcl,Clonidine Hcl,13,22,645,240.65,,,13,22,240.65,645,*,
1003009861,Banna,Moustafa,Peoria,AZ,04,Cardiology,Claim-Specialty,Clopidogrel,Clopidogrel Bisulfate,190,537,16110,3782.44,64,,150,441,2879.53,13230,#,
1003009861,Banna,Moustafa,Peoria,AZ,04,Cardiology,Claim-Specialty,Digoxin,Digoxin,57,142.3,4268,1465.55,16,#,,,,,#,
1003009861,Banna,Moustafa,Peoria,AZ,04,Cardiology,Claim-Specialty,Diltiazem 24hr Er (Cd),Diltiazem Hcl,126,328,9840,6303.53,39,#,,,,,#,
1003009861,Banna,Moustafa,Peoria,AZ,04,Cardiology,Claim-Specialty,Doxazosin Mesylate,Doxazosin Mesylate,16,32,939,580.89,,#,,,,,*,
1003009861,Banna,Moustafa,Peoria,AZ,04,Cardiology,Claim-Specialty,Eliquis,Apixaban,469,935.9,28030,552007.65,131,,456,918.9,541680.42,27520,#,
1003009861,Banna,Moustafa,Peoria,AZ,04,Cardiology,Claim-Specialty,Enalapril Maleate,Enalapril Maleate,15,32.6,945,424.32,,,15,32.6,424.32,945,*,
1003009861,Banna,Moustafa,Peoria,AZ,04,Cardiology,Claim-Specialty,Entresto,Sacubitril/Valsartan,91,179,5233,118870.46,31,,72,142,96034.16,4226,#,
1003009861,Banna,Moustafa,Peoria,AZ,04,Cardiology,Claim-Specialty,Ezetimibe,Ezetimibe,35,103.3,3100,951.92,11,,35,103.3,951.92,3100,,11
1003009861,Banna,Moustafa,Peoria,AZ,04,Cardiology,Claim-Specialty,Farxiga,Dapagliflozin Propanediol,13,19,570,10448.02,,*,,,,,*,
1003009861,Banna,Moustafa,Peoria,AZ,04,Cardiology,Claim-Specialty,Flecainide Acetate,Flecainide Acetate,66,169,5052,3973.26,28,#,,,,,#,
1003009861,Banna,Moustafa,Peoria,AZ,04,Cardiology,Claim-Specialty,Furosemide,Furosemide,293,783.4,23369,2146.79,114,,274,727.4,2019.82,21689,#,
1003009861,Banna,Moustafa,Peoria,AZ,04,Cardiology,Claim-Specialty,Hydralazine Hcl,Hydralazine Hcl,103,251.7,7451,1433.24,39,#,,,,,#,
1003009861,Banna,Moustafa,Peoria,AZ,04,Cardiology,Claim-Specialty,Hydrochlorothiazide,Hydrochlorothiazide,50,136.7,4100,284.74,16,,39,115.7,191.19,3470,#,
1003009861,Banna,Moustafa,Peoria,AZ,04,Cardiology,Claim-Specialty,Isosorbide Mononitrate Er,Isosorbide Mononitrate,120,271,8064,2545.4,34,#,,,,,#,
1003009861,Banna,Moustafa,Peoria,AZ,04,Cardiology,Claim-Specialty,Jardiance,Empagliflozin,29,47,1370,28554.22,,#,,,,,*,
1003009861,Banna,Moustafa,Peoria,AZ,04,Cardiology,Claim-Specialty,Lisinopril,Lisinopril,280,786.3,23572,2416.59,84,,260,742.3,2209.13,22252,#,
1003009861,Banna,Moustafa,Peoria,AZ,04,Cardiology,Claim-Specialty,Lisinopril-Hydrochlorothiazide,Lisinopril/Hydrochlorothiazide,15,37,1110,143.05,,#,,,,,*,
1003009861,Banna,Moustafa,Peoria,AZ,04,Cardiology,Claim-Specialty,Losartan Potassium,Losartan Potassium,221,533.7,15982,2338.35,68,,191,471.7,2010.72,14122,#,
1003009861,Banna,Moustafa,Peoria,AZ,04,Cardiology,Claim-Specialty,Losartan-Hydrochlorothiazide,Losartan/Hydrochlorothiazide,38,105,3147,1070.54,,,38,105,1070.54,3147,*,
1003009861,Banna,Moustafa,Peoria,AZ,04,Cardiology,Claim-Specialty,Meclizine Hcl,Meclizine Hcl,11,11,210,53.08,,,11,11,53.08,210,*,
1003009861,Banna,Moustafa,Peoria,AZ,04,Cardiology,Claim-Specialty,Metolazone,Metolazone,17,33.3,992,1155.25,,*,,,,,*,
1003009861,Banna,Moustafa,Peoria,AZ,04,Cardiology,Claim-Specialty,Metoprolol Succinate,Metoprolol Succinate,366,1021.6,30579,6594.79,128,,344,962.6,6047.8,28817,#,
1003009861,Banna,Moustafa,Peoria,AZ,04,Cardiology,Claim-Specialty,Metoprolol Tartrate,Metoprolol Tartrate,158,389.1,11358,1464.71,56,,142,350.8,1325.67,10266,#,
1003009861,Banna,Moustafa,Peoria,AZ,04,Cardiology,Claim-Specialty,Nebivolol Hcl,Nebivolol Hcl,28,74,2220,3291.28,12,#,,,,,#,
1003009861,Banna,Moustafa,Peoria,AZ,04,Cardiology,Claim-Specialty,Nexlizet,Bempedoic Acid/Ezetimibe,12,12,360,5133.36,,,12,12,5133.36,360,*,
1003009861,Banna,Moustafa,Peoria,AZ,04,Cardiology,Claim-Specialty,Nifedipine Er,Nifedipine,90,229.9,6848,3769.57,28,,90,229.9,3769.57,6848,,28
1003009861,Banna,Moustafa,Peoria,AZ,04,Cardiology,Claim-Specialty,Nitroglycerin,Nitroglycerin,80,85.2,1689,1015.68,43,,66,71.2,875.08,1457,#,
1003009861,Banna,Moustafa,Peoria,AZ,04,Cardiology,Claim-Specialty,Nitroglycerin Patch,Nitroglycerin,18,28,840,791.17,,,18,28,791.17,840,*,
1003009861,Banna,Moustafa,Peoria,AZ,04,Cardiology,Claim-Specialty,Olmesartan Medoxomil,Olmesartan Medoxomil,15,43.5,1305,405.36,,,15,43.5,405.36,1305,*,
1003009861,Banna,Moustafa,Peoria,AZ,04,Cardiology,Claim-Specialty,Pantoprazole Sodium,Pantoprazole Sodium,32,96,2880,598.09,14,#,,,,,#,
1003009861,Banna,Moustafa,Peoria,AZ,04,Cardiology,Claim-Specialty,Potassium Chloride,Potassium Chloride,114,283.3,8422,3677.24,37,,98,235.3,1880.49,6982,#,
1003009861,Banna,Moustafa,Peoria,AZ,04,Cardiology,Claim-Specialty,Pravastatin Sodium,Pravastatin Sodium,49,123.2,3692,722.71,14,#,,,,,#,
1003009861,Banna,Moustafa,Peoria,AZ,04,Cardiology,Claim-Specialty,Propranolol Hcl,Propranolol Hcl,18,46,1350,779.13,,#,,,,,*,
1003009861,Banna,Moustafa,Peoria,AZ,04,Cardiology,Claim-Specialty,Ranolazine Er,Ranolazine,58,110,3265,8967.4,17,#,,,,,#,
1003009861,Banna,Moustafa,Peoria,AZ,04,Cardiology,Claim-Specialty,Repatha Pushtronex,Evolocumab,18,18,504,11418.09,,*,,,,,*,
1003009861,Banna,Moustafa,Peoria,AZ,04,Cardiology,Claim-Specialty,Repatha Sureclick,Evolocumab,34,53.8,1580,33682.55,,#,,,,,*,
1003009861,Banna,Moustafa,Peoria,AZ,04,Cardiology,Claim-Specialty,Rosuvastatin Calcium,Rosuvastatin Calcium,99,267.5,7988,2502.09,35,#,,,,,#,
1003009861,Banna,Moustafa,Peoria,AZ,04,Cardiology,Claim-Specialty,Simvastatin,Simvastatin,23,61,1830,329.34,,,23,61,329.34,1830,*,
1003009861,Banna,Moustafa,Peoria,AZ,04,Cardiology,Claim-Specialty,Sotalol,Sotalol Hcl,47,98.5,2893,1065.59,11,,47,98.5,1065.59,2893,,11
1003009861,Banna,Moustafa,Peoria,AZ,04,Cardiology,Claim-Specialty,Spironolactone,Spironolactone,105,269,8070,1550.95,40,#,,,,,#,
1003009861,Banna,Moustafa,Peoria,AZ,04,Cardiology,Claim-Specialty,Trazodone Hcl,Trazodone Hcl,11,17,480,58.4,,,11,17,58.4,480,*,
1003009861,Banna,Moustafa,Peoria,AZ,04,Cardiology,Claim-Specialty,Triamterene-Hydrochlorothiazid,Triamterene/Hydrochlorothiazid,21,58,1720,403.93,,,21,58,403.93,1720,*,
1003009861,Banna,Moustafa,Peoria,AZ,04,Cardiology,Claim-Specialty,Valsartan,Valsartan,63,178.1,5330,1841.93,22,#,,,,,#,
1003009861,Banna,Moustafa,Peoria,AZ,04,Cardiology,Claim-Specialty,Valsartan-Hydrochlorothiazide,Valsartan/Hydrochlorothiazide,16,42,1260,870.3,,,16,42,870.3,1260,*,
1003009861,Banna,Moustafa,Peoria,AZ,04,Cardiology,Claim-Specialty,Verquvo,Vericiguat,27,39.8,1194,26381.31,,,13,17.8,12395.23,534,*,
1003009861,Banna,Moustafa,Peoria,AZ,04,Cardiology,Claim-Specialty,Warfarin Sodium,Warfarin Sodium,46,120.5,3616,732.22,13,#,,,,,#,
1003009861,Banna,Moustafa,Peoria,AZ,04,Cardiology,Claim-Specialty,Xarelto,Rivaroxaban,102,223,6690,130141.3,29,,102,223,130141.3,6690,,29
1003009986,Vandongen,Danique,Katy,TX,48,Physical Medicine and Rehabilitation,Claim-Specialty,Amitriptyline Hcl,Amitriptyline Hcl,20,20,570,173.32,17,#,,,,,#,
1003009986,Vandongen,Danique,Katy,TX,48,Physical Medicine and Rehabilitation,Claim-Specialty,Amlodipine Besylate,Amlodipine Besylate,52,52,1559,273.8,46,#,,,,,#,
1003009986,Vandongen,Danique,Katy,TX,48,Physical Medicine and Rehabilitation,Claim-Specialty,Atorvastatin Calcium,Atorvastatin Calcium,73,73,2126,580.32,58,#,,,,,#,
1003009986,Vandongen,Danique,Katy,TX,48,Physical Medicine and Rehabilitation,Claim-Specialty,Baclofen,Baclofen,11,11,313,980.46,,*,,,,,*,
1003009986,Vandongen,Danique,Katy,TX,48,Physical Medicine and Rehabilitation,Claim-Specialty,Carvedilol,Carvedilol,24,24,720,141.62,23,#,,,,,#,
1003009986,Vandongen,Danique,Katy,TX,48,Physical Medicine and Rehabilitation,Claim-Specialty,Clopidogrel,Clopidogrel Bisulfate,25,25,725,131.79,22,#,,,,,#,
1003009986,Vandongen,Danique,Katy,TX,48,Physical Medicine and Rehabilitation,Claim-Specialty,Diclofenac Sodium,Diclofenac Sodium,25,25,410,665.88,25,#,,,,,#,
1003009986,Vandongen,Danique,Katy,TX,48,Physical Medicine and Rehabilitation,Claim-Specialty,Duloxetine Hcl,Duloxetine Hcl,17,17,506,282.32,16,#,,,,,#,
1003009986,Vandongen,Danique,Katy,TX,48,Physical Medicine and Rehabilitation,Claim-Specialty,Eliquis,Apixaban,31,31,915,18234.63,28,#,,,,,#,
1003009986,Vandongen,Danique,Katy,TX,48,Physical Medicine and Rehabilitation,Claim-Specialty,Escitalopram Oxalate,Escitalopram Oxalate,19,19,552,443.18,12,,19,19,443.18,552,,12
1003009986,Vandongen,Danique,Katy,TX,48,Physical Medicine and Rehabilitation,Claim-Specialty,Famotidine,Famotidine,13,13,375,91.64,13,,13,13,91.64,375,,13
1003009986,Vandongen,Danique,Katy,TX,48,Physical Medicine and Rehabilitation,Claim-Specialty,Fluticasone Propionate,Fluticasone Propionate,20,21,630,413.67,15,,20,21,413.67,630,,15
1003009986,Vandongen,Danique,Katy,TX,48,Physical Medicine and Rehabilitation,Claim-Specialty,Furosemide,Furosemide,35,35,1025,160.41,32,#,,,,,#,
1003009986,Vandongen,Danique,Katy,TX,48,Physical Medicine and Rehabilitation,Claim-Specialty,Gabapentin,Gabapentin,44,44,1300,702.92,42,#,,,,,#,
1003009986,Vandongen,Danique,Katy,TX,48,Physical Medicine and Rehabilitation,Claim-Specialty,Hydralazine Hcl,Hydralazine Hcl,15,15,449,131.2,13,#,,,,,*,
1003009986,Vandongen,Danique,Katy,TX,48,Physical Medicine and Rehabilitation,Claim-Specialty,Hydrocodone-Acetaminophen,Hydrocodone/Acetaminophen,12,12,67,79.96,12,#,,,,,#,
1003009986,Vandongen,Danique,Katy,TX,48,Physical Medicine and Rehabilitation,Claim-Specialty,Levetiracetam,Levetiracetam,15,15,417,442.87,,,15,15,442.87,417,*,
1003009986,Vandongen,Danique,Katy,TX,48,Physical Medicine and Rehabilitation,Claim-Specialty,Levothyroxine Sodium,Levothyroxine Sodium,48,48,1441,379.56,35,#,,,,,#,
1003009986,Vandongen,Danique,Katy,TX,48,Physical Medicine and Rehabilitation,Claim-Specialty,Lisinopril,Lisinopril,21,21,630,115.3,17,#,,,,,#,
1003009986,Vandongen,Danique,Katy,TX,48,Physical Medicine and Rehabilitation,Claim-Specialty,Losartan Potassium,Losartan Potassium,31,33,972,252.9,28,#,,,,,#,
1003009986,Vandongen,Danique,Katy,TX,48,Physical Medicine and Rehabilitation,Claim-Specialty,Metformin Hcl,Metformin Hcl,27,27,787,191.81,21,#,,,,,#,
1003009986,Vandongen,Danique,Katy,TX,48,Physical Medicine and Rehabilitation,Claim-Specialty,Methocarbamol,Methocarbamol,12,12,116,79.83,11,*,,,,,*,
1003009986,Vandongen,Danique,Katy,TX,48,Physical Medicine and Rehabilitation,Claim-Specialty,Metoprolol Succinate,Metoprolol Succinate,24,24,695,195.57,23,#,,,,,#,
1003009986,Vandongen,Danique,Katy,TX,48,Physical Medicine and Rehabilitation,Claim-Specialty,Metoprolol Tartrate,Metoprolol Tartrate,34,34,979,215.44,27,#,,,,,#,
1003009986,Vandongen,Danique,Katy,TX,48,Physical Medicine and Rehabilitation,Claim-Specialty,Midodrine Hcl,Midodrine Hcl,17,19,570,1230.16,14,#,,,,,#,
1003009986,Vandongen,Danique,Katy,TX,48,Physical Medicine and Rehabilitation,Claim-Specialty,Mirtazapine,Mirtazapine,18,18,523,303.87,,,18,18,303.87,523,*,
1003009986,Vandongen,Danique,Katy,TX,48,Physical Medicine and Rehabilitation,Claim-Specialty,Omeprazole,Omeprazole,13,13,390,89.24,13,#,,,,,#,
1003009986,Vandongen,Danique,Katy,TX,48,Physical Medicine and Rehabilitation,Claim-Specialty,Pantoprazole Sodium,Pantoprazole Sodium,56,56,1655,549.48,48,#,,,,,#,
1003009986,Vandongen,Danique,Katy,TX,48,Physical Medicine and Rehabilitation,Claim-Specialty,Potassium Chloride,Potassium Chloride,27,27,770,454.67,21,,27,27,454.67,770,,21
1003009986,Vandongen,Danique,Katy,TX,48,Physical Medicine and Rehabilitation,Claim-Specialty,Rosuvastatin Calcium,Rosuvastatin Calcium,17,17,508,631.39,,,17,17,631.39,508,*,
1003009986,Vandongen,Danique,Katy,TX,48,Physical Medicine and Rehabilitation,Claim-Specialty,Sertraline Hcl,Sertraline Hcl,14,14,420,81.59,12,#,,,,,*,
1003009986,Vandongen,Danique,Katy,TX,48,Physical Medicine and Rehabilitation,Claim-Specialty,Tamsulosin Hcl,Tamsulosin Hcl,28,28,810,272.99,27,#,,,,,#,
1003009986,Vandongen,Danique,Katy,TX,48,Physical Medicine and Rehabilitation,Claim-Specialty,Tramadol Hcl,Tramadol Hcl,17,17,96,59.73,17,#,,,,,#,
1003009986,Vandongen,Danique,Katy,TX,48,Physical Medicine and Rehabilitation,Claim-Specialty,Trazodone Hcl,Trazodone Hcl,16,16,447,112.51,15,#,,,,,#,
1003009986,Vandongen,Danique,Katy,TX,48,Physical Medicine and Rehabilitation,Claim-Specialty,Xarelto,Rivaroxaban,12,12,317,6066.98,,,12,12,6066.98,317,*,
1003010117,Egar,John,Florence,OR,41,Internal Medicine,NPPES-Specialty,Allopurinol,Allopurinol,11,19,570,144.05,,,11,19,144.05,570,*,
1003010117,Egar,John,Florence,OR,41,Internal Medicine,NPPES-Specialty,Alprazolam,Alprazolam,19,23,690,114.75,,,19,23,114.75,690,*,
1003010117,Egar,John,Florence,OR,41,Internal Medicine,NPPES-Specialty,Amlodipine Besylate,Amlodipine Besylate,24,58,1732,159.22,,,24,58,159.22,1732,*,
1003010117,Egar,John,Florence,OR,41,Internal Medicine,NPPES-Specialty,Atenolol,Atenolol,12,12,360,100.36,,,12,12,100.36,360,*,
1003010117,Egar,John,Florence,OR,41,Internal Medicine,NPPES-Specialty,Atorvastatin Calcium,Atorvastatin Calcium,48,102,3060,595.4,11,,37,87,543.64,2610,*,
1003010117,Egar,John,Florence,OR,41,Internal Medicine,NPPES-Specialty,Benazepril Hcl,Benazepril Hcl,17,52,1560,496.96,,#,,,,,*,
1003010117,Egar,John,Florence,OR,41,Internal Medicine,NPPES-Specialty,Buprenorphine Hcl,Buprenorphine Hcl,19,19,570,743.8,,*,,,,,*,
1003010117,Egar,John,Florence,OR,41,Internal Medicine,NPPES-Specialty,Carisoprodol,Carisoprodol,13,13,390,398.86,,#,,,,,*,
1003010117,Egar,John,Florence,OR,41,Internal Medicine,NPPES-Specialty,Carvedilol,Carvedilol,20,60,1800,343.7,,,20,60,343.7,1800,*,
1003010117,Egar,John,Florence,OR,41,Internal Medicine,NPPES-Specialty,Chlorthalidone,Chlorthalidone,15,25,750,337.93,,#,,,,,*,
1003010117,Egar,John,Florence,OR,41,Internal Medicine,NPPES-Specialty,Citalopram Hbr,Citalopram Hydrobromide,13,39,1170,149.97,,,13,39,149.97,1170,*,
1003010117,Egar,John,Florence,OR,41,Internal Medicine,NPPES-Specialty,Clonazepam,Clonazepam,42,42,1260,304.44,,,25,25,101.64,750,*,
1003010117,Egar,John,Florence,OR,41,Internal Medicine,NPPES-Specialty,Cyclobenzaprine Hcl,Cyclobenzaprine Hcl,26,26,454,153.26,,#,,,,,*,
1003010117,Egar,John,Florence,OR,41,Internal Medicine,NPPES-Specialty,Diazepam,Diazepam,11,11,310,9.21,,,0,0,0,0,#,
1003010117,Egar,John,Florence,OR,41,Internal Medicine,NPPES-Specialty,Eliquis,Apixaban,11,17,510,10076.41,,,11,17,10076.41,510,*,
1003010117,Egar,John,Florence,OR,41,Internal Medicine,NPPES-Specialty,Escitalopram Oxalate,Escitalopram Oxalate,11,33,990,166.73,,*,,,,,*,
1003010117,Egar,John,Florence,OR,41,Internal Medicine,NPPES-Specialty,Estradiol,Estradiol,11,17,510,215.71,,*,,,,,*,
1003010117,Egar,John,Florence,OR,41,Internal Medicine,NPPES-Specialty,Fluticasone Propionate,Fluticasone Propionate,23,38.3,1150,442.77,,#,,,,,*,
1003010117,Egar,John,Florence,OR,41,Internal Medicine,NPPES-Specialty,Gabapentin,Gabapentin,21,41,1230,1206.69,,#,,,,,*,
1003010117,Egar,John,Florence,OR,41,Internal Medicine,NPPES-Specialty,Hydrocodone-Acetaminophen,Hydrocodone/Acetaminophen,77,77,2179,2085.08,,,58,58,1646.5,1609,*,
1003010117,Egar,John,Florence,OR,41,Internal Medicine,NPPES-Specialty,Lantus Solostar,"Insulin Glargine,hum.Rec.Anlog",18,26.4,782,14350.23,,,18,26.4,14350.23,782,*,
1003010117,Egar,John,Florence,OR,41,Internal Medicine,NPPES-Specialty,Levothyroxine Sodium,Levothyroxine Sodium,67,163,4890,1469.64,15,#,,,,,#,
1003010117,Egar,John,Florence,OR,41,Internal Medicine,NPPES-Specialty,Lisinopril,Lisinopril,25,51,1530,222.73,,,25,51,222.73,1530,*,
1003010117,Egar,John,Florence,OR,41,Internal Medicine,NPPES-Specialty,Lisinopril-Hydrochlorothiazide,Lisinopril/Hydrochlorothiazide,12,36,1080,136.09,,,12,36,136.09,1080,*,
1003010117,Egar,John,Florence,OR,41,Internal Medicine,NPPES-Specialty,Lorazepam,Lorazepam,33,37,884,145.71,,#,,,,,*,
1003010117,Egar,John,Florence,OR,41,Internal Medicine,NPPES-Specialty,Losartan Potassium,Losartan Potassium,35,81,2430,659.22,,,22,42,347.82,1260,*,
1003010117,Egar,John,Florence,OR,41,Internal Medicine,NPPES-Specialty,Metformin Hcl,Metformin Hcl,11,34.3,1030,168.37,,*,,,,,*,
1003010117,Egar,John,Florence,OR,41,Internal Medicine,NPPES-Specialty,Methadone Hcl,Methadone Hcl,16,16,480,208.02,,,16,16,208.02,480,*,
1003010117,Egar,John,Florence,OR,41,Internal Medicine,NPPES-Specialty,Metoprolol Succinate,Metoprolol Succinate,11,29,870,191.5,,*,,,,,*,
1003010117,Egar,John,Florence,OR,41,Internal Medicine,NPPES-Specialty,Metoprolol Tartrate,Metoprolol Tartrate,19,31,930,154.84,,,19,31,154.84,930,*,
1003010117,Egar,John,Florence,OR,41,Internal Medicine,NPPES-Specialty,Montelukast Sodium,Montelukast Sodium,14,42,1260,388.01,,#,,,,,*,
1003010117,Egar,John,Florence,OR,41,Internal Medicine,NPPES-Specialty,Morphine Sulfate Er,Morphine Sulfate,24,24,720,702.48,,,13,13,92.55,390,*,
1003010117,Egar,John,Florence,OR,41,Internal Medicine,NPPES-Specialty,Omeprazole,Omeprazole,26,66.7,2000,511.62,,,12,32,246.82,960,*,
1003010117,Egar,John,Florence,OR,41,Internal Medicine,NPPES-Specialty,Ondansetron Odt,Ondansetron,21,21,299,229.79,,*,,,,,*,
1003010117,Egar,John,Florence,OR,41,Internal Medicine,NPPES-Specialty,Oxycodone Hcl,Oxycodone Hcl,71,71,2042,1872.78,11,,32,32,429.33,872,*,
1003010117,Egar,John,Florence,OR,41,Internal Medicine,NPPES-Specialty,Oxycodone-Acetaminophen,Oxycodone Hcl/Acetaminophen,66,66,1925,1555.66,,#,,,,,*,
1003010117,Egar,John,Florence,OR,41,Internal Medicine,NPPES-Specialty,Potassium Chloride,Potassium Chloride,18,54.7,1640,1002.64,,#,,,,,*,
1003010117,Egar,John,Florence,OR,41,Internal Medicine,NPPES-Specialty,Pravastatin Sodium,Pravastatin Sodium,13,39.7,1190,263.36,,*,,,,,*,
1003010117,Egar,John,Florence,OR,41,Internal Medicine,NPPES-Specialty,Promethazine Hcl,Promethazine Hcl,13,13,210,234.96,,*,,,,,*,
1003010117,Egar,John,Florence,OR,41,Internal Medicine,NPPES-Specialty,Ropinirole Hcl,Ropinirole Hcl,17,25,750,731.15,,*,,,,,*,
1003010117,Egar,John,Florence,OR,41,Internal Medicine,NPPES-Specialty,Simvastatin,Simvastatin,15,45,1350,284.19,,,15,45,284.19,1350,*,
1003010117,Egar,John,Florence,OR,41,Internal Medicine,NPPES-Specialty,Spironolactone,Spironolactone,16,36,1080,966.29,,*,,,,,*,
1003010117,Egar,John,Florence,OR,41,Internal Medicine,NPPES-Specialty,Tizanidine Hcl,Tizanidine Hcl,24,33.8,774,321.97,,*,,,,,*,
1003010117,Egar,John,Florence,OR,41,Internal Medicine,NPPES-Specialty,Torsemide,Torsemide,20,44.3,1330,760.08,,#,,,,,*,
1003010117,Egar,John,Florence,OR,41,Internal Medicine,NPPES-Specialty,Tramadol Hcl,Tramadol Hcl,46,47,1367,317.98,,#,,,,,*,
1003010117,Egar,John,Florence,OR,41,Internal Medicine,NPPES-Specialty,Trazodone Hcl,Trazodone Hcl,28,32,960,316.35,,#,,,,,*,
1003010117,Egar,John,Florence,OR,41,Internal Medicine,NPPES-Specialty,Venlafaxine Hcl,Venlafaxine Hcl,16,16,480,307.27,,*,,,,,*,
1003010117,Egar,John,Florence,OR,41,Internal Medicine,NPPES-Specialty,Zolpidem Tartrate,Zolpidem Tartrate,62,64,1864,327.82,,,40,42,137.1,1204,*,
1003010133,Lepley,Jon,Lancaster,PA,42,Family Practice,Claim-Specialty,Alprazolam,Alprazolam,16,16,286,43.47,,*,,,,,*,
1003010133,Lepley,Jon,Lancaster,PA,42,Family Practice,Claim-Specialty,Azithromycin,Azithromycin,17,17,83,88.24,16,#,,,,,#,
1003010133,Lepley,Jon,Lancaster,PA,42,Family Practice,Claim-Specialty,Buprenorphine Hcl,Buprenorphine Hcl,45,45,1041,3476.34,,,18,18,2275.16,500,*,
1003010133,Lepley,Jon,Lancaster,PA,42,Family Practice,Claim-Specialty,Buprenorphine-Naloxone,Buprenorphine Hcl/Naloxone Hcl,151,155,3333,21582.82,29,,37,37,5813.31,988,*,
1003010133,Lepley,Jon,Lancaster,PA,42,Family Practice,Claim-Specialty,Clonazepam,Clonazepam,11,11,217,32.73,,,0,0,0,0,#,
1003010133,Lepley,Jon,Lancaster,PA,42,Family Practice,Claim-Specialty,Diclofenac Sodium,Diclofenac Sodium,14,14,255,163.9,,*,,,,,*,
1003010133,Lepley,Jon,Lancaster,PA,42,Family Practice,Claim-Specialty,Doxycycline Hyclate,Doxycycline Hyclate,21,21,234,252.98,17,#,,,,,#,
1003010133,Lepley,Jon,Lancaster,PA,42,Family Practice,Claim-Specialty,Gabapentin,Gabapentin,30,42,1001,467.82,,*,,,,,*,
1003010133,Lepley,Jon,Lancaster,PA,42,Family Practice,Claim-Specialty,Lorazepam,Lorazepam,27,27,395,63.95,,*,,,,,*,
1003010133,Lepley,Jon,Lancaster,PA,42,Family Practice,Claim-Specialty,Naltrexone Hcl,Naltrexone Hcl,20,23.7,658,1670.12,,#,,,,,*,
1003010133,Lepley,Jon,Lancaster,PA,42,Family Practice,Claim-Specialty,Prednisone,Prednisone,22,24,224,57.17,19,#,,,,,#,
1003010133,Lepley,Jon,Lancaster,PA,42,Family Practice,Claim-Specialty,Suboxone,Buprenorphine Hcl/Naloxone Hcl,19,19,543,14208.99,,,0,0,0,0,#,
1003010133,Lepley,Jon,Lancaster,PA,42,Family Practice,Claim-Specialty,Triamcinolone Acetonide,Triamcinolone Acetonide,13,14.7,326,57.13,,*,,,,,*,
1003010265,Hudak,Daniel,Hilo,HI,15,General Surgery,Claim-Specialty,Hydrocodone-Acetaminophen,Hydrocodone/Acetaminophen,50,50,117,217.72,45,#,,,,,#,
1003010307,Stone,Jennifer,Roanoke Rapids,NC,37,Family Practice,Claim-Specialty,Albuterol Sulfate Hfa,Albuterol Sulfate,13,15.8,401,545.15,,*,,,,,*,
1003010307,Stone,Jennifer,Roanoke Rapids,NC,37,Family Practice,Claim-Specialty,Amlodipine Besylate,Amlodipine Besylate,47,110.3,3290,368.3,29,,47,110.3,368.3,3290,,29
1003010307,Stone,Jennifer,Roanoke Rapids,NC,37,Family Practice,Claim-Specialty,Amoxicillin-Clavulanate Potass,Amoxicillin/Potassium Clav,21,21,174,267.16,20,#,,,,,#,
1003010307,Stone,Jennifer,Roanoke Rapids,NC,37,Family Practice,Claim-Specialty,Atorvastatin Calcium,Atorvastatin Calcium,43,81.8,2433,471.31,24,#,,,,,#,
1003010307,Stone,Jennifer,Roanoke Rapids,NC,37,Family Practice,Claim-Specialty,Cephalexin,Cephalexin,11,11,72,69.1,11,*,,,,,*,
1003010307,Stone,Jennifer,Roanoke Rapids,NC,37,Family Practice,Claim-Specialty,Diclofenac Sodium,Diclofenac Sodium,22,25.8,575,913.53,15,#,,,,,#,
1003010307,Stone,Jennifer,Roanoke Rapids,NC,37,Family Practice,Claim-Specialty,Duloxetine Hcl,Duloxetine Hcl,26,39.2,1144,506.4,11,#,,,,,*,
1003010307,Stone,Jennifer,Roanoke Rapids,NC,37,Family Practice,Claim-Specialty,Eliquis,Apixaban,17,25,750,13852.59,,,17,25,13852.59,750,*,
1003010307,Stone,Jennifer,Roanoke Rapids,NC,37,Family Practice,Claim-Specialty,Fluticasone Propionate,Fluticasone Propionate,22,28,840,277.01,14,#,,,,,#,
1003010307,Stone,Jennifer,Roanoke Rapids,NC,37,Family Practice,Claim-Specialty,Furosemide,Furosemide,27,45.5,1301,238.96,15,,27,45.5,238.96,1301,,15
1003010307,Stone,Jennifer,Roanoke Rapids,NC,37,Family Practice,Claim-Specialty,Gabapentin,Gabapentin,30,52.3,1523,1086.41,20,#,,,,,#,
1003010307,Stone,Jennifer,Roanoke Rapids,NC,37,Family Practice,Claim-Specialty,Hydrochlorothiazide,Hydrochlorothiazide,12,27.3,797,43.79,11,,12,27.3,43.79,797,,11
1003010307,Stone,Jennifer,Roanoke Rapids,NC,37,Family Practice,Claim-Specialty,Hydrocodone-Acetaminophen,Hydrocodone/Acetaminophen,25,25,353,454.57,17,#,,,,,#,
1003010307,Stone,Jennifer,Roanoke Rapids,NC,37,Family Practice,Claim-Specialty,Januvia,Sitagliptin Phosphate,13,13,366,7064.99,,,13,13,7064.99,366,*,
1003010307,Stone,Jennifer,Roanoke Rapids,NC,37,Family Practice,Claim-Specialty,Levocetirizine Dihydrochloride,Levocetirizine Dihydrochloride,20,32,960,306.94,11,#,,,,,*,
1003010307,Stone,Jennifer,Roanoke Rapids,NC,37,Family Practice,Claim-Specialty,Levothyroxine Sodium,Levothyroxine Sodium,45,86.7,2529,816.26,25,#,,,,,#,
1003010307,Stone,Jennifer,Roanoke Rapids,NC,37,Family Practice,Claim-Specialty,Lisinopril,Lisinopril,33,74.1,2223,223.02,21,,33,74.1,223.02,2223,,21
1003010307,Stone,Jennifer,Roanoke Rapids,NC,37,Family Practice,Claim-Specialty,Losartan Potassium,Losartan Potassium,48,108.3,3250,734.93,26,,48,108.3,734.93,3250,,26
1003010307,Stone,Jennifer,Roanoke Rapids,NC,37,Family Practice,Claim-Specialty,Metformin Hcl,Metformin Hcl,24,47.1,1389,196.05,12,#,,,,,#,
1003010307,Stone,Jennifer,Roanoke Rapids,NC,37,Family Practice,Claim-Specialty,Metoprolol Succinate,Metoprolol Succinate,30,51,1513,395.67,,,30,51,395.67,1513,*,
1003010307,Stone,Jennifer,Roanoke Rapids,NC,37,Family Practice,Claim-Specialty,Omeprazole,Omeprazole,16,42.3,1270,313.93,15,#,,,,,#,
1003010307,Stone,Jennifer,Roanoke Rapids,NC,37,Family Practice,Claim-Specialty,Ozempic,Semaglutide,14,25.2,742,24984.62,,*,,,,,*,
1003010307,Stone,Jennifer,Roanoke Rapids,NC,37,Family Practice,Claim-Specialty,Pantoprazole Sodium,Pantoprazole Sodium,15,23.3,669,179.76,,*,,,,,*,
1003010307,Stone,Jennifer,Roanoke Rapids,NC,37,Family Practice,Claim-Specialty,Paxlovid (Eua),Nirmatrelvir/Ritonavir,19,19,95,194.5,19,,19,19,194.5,95,,19
1003010307,Stone,Jennifer,Roanoke Rapids,NC,37,Family Practice,Claim-Specialty,Potassium Chloride,Potassium Chloride,18,37.2,1105,471.66,,,18,37.2,471.66,1105,*,
1003010307,Stone,Jennifer,Roanoke Rapids,NC,37,Family Practice,Claim-Specialty,Prednisone,Prednisone,17,17,112,71.93,17,#,,,,,#,
1003010307,Stone,Jennifer,Roanoke Rapids,NC,37,Family Practice,Claim-Specialty,Rosuvastatin Calcium,Rosuvastatin Calcium,22,56.7,1700,365.06,11,#,,,,,*,
1003010307,Stone,Jennifer,Roanoke Rapids,NC,37,Family Practice,Claim-Specialty,Sertraline Hcl,Sertraline Hcl,27,51.5,1534,313.26,15,#,,,,,#,
1003010307,Stone,Jennifer,Roanoke Rapids,NC,37,Family Practice,Claim-Specialty,Simvastatin,Simvastatin,13,33.7,1010,128.95,11,,13,33.7,128.95,1010,,11
1003010307,Stone,Jennifer,Roanoke Rapids,NC,37,Family Practice,Claim-Specialty,Symbicort,Budesonide/Formoterol Fumarate,13,13,390,4751.84,,,13,13,4751.84,390,*,
1003010307,Stone,Jennifer,Roanoke Rapids,NC,37,Family Practice,Claim-Specialty,Tizanidine Hcl,Tizanidine Hcl,11,15,377,129.98,,*,,,,,*,
1003010307,Stone,Jennifer,Roanoke Rapids,NC,37,Family Practice,Claim-Specialty,Trazodone Hcl,Trazodone Hcl,21,35.6,1069,261.16,13,,21,35.6,261.16,1069,,13
1003010307,Stone,Jennifer,Roanoke Rapids,NC,37,Family Practice,Claim-Specialty,Triamcinolone Acetonide,Triamcinolone Acetonide,21,21,314,239.88,18,#,,,,,#,
1003010349,Shaya,Wissam,Jacksonville,FL,12,Family Practice,Claim-Specialty,Albuterol Sulfate Hfa,Albuterol Sulfate,36,44.9,1033,1404.98,20,#,,,,,#,
1003010349,Shaya,Wissam,Jacksonville,FL,12,Family Practice,Claim-Specialty,Alendronate Sodium,Alendronate Sodium,20,45.1,1341,130.7,,#,,,,,*,
1003010349,Shaya,Wissam,Jacksonville,FL,12,Family Practice,Claim-Specialty,Allopurinol,Allopurinol,38,98,2940,533.93,11,#,,,,,*,
1003010349,Shaya,Wissam,Jacksonville,FL,12,Family Practice,Claim-Specialty,Alprazolam,Alprazolam,46,50,1400,402.8,11,,34,37,383.18,1030,*,
1003010349,Shaya,Wissam,Jacksonville,FL,12,Family Practice,Claim-Specialty,Amlodipine Besylate,Amlodipine Besylate,133,380.7,11395,909.25,50,,106,304.2,731.71,9100,#,
1003010349,Shaya,Wissam,Jacksonville,FL,12,Family Practice,Claim-Specialty,Atenolol,Atenolol,11,30,900,170.94,,,11,30,170.94,900,*,
1003010349,Shaya,Wissam,Jacksonville,FL,12,Family Practice,Claim-Specialty,Atorvastatin Calcium,Atorvastatin Calcium,124,366,10980,1591.22,47,,103,309,1339.59,9270,#,
1003010349,Shaya,Wissam,Jacksonville,FL,12,Family Practice,Claim-Specialty,Azithromycin,Azithromycin,37,37,187,352.8,31,#,,,,,#,
1003010349,Shaya,Wissam,Jacksonville,FL,12,Family Practice,Claim-Specialty,Carvedilol,Carvedilol,26,65,1950,505.65,,#,,,,,*,
1003010349,Shaya,Wissam,Jacksonville,FL,12,Family Practice,Claim-Specialty,Cephalexin,Cephalexin,21,21,208,532.27,16,#,,,,,*,
1003010349,Shaya,Wissam,Jacksonville,FL,12,Family Practice,Claim-Specialty,Ciprofloxacin Hcl,Ciprofloxacin Hcl,31,31.5,377,325.95,26,#,,,,,#,
1003010349,Shaya,Wissam,Jacksonville,FL,12,Family Practice,Claim-Specialty,Citalopram Hbr,Citalopram Hydrobromide,16,48,1440,217.18,,,16,48,217.18,1440,*,
1003010349,Shaya,Wissam,Jacksonville,FL,12,Family Practice,Claim-Specialty,Clonazepam,Clonazepam,28,34,1000,207.59,,,12,17.5,171.12,505,*,
1003010349,Shaya,Wissam,Jacksonville,FL,12,Family Practice,Claim-Specialty,Clonidine Hcl,Clonidine Hcl,24,71.3,2140,431.88,,#,,,,,*,
1003010349,Shaya,Wissam,Jacksonville,FL,12,Family Practice,Claim-Specialty,Clopidogrel,Clopidogrel Bisulfate,28,80,2400,298.76,11,#,,,,,*,
1003010349,Shaya,Wissam,Jacksonville,FL,12,Family Practice,Claim-Specialty,Clotrimazole-Betamethasone,Clotrimazole/Betamethasone Dip,21,21,550,518.37,,#,,,,,*,
1003010349,Shaya,Wissam,Jacksonville,FL,12,Family Practice,Claim-Specialty,Cyclobenzaprine Hcl,Cyclobenzaprine Hcl,20,30,754,162.55,,#,,,,,*,
1003010349,Shaya,Wissam,Jacksonville,FL,12,Family Practice,Claim-Specialty,Diclofenac Sodium,Diclofenac Sodium,37,44.8,1189,938.52,20,,21,25.3,504.1,621,#,
1003010349,Shaya,Wissam,Jacksonville,FL,12,Family Practice,Claim-Specialty,Duloxetine Hcl,Duloxetine Hcl,18,50,1500,1147.76,,#,,,,,*,
1003010349,Shaya,Wissam,Jacksonville,FL,12,Family Practice,Claim-Specialty,Dutasteride,Dutasteride,22,66,1980,836.29,,#,,,,,*,
1003010349,Shaya,Wissam,Jacksonville,FL,12,Family Practice,Claim-Specialty,Eliquis,Apixaban,24,42,1234,24762.99,,#,,,,,*,
1003010349,Shaya,Wissam,Jacksonville,FL,12,Family Practice,Claim-Specialty,Escitalopram Oxalate,Escitalopram Oxalate,20,60,1800,439.31,,#,,,,,*,
1003010349,Shaya,Wissam,Jacksonville,FL,12,Family Practice,Claim-Specialty,Fenofibrate,Fenofibrate,15,41.3,1240,542.98,,*,,,,,*,
1003010349,Shaya,Wissam,Jacksonville,FL,12,Family Practice,Claim-Specialty,Fluticasone Propionate,Fluticasone Propionate,20,53,1590,615.4,,#,,,,,*,
1003010349,Shaya,Wissam,Jacksonville,FL,12,Family Practice,Claim-Specialty,Furosemide,Furosemide,53,133,3915,348.24,25,#,,,,,#,
1003010349,Shaya,Wissam,Jacksonville,FL,12,Family Practice,Claim-Specialty,Gabapentin,Gabapentin,43,96.3,2890,1446.99,24,#,,,,,#,
1003010349,Shaya,Wissam,Jacksonville,FL,12,Family Practice,Claim-Specialty,Glimepiride,Glimepiride,13,39,1170,251.28,,,13,39,251.28,1170,*,
1003010349,Shaya,Wissam,Jacksonville,FL,12,Family Practice,Claim-Specialty,Glipizide-Metformin,Glipizide/Metformin Hcl,11,31,930,1742.56,,*,,,,,*,
1003010349,Shaya,Wissam,Jacksonville,FL,12,Family Practice,Claim-Specialty,Hydralazine Hcl,Hydralazine Hcl,11,13.5,405,127.6,,*,,,,,*,
1003010349,Shaya,Wissam,Jacksonville,FL,12,Family Practice,Claim-Specialty,Hydrochlorothiazide,Hydrochlorothiazide,22,62,1860,40.14,,#,,,,,*,
1003010349,Shaya,Wissam,Jacksonville,FL,12,Family Practice,Claim-Specialty,Lantus Solostar,"Insulin Glargine,hum.Rec.Anlog",22,55.2,1654,30592.15,,#,,,,,*,
1003010349,Shaya,Wissam,Jacksonville,FL,12,Family Practice,Claim-Specialty,Levofloxacin,Levofloxacin,15,15,147,81.5,11,#,,,,,*,
1003010349,Shaya,Wissam,Jacksonville,FL,12,Family Practice,Claim-Specialty,Levothyroxine Sodium,Levothyroxine Sodium,117,323,9690,1829.57,39,,77,215,969.05,6450,,28
1003010349,Shaya,Wissam,Jacksonville,FL,12,Family Practice,Claim-Specialty,Lisinopril,Lisinopril,123,369,11070,916.01,40,,99,297,804.57,8910,#,
1003010349,Shaya,Wissam,Jacksonville,FL,12,Family Practice,Claim-Specialty,Lisinopril-Hydrochlorothiazide,Lisinopril/Hydrochlorothiazide,23,69,2070,335.08,,,23,69,335.08,2070,*,
1003010349,Shaya,Wissam,Jacksonville,FL,12,Family Practice,Claim-Specialty,Losartan Potassium,Losartan Potassium,77,227,6810,1200.11,30,#,,,,,#,
1003010349,Shaya,Wissam,Jacksonville,FL,12,Family Practice,Claim-Specialty,Losartan-Hydrochlorothiazide,Losartan/Hydrochlorothiazide,43,115,3450,822.95,14,#,,,,,#,
1003010349,Shaya,Wissam,Jacksonville,FL,12,Family Practice,Claim-Specialty,Meloxicam,Meloxicam,25,45,1350,110.45,12,#,,,,,*,
1003010349,Shaya,Wissam,Jacksonville,FL,12,Family Practice,Claim-Specialty,Metformin Hcl,Metformin Hcl,50,141,4230,436.71,16,,36,105,349.82,3150,#,
1003010349,Shaya,Wissam,Jacksonville,FL,12,Family Practice,Claim-Specialty,Metformin Hcl Er,Metformin Hcl,14,42,1260,109.02,,*,,,,,*,
1003010349,Shaya,Wissam,Jacksonville,FL,12,Family Practice,Claim-Specialty,Methylprednisolone,Methylprednisolone,15,15,90,95.92,,#,,,,,*,
1003010349,Shaya,Wissam,Jacksonville,FL,12,Family Practice,Claim-Specialty,Metoprolol Succinate,Metoprolol Succinate,131,379.5,11378,2882.4,46,,88,258,2101.88,7740,,33
1003010349,Shaya,Wissam,Jacksonville,FL,12,Family Practice,Claim-Specialty,Metoprolol Tartrate,Metoprolol Tartrate,19,55.5,1665,39.6,,,19,55.5,39.6,1665,*,
1003010349,Shaya,Wissam,Jacksonville,FL,12,Family Practice,Claim-Specialty,Mirtazapine,Mirtazapine,24,70,2100,413.35,,#,,,,,*,
1003010349,Shaya,Wissam,Jacksonville,FL,12,Family Practice,Claim-Specialty,Montelukast Sodium,Montelukast Sodium,64,188,5640,890.53,19,#,,,,,#,
1003010349,Shaya,Wissam,Jacksonville,FL,12,Family Practice,Claim-Specialty,Nystatin,Nystatin,18,23,670,352.45,,*,,,,,*,
1003010349,Shaya,Wissam,Jacksonville,FL,12,Family Practice,Claim-Specialty,Omeprazole,Omeprazole,74,199,5970,1367.57,27,,55,148,1095.72,4440,#,
1003010349,Shaya,Wissam,Jacksonville,FL,12,Family Practice,Claim-Specialty,Ozempic,Semaglutide,64,107,3148,106721.04,,,34,59.1,61460.65,1742,*,
1003010349,Shaya,Wissam,Jacksonville,FL,12,Family Practice,Claim-Specialty,Pantoprazole Sodium,Pantoprazole Sodium,85,239,7155,1034.93,28,,74,206,841.51,6165,#,
1003010349,Shaya,Wissam,Jacksonville,FL,12,Family Practice,Claim-Specialty,Pioglitazone Hcl,Pioglitazone Hcl,19,57,1710,361.07,,#,,,,,*,
1003010349,Shaya,Wissam,Jacksonville,FL,12,Family Practice,Claim-Specialty,Potassium Chloride,Potassium Chloride,23,63,1890,746.76,11,,11,29,389.33,870,*,
1003010349,Shaya,Wissam,Jacksonville,FL,12,Family Practice,Claim-Specialty,Prednisone,Prednisone,14,14,68,24.4,11,#,,,,,*,
1003010349,Shaya,Wissam,Jacksonville,FL,12,Family Practice,Claim-Specialty,Ropinirole Hcl,Ropinirole Hcl,13,39,1170,383.31,,*,,,,,*,
1003010349,Shaya,Wissam,Jacksonville,FL,12,Family Practice,Claim-Specialty,Rosuvastatin Calcium,Rosuvastatin Calcium,236,691,20716,3141.57,88,,190,559,2668.65,16756,,74
1003010349,Shaya,Wissam,Jacksonville,FL,12,Family Practice,Claim-Specialty,Sertraline Hcl,Sertraline Hcl,48,136,4080,373.56,17,,34,102,286.83,3060,#,
1003010349,Shaya,Wissam,Jacksonville,FL,12,Family Practice,Claim-Specialty,Simvastatin,Simvastatin,36,108,3240,482.73,14,#,,,,,#,
1003010349,Shaya,Wissam,Jacksonville,FL,12,Family Practice,Claim-Specialty,Tamsulosin Hcl,Tamsulosin Hcl,51,137.3,4107,544.27,20,#,,,,,#,
1003010349,Shaya,Wissam,Jacksonville,FL,12,Family Practice,Claim-Specialty,Temazepam,Temazepam,59,59,1759,482.85,11,,43,43,271.13,1279,*,
1003010349,Shaya,Wissam,Jacksonville,FL,12,Family Practice,Claim-Specialty,Tizanidine Hcl,Tizanidine Hcl,11,13,289,101.56,,*,,,,,*,
1003010349,Shaya,Wissam,Jacksonville,FL,12,Family Practice,Claim-Specialty,Tramadol Hcl,Tramadol Hcl,32,32,476,225.77,20,#,,,,,#,
1003010349,Shaya,Wissam,Jacksonville,FL,12,Family Practice,Claim-Specialty,Trazodone Hcl,Trazodone Hcl,24,72,2160,278.48,,#,,,,,*,
1003010349,Shaya,Wissam,Jacksonville,FL,12,Family Practice,Claim-Specialty,Trelegy Ellipta,Fluticasone/Umeclidin/Vilanter,16,22,660,15119.89,,,16,22,15119.89,660,*,
1003010349,Shaya,Wissam,Jacksonville,FL,12,Family Practice,Claim-Specialty,Triamcinolone Acetonide,Triamcinolone Acetonide,33,42.3,1150,135.71,12,#,,,,,*,
1003010349,Shaya,Wissam,Jacksonville,FL,12,Family Practice,Claim-Specialty,Vitamin D2,Ergocalciferol (Vitamin D2),15,41.1,1231,131.16,11,#,,,,,*,
1003010349,Shaya,Wissam,Jacksonville,FL,12,Family Practice,Claim-Specialty,Zolpidem Tartrate,Zolpidem Tartrate,19,19,570,133.44,,#,,,,,*,
1003010406,Ramaswamy,Ravishankar,New York,NY,36,Geriatric Medicine,Claim-Specialty,Albuterol Sulfate Hfa,Albuterol Sulfate,34,34,873,1079.69,,,34,34,1079.69,873,*,
1003010406,Ramaswamy,Ravishankar,New York,NY,36,Geriatric Medicine,Claim-Specialty,Alendronate Sodium,Alendronate Sodium,60,97.1,2855,509.97,17,,60,97.1,509.97,2855,,17
1003010406,Ramaswamy,Ravishankar,New York,NY,36,Geriatric Medicine,Claim-Specialty,Allopurinol,Allopurinol,13,37,1110,176.64,,,13,37,176.64,1110,*,
1003010406,Ramaswamy,Ravishankar,New York,NY,36,Geriatric Medicine,Claim-Specialty,Amlodipine Besylate,Amlodipine Besylate,92,260,7785,1160.09,35,,92,260,1160.09,7785,,35
1003010406,Ramaswamy,Ravishankar,New York,NY,36,Geriatric Medicine,Claim-Specialty,Atenolol,Atenolol,21,39,1170,68.29,,,21,39,68.29,1170,*,
1003010406,Ramaswamy,Ravishankar,New York,NY,36,Geriatric Medicine,Claim-Specialty,Atorvastatin Calcium,Atorvastatin Calcium,183,483,14490,3121.21,62,,183,483,3121.21,14490,,62
1003010406,Ramaswamy,Ravishankar,New York,NY,36,Geriatric Medicine,Claim-Specialty,Breo Ellipta,Fluticasone/Vilanterol,12,12,360,5242.2,,,12,12,5242.2,360,*,
1003010406,Ramaswamy,Ravishankar,New York,NY,36,Geriatric Medicine,Claim-Specialty,Carvedilol,Carvedilol,25,37,1088,258.35,,,25,37,258.35,1088,*,
1003010406,Ramaswamy,Ravishankar,New York,NY,36,Geriatric Medicine,Claim-Specialty,Chlorthalidone,Chlorthalidone,14,16,480,193.05,,,14,16,193.05,480,*,
1003010406,Ramaswamy,Ravishankar,New York,NY,36,Geriatric Medicine,Claim-Specialty,Citalopram Hbr,Citalopram Hydrobromide,25,57,1702,424.22,,,25,57,424.22,1702,*,
1003010406,Ramaswamy,Ravishankar,New York,NY,36,Geriatric Medicine,Claim-Specialty,Clopidogrel,Clopidogrel Bisulfate,24,50,1500,328.38,,,24,50,328.38,1500,*,
1003010406,Ramaswamy,Ravishankar,New York,NY,36,Geriatric Medicine,Claim-Specialty,Diclofenac Sodium,Diclofenac Sodium,30,32,939,677.13,12,,30,32,677.13,939,,12
1003010406,Ramaswamy,Ravishankar,New York,NY,36,Geriatric Medicine,Claim-Specialty,Donepezil Hcl,Donepezil Hcl,39,84,2520,680.16,12,,39,84,680.16,2520,,12
1003010406,Ramaswamy,Ravishankar,New York,NY,36,Geriatric Medicine,Claim-Specialty,Doxazosin Mesylate,Doxazosin Mesylate,13,13,390,92.14,,,13,13,92.14,390,*,
1003010406,Ramaswamy,Ravishankar,New York,NY,36,Geriatric Medicine,Claim-Specialty,Eliquis,Apixaban,58,122,3652,72704.75,17,,58,122,72704.75,3652,,17
1003010406,Ramaswamy,Ravishankar,New York,NY,36,Geriatric Medicine,Claim-Specialty,Escitalopram Oxalate,Escitalopram Oxalate,14,32,960,158.59,,,14,32,158.59,960,*,
1003010406,Ramaswamy,Ravishankar,New York,NY,36,Geriatric Medicine,Claim-Specialty,Ezetimibe,Ezetimibe,27,51,1530,662.5,,,27,51,662.5,1530,*,
1003010406,Ramaswamy,Ravishankar,New York,NY,36,Geriatric Medicine,Claim-Specialty,Famotidine,Famotidine,24,46,1380,534.76,,,24,46,534.76,1380,*,
1003010406,Ramaswamy,Ravishankar,New York,NY,36,Geriatric Medicine,Claim-Specialty,Finasteride,Finasteride,32,58,1734,437.42,,,32,58,437.42,1734,*,
1003010406,Ramaswamy,Ravishankar,New York,NY,36,Geriatric Medicine,Claim-Specialty,Fluticasone Propionate,Fluticasone Propionate,32,54,1620,516.13,13,,32,54,516.13,1620,,13
1003010406,Ramaswamy,Ravishankar,New York,NY,36,Geriatric Medicine,Claim-Specialty,Furosemide,Furosemide,27,69,2070,166.29,11,,27,69,166.29,2070,,11
1003010406,Ramaswamy,Ravishankar,New York,NY,36,Geriatric Medicine,Claim-Specialty,Gabapentin,Gabapentin,34,60.9,1813,557.9,15,,34,60.9,557.9,1813,,15
1003010406,Ramaswamy,Ravishankar,New York,NY,36,Geriatric Medicine,Claim-Specialty,Glipizide Er,Glipizide,13,23,690,170.98,,,13,23,170.98,690,*,
1003010406,Ramaswamy,Ravishankar,New York,NY,36,Geriatric Medicine,Claim-Specialty,Hydrochlorothiazide,Hydrochlorothiazide,43,106.6,3198,261.24,14,,43,106.6,261.24,3198,,14
1003010406,Ramaswamy,Ravishankar,New York,NY,36,Geriatric Medicine,Claim-Specialty,Hydrocortisone,Hydrocortisone,12,12,360,184.89,,,12,12,184.89,360,*,
1003010406,Ramaswamy,Ravishankar,New York,NY,36,Geriatric Medicine,Claim-Specialty,Isosorbide Mononitrate Er,Isosorbide Mononitrate,18,30,900,240.5,,,18,30,240.5,900,*,
1003010406,Ramaswamy,Ravishankar,New York,NY,36,Geriatric Medicine,Claim-Specialty,Januvia,Sitagliptin Phosphate,25,71,2130,41554.2,,,25,71,41554.2,2130,*,
1003010406,Ramaswamy,Ravishankar,New York,NY,36,Geriatric Medicine,Claim-Specialty,Levothyroxine Sodium,Levothyroxine Sodium,104,275,8238,1922.44,31,,104,275,1922.44,8238,,31
1003010406,Ramaswamy,Ravishankar,New York,NY,36,Geriatric Medicine,Claim-Specialty,Lidocaine,Lidocaine,13,13,340,1049.01,,,13,13,1049.01,340,*,
1003010406,Ramaswamy,Ravishankar,New York,NY,36,Geriatric Medicine,Claim-Specialty,Lisinopril,Lisinopril,78,196,5880,1072.5,24,,78,196,1072.5,5880,,24
1003010406,Ramaswamy,Ravishankar,New York,NY,36,Geriatric Medicine,Claim-Specialty,Losartan Potassium,Losartan Potassium,89,235,7019,1414.28,34,,89,235,1414.28,7019,,34
1003010406,Ramaswamy,Ravishankar,New York,NY,36,Geriatric Medicine,Claim-Specialty,Lovastatin,Lovastatin,11,33,990,80.86,,,11,33,80.86,990,*,
1003010406,Ramaswamy,Ravishankar,New York,NY,36,Geriatric Medicine,Claim-Specialty,Memantine Hcl,Memantine Hcl,30,65,1950,661.54,,,30,65,661.54,1950,*,
1003010406,Ramaswamy,Ravishankar,New York,NY,36,Geriatric Medicine,Claim-Specialty,Metformin Hcl,Metformin Hcl,60,118.5,3555,294.1,15,,60,118.5,294.1,3555,,15
1003010406,Ramaswamy,Ravishankar,New York,NY,36,Geriatric Medicine,Claim-Specialty,Metoprolol Succinate,Metoprolol Succinate,25,75,2250,642.56,13,,25,75,642.56,2250,,13
1003010406,Ramaswamy,Ravishankar,New York,NY,36,Geriatric Medicine,Claim-Specialty,Metoprolol Tartrate,Metoprolol Tartrate,13,29,870,64.1,,,13,29,64.1,870,*,
1003010406,Ramaswamy,Ravishankar,New York,NY,36,Geriatric Medicine,Claim-Specialty,Mirtazapine,Mirtazapine,35,77,2310,1697.7,12,,35,77,1697.7,2310,,12
1003010406,Ramaswamy,Ravishankar,New York,NY,36,Geriatric Medicine,Claim-Specialty,Myrbetriq,Mirabegron,15,22,660,10039.52,,,15,22,10039.52,660,*,
1003010406,Ramaswamy,Ravishankar,New York,NY,36,Geriatric Medicine,Claim-Specialty,Nifedipine Er,Nifedipine,23,32,960,826.79,,,23,32,826.79,960,*,
1003010406,Ramaswamy,Ravishankar,New York,NY,36,Geriatric Medicine,Claim-Specialty,Omeprazole,Omeprazole,45,124,3677,611.36,14,,45,124,611.36,3677,,14
1003010406,Ramaswamy,Ravishankar,New York,NY,36,Geriatric Medicine,Claim-Specialty,Oxycodone Hcl,Oxycodone Hcl,34,34,967,679.64,,,34,34,679.64,967,*,
1003010406,Ramaswamy,Ravishankar,New York,NY,36,Geriatric Medicine,Claim-Specialty,Oxycontin,Oxycodone Hcl,20,20,577,15432.9,,,20,20,15432.9,577,*,
1003010406,Ramaswamy,Ravishankar,New York,NY,36,Geriatric Medicine,Claim-Specialty,Pantoprazole Sodium,Pantoprazole Sodium,26,48,1440,513.88,,,26,48,513.88,1440,*,
1003010406,Ramaswamy,Ravishankar,New York,NY,36,Geriatric Medicine,Claim-Specialty,Pregabalin,Pregabalin,26,26,780,1556.68,,,26,26,1556.68,780,*,
1003010406,Ramaswamy,Ravishankar,New York,NY,36,Geriatric Medicine,Claim-Specialty,Quetiapine Fumarate,Quetiapine Fumarate,14,20,575,90.66,,,14,20,90.66,575,*,
1003010406,Ramaswamy,Ravishankar,New York,NY,36,Geriatric Medicine,Claim-Specialty,Risedronate Sodium,Risedronate Sodium,12,12,342,268.2,,,12,12,268.2,342,*,
1003010406,Ramaswamy,Ravishankar,New York,NY,36,Geriatric Medicine,Claim-Specialty,Rosuvastatin Calcium,Rosuvastatin Calcium,66,166,4974,1012.85,18,,66,166,1012.85,4974,,18
1003010406,Ramaswamy,Ravishankar,New York,NY,36,Geriatric Medicine,Claim-Specialty,Sertraline Hcl,Sertraline Hcl,58,136,4080,950.48,14,,58,136,950.48,4080,,14
1003010406,Ramaswamy,Ravishankar,New York,NY,36,Geriatric Medicine,Claim-Specialty,Simvastatin,Simvastatin,23,58,1734,267.69,,,23,58,267.69,1734,*,
1003010406,Ramaswamy,Ravishankar,New York,NY,36,Geriatric Medicine,Claim-Specialty,Symbicort,Budesonide/Formoterol Fumarate,15,15,450,5566.27,,,15,15,5566.27,450,*,
1003010406,Ramaswamy,Ravishankar,New York,NY,36,Geriatric Medicine,Claim-Specialty,Synthroid,Levothyroxine Sodium,11,25,750,687.19,,,11,25,687.19,750,*,
1003010406,Ramaswamy,Ravishankar,New York,NY,36,Geriatric Medicine,Claim-Specialty,Tamsulosin Hcl,Tamsulosin Hcl,32,82,2454,673.22,14,,32,82,673.22,2454,,14
1003010406,Ramaswamy,Ravishankar,New York,NY,36,Geriatric Medicine,Claim-Specialty,Tramadol Hcl,Tramadol Hcl,23,23,478,68.54,,,23,23,68.54,478,*,
1003010406,Ramaswamy,Ravishankar,New York,NY,36,Geriatric Medicine,Claim-Specialty,Trazodone Hcl,Trazodone Hcl,17,41,1230,233.94,,,17,41,233.94,1230,*,
1003010406,Ramaswamy,Ravishankar,New York,NY,36,Geriatric Medicine,Claim-Specialty,Valacyclovir,Valacyclovir Hcl,13,31,890,739.28,,,13,31,739.28,890,*,
1003010406,Ramaswamy,Ravishankar,New York,NY,36,Geriatric Medicine,Claim-Specialty,Ventolin Hfa,Albuterol Sulfate,14,14.7,395,977.65,,,14,14.7,977.65,395,*,
1003010406,Ramaswamy,Ravishankar,New York,NY,36,Geriatric Medicine,Claim-Specialty,Zolpidem Tartrate,Zolpidem Tartrate,21,21,630,218.91,,,21,21,218.91,630,*,
1003010448,Setti,Carlos,New Orleans,LA,22,Dentist,NPPES-Specialty,Amoxicillin,Amoxicillin,46,46,314,120.68,40,,31,31,66.44,209,,28
1003010448,Setti,Carlos,New Orleans,LA,22,Dentist,NPPES-Specialty,Clindamycin Hcl,Clindamycin Hcl,12,12,88,113.44,,*,,,,,*,
1003010448,Setti,Carlos,New Orleans,LA,22,Dentist,NPPES-Specialty,Hydrocodone-Acetaminophen,Hydrocodone/Acetaminophen,36,36,83,154.18,33,,24,24,104.52,51,,22
1003010448,Setti,Carlos,New Orleans,LA,22,Dentist,NPPES-Specialty,Ibuprofen,Ibuprofen,48,48,252,199.98,41,,32,32,136.19,163,,27
1003010463,Burgart,Jennifer,Asheboro,NC,37,Family Practice,Claim-Specialty,Albuterol Sulfate Hfa,Albuterol Sulfate,134,153.8,3856,3205.35,79,,118,132,2855.35,3322,#,
1003010463,Burgart,Jennifer,Asheboro,NC,37,Family Practice,Claim-Specialty,Alendronate Sodium,Alendronate Sodium,129,330.9,9878,1406.77,46,,117,297.3,1324.68,8870,#,
1003010463,Burgart,Jennifer,Asheboro,NC,37,Family Practice,Claim-Specialty,Allopurinol,Allopurinol,19,56.9,1706,501.04,,,19,56.9,501.04,1706,*,
1003010463,Burgart,Jennifer,Asheboro,NC,37,Family Practice,Claim-Specialty,Alprazolam,Alprazolam,133,148.5,4245,295.75,29,#,,,,,#,
1003010463,Burgart,Jennifer,Asheboro,NC,37,Family Practice,Claim-Specialty,Amitriptyline Hcl,Amitriptyline Hcl,58,137,4110,1054.26,19,#,,,,,#,
1003010463,Burgart,Jennifer,Asheboro,NC,37,Family Practice,Claim-Specialty,Amlodipine Besylate,Amlodipine Besylate,210,561.5,16835,891.47,69,,199,536.5,876.2,16085,#,
1003010463,Burgart,Jennifer,Asheboro,NC,37,Family Practice,Claim-Specialty,Amlodipine Besylate-Benazepril,Amlodipine Besylate/Benazepril,16,48,1440,325.19,,,16,48,325.19,1440,*,
1003010463,Burgart,Jennifer,Asheboro,NC,37,Family Practice,Claim-Specialty,Amoxicillin,Amoxicillin,19,19,112,36.13,14,,19,19,36.13,112,,14
1003010463,Burgart,Jennifer,Asheboro,NC,37,Family Practice,Claim-Specialty,Amoxicillin-Clavulanate Potass,Amoxicillin/Potassium Clav,12,12,109,112.58,11,#,,,,,*,
1003010463,Burgart,Jennifer,Asheboro,NC,37,Family Practice,Claim-Specialty,Atenolol,Atenolol,19,41,1230,173.94,,,19,41,173.94,1230,*,
1003010463,Burgart,Jennifer,Asheboro,NC,37,Family Practice,Claim-Specialty,Atorvastatin Calcium,Atorvastatin Calcium,239,653.8,19616,2962.32,76,,217,591.2,2563.36,17736,#,
1003010463,Burgart,Jennifer,Asheboro,NC,37,Family Practice,Claim-Specialty,Azelastine Hcl,Azelastine Hcl,94,143.9,4190,3039.27,56,#,,,,,#,
1003010463,Burgart,Jennifer,Asheboro,NC,37,Family Practice,Claim-Specialty,Azithromycin,Azithromycin,63,63,366,476.45,57,#,,,,,#,
1003010463,Burgart,Jennifer,Asheboro,NC,37,Family Practice,Claim-Specialty,Baclofen,Baclofen,18,26,760,248.16,,,18,26,248.16,760,*,
1003010463,Burgart,Jennifer,Asheboro,NC,37,Family Practice,Claim-Specialty,Benazepril Hcl,Benazepril Hcl,21,63,1890,379.37,,,21,63,379.37,1890,*,
1003010463,Burgart,Jennifer,Asheboro,NC,37,Family Practice,Claim-Specialty,Bisoprolol Fumarate,Bisoprolol Fumarate,11,31,930,372.01,,*,,,,,*,
1003010463,Burgart,Jennifer,Asheboro,NC,37,Family Practice,Claim-Specialty,Breztri Aerosphere,Budesonide/Glycopyr/Formoterol,18,45.3,1359,24628.21,,#,,,,,*,
1003010463,Burgart,Jennifer,Asheboro,NC,37,Family Practice,Claim-Specialty,Bupropion Hcl Sr,Bupropion Hcl,24,52,1557,546.72,,#,,,,,*,
1003010463,Burgart,Jennifer,Asheboro,NC,37,Family Practice,Claim-Specialty,Bupropion Xl,Bupropion Hcl,83,187,5601,3441.86,30,#,,,,,#,
1003010463,Burgart,Jennifer,Asheboro,NC,37,Family Practice,Claim-Specialty,Buspirone Hcl,Buspirone Hcl,14,40,1200,606.48,,*,,,,,*,
1003010463,Burgart,Jennifer,Asheboro,NC,37,Family Practice,Claim-Specialty,Carvedilol,Carvedilol,55,118,3540,708.79,13,,39,91.7,527.33,2750,#,
1003010463,Burgart,Jennifer,Asheboro,NC,37,Family Practice,Claim-Specialty,Cefdinir,Cefdinir,69,69,585,1083.15,50,#,,,,,#,
1003010463,Burgart,Jennifer,Asheboro,NC,37,Family Practice,Claim-Specialty,Celecoxib,Celecoxib,16,34,1020,399.56,,,16,34,399.56,1020,*,
1003010463,Burgart,Jennifer,Asheboro,NC,37,Family Practice,Claim-Specialty,Cephalexin,Cephalexin,11,12,179,174.47,11,,11,12,174.47,179,,11
1003010463,Burgart,Jennifer,Asheboro,NC,37,Family Practice,Claim-Specialty,Chlorthalidone,Chlorthalidone,14,40,1200,311.26,,#,,,,,*,
1003010463,Burgart,Jennifer,Asheboro,NC,37,Family Practice,Claim-Specialty,Ciprofloxacin Hcl,Ciprofloxacin Hcl,56,56,503,463.21,38,#,,,,,#,
1003010463,Burgart,Jennifer,Asheboro,NC,37,Family Practice,Claim-Specialty,Citalopram Hbr,Citalopram Hydrobromide,52,150.6,4517,326.88,17,,52,150.6,326.88,4517,,17
1003010463,Burgart,Jennifer,Asheboro,NC,37,Family Practice,Claim-Specialty,Clindamycin Hcl,Clindamycin Hcl,16,16,151,257.57,15,#,,,,,#,
1003010463,Burgart,Jennifer,Asheboro,NC,37,Family Practice,Claim-Specialty,Clonazepam,Clonazepam,23,31,930,115.21,,,23,31,115.21,930,*,
1003010463,Burgart,Jennifer,Asheboro,NC,37,Family Practice,Claim-Specialty,Clonidine Hcl,Clonidine Hcl,32,66,1980,364.45,,#,,,,,*,
1003010463,Burgart,Jennifer,Asheboro,NC,37,Family Practice,Claim-Specialty,Clopidogrel,Clopidogrel Bisulfate,29,77,2310,363.12,,#,,,,,*,
1003010463,Burgart,Jennifer,Asheboro,NC,37,Family Practice,Claim-Specialty,Colchicine,Colchicine,11,26.7,764,442.64,,,11,26.7,442.64,764,*,
1003010463,Burgart,Jennifer,Asheboro,NC,37,Family Practice,Claim-Specialty,Cyclobenzaprine Hcl,Cyclobenzaprine Hcl,100,125,3690,726.02,53,,79,104,526,3080,#,
1003010463,Burgart,Jennifer,Asheboro,NC,37,Family Practice,Claim-Specialty,Diazepam,Diazepam,26,26,780,191.78,,#,,,,,*,
1003010463,Burgart,Jennifer,Asheboro,NC,37,Family Practice,Claim-Specialty,Dicyclomine Hcl,Dicyclomine Hcl,33,55,1605,623.8,12,#,,,,,*,
1003010463,Burgart,Jennifer,Asheboro,NC,37,Family Practice,Claim-Specialty,Diltiazem 24hr Er (Cd),Diltiazem Hcl,15,35.3,1060,481.38,,,15,35.3,481.38,1060,*,
1003010463,Burgart,Jennifer,Asheboro,NC,37,Family Practice,Claim-Specialty,Donepezil Hcl,Donepezil Hcl,26,46,1368,1131.68,,,26,46,1131.68,1368,*,
1003010463,Burgart,Jennifer,Asheboro,NC,37,Family Practice,Claim-Specialty,Doxycycline Hyclate,Doxycycline Hyclate,28,30,344,414.81,25,#,,,,,#,
1003010463,Burgart,Jennifer,Asheboro,NC,37,Family Practice,Claim-Specialty,Duloxetine Hcl,Duloxetine Hcl,39,107,3210,878.89,12,#,,,,,*,
1003010463,Burgart,Jennifer,Asheboro,NC,37,Family Practice,Claim-Specialty,Eliquis,Apixaban,69,108,3240,64296.85,18,,69,108,64296.85,3240,,18
1003010463,Burgart,Jennifer,Asheboro,NC,37,Family Practice,Claim-Specialty,Enalapril Maleate,Enalapril Maleate,11,33,990,68.6,,,11,33,68.6,990,*,
1003010463,Burgart,Jennifer,Asheboro,NC,37,Family Practice,Claim-Specialty,Escitalopram Oxalate,Escitalopram Oxalate,117,277,8310,1560.68,38,#,,,,,#,
1003010463,Burgart,Jennifer,Asheboro,NC,37,Family Practice,Claim-Specialty,Esomeprazole Magnesium,Esomeprazole Magnesium,25,75,2250,892.28,,,25,75,892.28,2250,*,
1003010463,Burgart,Jennifer,Asheboro,NC,37,Family Practice,Claim-Specialty,Estradiol,Estradiol,27,65.7,1970,1467.75,11,#,,,,,*,
1003010463,Burgart,Jennifer,Asheboro,NC,37,Family Practice,Claim-Specialty,Ezetimibe,Ezetimibe,21,63.3,1900,853.46,11,,21,63.3,853.46,1900,,11
1003010463,Burgart,Jennifer,Asheboro,NC,37,Family Practice,Claim-Specialty,Famotidine,Famotidine,73,172.8,5165,1002.08,29,,59,143.3,763.78,4280,#,
1003010463,Burgart,Jennifer,Asheboro,NC,37,Family Practice,Claim-Specialty,Farxiga,Dapagliflozin Propanediol,61,100.3,2985,59408.56,20,#,,,,,#,
1003010463,Burgart,Jennifer,Asheboro,NC,37,Family Practice,Claim-Specialty,Fluconazole,Fluconazole,64,69.4,496,356.4,29,#,,,,,#,
1003010463,Burgart,Jennifer,Asheboro,NC,37,Family Practice,Claim-Specialty,Fluoxetine Hcl,Fluoxetine Hcl,18,46,1380,262.15,,,18,46,262.15,1380,*,
1003010463,Burgart,Jennifer,Asheboro,NC,37,Family Practice,Claim-Specialty,Fluticasone Propionate,Fluticasone Propionate,50,126.7,3770,1074.86,29,#,,,,,#,
1003010463,Burgart,Jennifer,Asheboro,NC,37,Family Practice,Claim-Specialty,Furosemide,Furosemide,43,107,3210,257.72,18,,43,107,257.72,3210,,18
1003010463,Burgart,Jennifer,Asheboro,NC,37,Family Practice,Claim-Specialty,Gabapentin,Gabapentin,115,223,6514,1645.46,47,,101,182.4,1476.6,5294,#,
1003010463,Burgart,Jennifer,Asheboro,NC,37,Family Practice,Claim-Specialty,Glimepiride,Glimepiride,14,38,1140,212.58,,,14,38,212.58,1140,*,
1003010463,Burgart,Jennifer,Asheboro,NC,37,Family Practice,Claim-Specialty,Glipizide Er,Glipizide,21,51,1530,232.7,,#,,,,,*,
1003010463,Burgart,Jennifer,Asheboro,NC,37,Family Practice,Claim-Specialty,Hydralazine Hcl,Hydralazine Hcl,14,24,720,135.44,,,14,24,135.44,720,*,
1003010463,Burgart,Jennifer,Asheboro,NC,37,Family Practice,Claim-Specialty,Hydrochlorothiazide,Hydrochlorothiazide,82,218.7,6550,368.35,28,#,,,,,#,
1003010463,Burgart,Jennifer,Asheboro,NC,37,Family Practice,Claim-Specialty,Hydrocodone-Acetaminophen,Hydrocodone/Acetaminophen,31,31,577,274.92,18,#,,,,,#,
1003010463,Burgart,Jennifer,Asheboro,NC,37,Family Practice,Claim-Specialty,Ibuprofen,Ibuprofen,16,16,388,158.16,,#,,,,,*,
1003010463,Burgart,Jennifer,Asheboro,NC,37,Family Practice,Claim-Specialty,Januvia,Sitagliptin Phosphate,14,31,930,16976.8,,*,,,,,*,
1003010463,Burgart,Jennifer,Asheboro,NC,37,Family Practice,Claim-Specialty,Lansoprazole,Lansoprazole,16,25,750,437.16,,,16,25,437.16,750,*,
1003010463,Burgart,Jennifer,Asheboro,NC,37,Family Practice,Claim-Specialty,Lantus Solostar,"Insulin Glargine,hum.Rec.Anlog",44,97.6,2873,33113.66,12,#,,,,,#,
1003010463,Burgart,Jennifer,Asheboro,NC,37,Family Practice,Claim-Specialty,Levocetirizine Dihydrochloride,Levocetirizine Dihydrochloride,133,374,11220,1571.56,57,,121,338,1467.72,10140,#,
1003010463,Burgart,Jennifer,Asheboro,NC,37,Family Practice,Claim-Specialty,Levothyroxine Sodium,Levothyroxine Sodium,216,628,18832,5881.02,69,,204,592,5765.34,17752,#,
1003010463,Burgart,Jennifer,Asheboro,NC,37,Family Practice,Claim-Specialty,Linzess,Linaclotide,23,37,1110,19614.99,,,23,37,19614.99,1110,*,
1003010463,Burgart,Jennifer,Asheboro,NC,37,Family Practice,Claim-Specialty,Lisinopril,Lisinopril,205,593.7,17768,1652.68,68,,190,548.7,1541.76,16418,#,
1003010463,Burgart,Jennifer,Asheboro,NC,37,Family Practice,Claim-Specialty,Lisinopril-Hydrochlorothiazide,Lisinopril/Hydrochlorothiazide,39,109,3270,403.29,14,#,,,,,#,
1003010463,Burgart,Jennifer,Asheboro,NC,37,Family Practice,Claim-Specialty,Lithium Carbonate Er,Lithium Carbonate,11,17,510,81.79,,,11,17,81.79,510,*,
1003010463,Burgart,Jennifer,Asheboro,NC,37,Family Practice,Claim-Specialty,Lorazepam,Lorazepam,95,103,3075,727.17,17,#,,,,,#,
1003010463,Burgart,Jennifer,Asheboro,NC,37,Family Practice,Claim-Specialty,Losartan Potassium,Losartan Potassium,162,450.9,13526,1840.85,51,,162,450.9,1840.85,13526,,51
1003010463,Burgart,Jennifer,Asheboro,NC,37,Family Practice,Claim-Specialty,Losartan-Hydrochlorothiazide,Losartan/Hydrochlorothiazide,19,57.7,1730,868,,,19,57.7,868,1730,*,
1003010463,Burgart,Jennifer,Asheboro,NC,37,Family Practice,Claim-Specialty,Lovastatin,Lovastatin,21,63,1890,277.97,,#,,,,,*,
1003010463,Burgart,Jennifer,Asheboro,NC,37,Family Practice,Claim-Specialty,Meloxicam,Meloxicam,61,120.7,3620,369.7,22,#,,,,,#,
1003010463,Burgart,Jennifer,Asheboro,NC,37,Family Practice,Claim-Specialty,Memantine Hcl,Memantine Hcl,38,77.9,2336,725.32,12,,38,77.9,725.32,2336,,12
1003010463,Burgart,Jennifer,Asheboro,NC,37,Family Practice,Claim-Specialty,Metformin Hcl,Metformin Hcl,90,254.3,7630,883.74,32,,79,233.3,756.33,7000,#,
1003010463,Burgart,Jennifer,Asheboro,NC,37,Family Practice,Claim-Specialty,Metformin Hcl Er,Metformin Hcl,96,264.1,7923,1372.7,29,,83,240.8,1227.26,7223,#,
1003010463,Burgart,Jennifer,Asheboro,NC,37,Family Practice,Claim-Specialty,Methocarbamol,Methocarbamol,12,19,515,142.8,,*,,,,,*,
1003010463,Burgart,Jennifer,Asheboro,NC,37,Family Practice,Claim-Specialty,Methotrexate,Methotrexate Sodium,15,15,432,184.59,,,15,15,184.59,432,*,
1003010463,Burgart,Jennifer,Asheboro,NC,37,Family Practice,Claim-Specialty,Methylphenidate Hcl,Methylphenidate Hcl,21,21,630,443.67,,#,,,,,*,
1003010463,Burgart,Jennifer,Asheboro,NC,37,Family Practice,Claim-Specialty,Methylprednisolone,Methylprednisolone,82,82,491,615.81,70,#,,,,,#,
1003010463,Burgart,Jennifer,Asheboro,NC,37,Family Practice,Claim-Specialty,Metoprolol Succinate,Metoprolol Succinate,124,344.5,10334,2308.29,37,#,,,,,#,
1003010463,Burgart,Jennifer,Asheboro,NC,37,Family Practice,Claim-Specialty,Metoprolol Tartrate,Metoprolol Tartrate,95,271.5,8145,480.44,30,#,,,,,#,
1003010463,Burgart,Jennifer,Asheboro,NC,37,Family Practice,Claim-Specialty,Metronidazole,Metronidazole,14,14,149,227.03,14,#,,,,,#,
1003010463,Burgart,Jennifer,Asheboro,NC,37,Family Practice,Claim-Specialty,Montelukast Sodium,Montelukast Sodium,129,323,9690,1631.83,49,#,,,,,#,
1003010463,Burgart,Jennifer,Asheboro,NC,37,Family Practice,Claim-Specialty,Mupirocin,Mupirocin,32,33,538,298.93,27,#,,,,,#,
1003010463,Burgart,Jennifer,Asheboro,NC,37,Family Practice,Claim-Specialty,Nitrofurantoin Mono-Macro,Nitrofurantoin Monohyd/M-Cryst,49,51.2,639,833.53,36,#,,,,,#,
1003010463,Burgart,Jennifer,Asheboro,NC,37,Family Practice,Claim-Specialty,Nortriptyline Hcl,Nortriptyline Hcl,14,24,720,470.21,,,14,24,470.21,720,*,
1003010463,Burgart,Jennifer,Asheboro,NC,37,Family Practice,Claim-Specialty,Nystatin,Nystatin,11,11.5,268,236.91,,,11,11.5,236.91,268,*,
1003010463,Burgart,Jennifer,Asheboro,NC,37,Family Practice,Claim-Specialty,Olmesartan Medoxomil,Olmesartan Medoxomil,18,50,1480,323.27,,,18,50,323.27,1480,*,
1003010463,Burgart,Jennifer,Asheboro,NC,37,Family Practice,Claim-Specialty,Omeprazole,Omeprazole,231,650.2,19454,3696.4,84,,210,591.8,3372.08,17744,#,
1003010463,Burgart,Jennifer,Asheboro,NC,37,Family Practice,Claim-Specialty,Ondansetron Odt,Ondansetron,16,16,173,277.86,12,#,,,,,#,
1003010463,Burgart,Jennifer,Asheboro,NC,37,Family Practice,Claim-Specialty,Oxybutynin Chloride,Oxybutynin Chloride,14,37,1110,101.66,,,14,37,101.66,1110,*,
1003010463,Burgart,Jennifer,Asheboro,NC,37,Family Practice,Claim-Specialty,Oxybutynin Chloride Er,Oxybutynin Chloride,12,33.8,990,485.5,,,12,33.8,485.5,990,*,
1003010463,Burgart,Jennifer,Asheboro,NC,37,Family Practice,Claim-Specialty,Ozempic,Semaglutide,60,79.5,2316,70999.67,16,,47,64.7,55676.66,1886,#,
1003010463,Burgart,Jennifer,Asheboro,NC,37,Family Practice,Claim-Specialty,Pantoprazole Sodium,Pantoprazole Sodium,99,290.3,8710,1770.29,39,,87,254.3,1693.32,7630,#,
1003010463,Burgart,Jennifer,Asheboro,NC,37,Family Practice,Claim-Specialty,Paroxetine Hcl,Paroxetine Hcl,16,38,1140,191.48,,#,,,,,*,
1003010463,Burgart,Jennifer,Asheboro,NC,37,Family Practice,Claim-Specialty,Pioglitazone Hcl,Pioglitazone Hcl,19,53,1590,46.82,,,19,53,46.82,1590,*,
1003010463,Burgart,Jennifer,Asheboro,NC,37,Family Practice,Claim-Specialty,Potassium Chloride,Potassium Chloride,34,62.5,1875,1129.27,14,,34,62.5,1129.27,1875,,14
1003010463,Burgart,Jennifer,Asheboro,NC,37,Family Practice,Claim-Specialty,Pravastatin Sodium,Pravastatin Sodium,75,219.9,6596,1400.34,23,,75,219.9,1400.34,6596,,23
1003010463,Burgart,Jennifer,Asheboro,NC,37,Family Practice,Claim-Specialty,Prednisone,Prednisone,48,48,862,543.38,24,#,,,,,#,
1003010463,Burgart,Jennifer,Asheboro,NC,37,Family Practice,Claim-Specialty,Pregabalin,Pregabalin,20,30,900,263.62,,,20,30,263.62,900,*,
1003010463,Burgart,Jennifer,Asheboro,NC,37,Family Practice,Claim-Specialty,Prolia,Denosumab,19,114,3420,31901.73,16,,19,114,31901.73,3420,,16
1003010463,Burgart,Jennifer,Asheboro,NC,37,Family Practice,Claim-Specialty,Propranolol Hcl,Propranolol Hcl,21,49,1470,335.14,,#,,,,,*,
1003010463,Burgart,Jennifer,Asheboro,NC,37,Family Practice,Claim-Specialty,Quetiapine Fumarate,Quetiapine Fumarate,12,20,600,245.55,,,12,20,245.55,600,*,
1003010463,Burgart,Jennifer,Asheboro,NC,37,Family Practice,Claim-Specialty,Ramipril,Ramipril,15,44,1320,259.51,,,15,44,259.51,1320,*,
1003010463,Burgart,Jennifer,Asheboro,NC,37,Family Practice,Claim-Specialty,Repatha Syringe,Evolocumab,12,12,336,7042.32,,,12,12,7042.32,336,*,
1003010463,Burgart,Jennifer,Asheboro,NC,37,Family Practice,Claim-Specialty,Ropinirole Hcl,Ropinirole Hcl,25,61.3,1840,671.16,,,25,61.3,671.16,1840,*,
1003010463,Burgart,Jennifer,Asheboro,NC,37,Family Practice,Claim-Specialty,Rosuvastatin Calcium,Rosuvastatin Calcium,212,579.4,17346,3384.43,70,,189,522.4,3121.82,15645,#,
1003010463,Burgart,Jennifer,Asheboro,NC,37,Family Practice,Claim-Specialty,Sertraline Hcl,Sertraline Hcl,58,138,4140,684.2,15,#,,,,,#,
1003010463,Burgart,Jennifer,Asheboro,NC,37,Family Practice,Claim-Specialty,Simvastatin,Simvastatin,89,259.2,7775,752.88,27,,89,259.2,752.88,7775,,27
1003010463,Burgart,Jennifer,Asheboro,NC,37,Family Practice,Claim-Specialty,Spironolactone,Spironolactone,18,54,1620,267.38,,,18,54,267.38,1620,*,
1003010463,Burgart,Jennifer,Asheboro,NC,37,Family Practice,Claim-Specialty,Sumatriptan Succinate,Sumatriptan Succinate,11,17,424,103.87,,,11,17,103.87,424,*,
1003010463,Burgart,Jennifer,Asheboro,NC,37,Family Practice,Claim-Specialty,Symbicort,Budesonide/Formoterol Fumarate,17,18,540,7035.98,,#,,,,,*,
1003010463,Burgart,Jennifer,Asheboro,NC,37,Family Practice,Claim-Specialty,Synthroid,Levothyroxine Sodium,37,109,3270,4173.53,,,37,109,4173.53,3270,*,
1003010463,Burgart,Jennifer,Asheboro,NC,37,Family Practice,Claim-Specialty,Tamsulosin Hcl,Tamsulosin Hcl,78,191.3,5740,1323.52,26,,78,191.3,1323.52,5740,,26
1003010463,Burgart,Jennifer,Asheboro,NC,37,Family Practice,Claim-Specialty,Telmisartan,Telmisartan,56,164,4920,2839.57,15,#,,,,,#,
1003010463,Burgart,Jennifer,Asheboro,NC,37,Family Practice,Claim-Specialty,Telmisartan-Hydrochlorothiazid,Telmisartan/Hydrochlorothiazid,18,44,1320,2021.33,,,18,44,2021.33,1320,*,
1003010463,Burgart,Jennifer,Asheboro,NC,37,Family Practice,Claim-Specialty,Tizanidine Hcl,Tizanidine Hcl,37,66,1980,383.59,12,#,,,,,*,
1003010463,Burgart,Jennifer,Asheboro,NC,37,Family Practice,Claim-Specialty,Tramadol Hcl,Tramadol Hcl,64,64,1705,351.02,15,#,,,,,#,
1003010463,Burgart,Jennifer,Asheboro,NC,37,Family Practice,Claim-Specialty,Trazodone Hcl,Trazodone Hcl,102,234.2,6985,1482.21,40,,84,198.5,1056.78,5935,#,
1003010463,Burgart,Jennifer,Asheboro,NC,37,Family Practice,Claim-Specialty,Trelegy Ellipta,Fluticasone/Umeclidin/Vilanter,29,59,1770,38997.36,,#,,,,,*,
1003010463,Burgart,Jennifer,Asheboro,NC,37,Family Practice,Claim-Specialty,Tresiba Flextouch U-100,Insulin Degludec,16,28.7,860,8410.34,,#,,,,,*,
1003010463,Burgart,Jennifer,Asheboro,NC,37,Family Practice,Claim-Specialty,Triamcinolone Acetonide,Triamcinolone Acetonide,11,11,237,160.49,,*,,,,,*,
1003010463,Burgart,Jennifer,Asheboro,NC,37,Family Practice,Claim-Specialty,Triamterene-Hydrochlorothiazid,Triamterene/Hydrochlorothiazid,28,74,2220,281.67,,,28,74,281.67,2220,*,
1003010463,Burgart,Jennifer,Asheboro,NC,37,Family Practice,Claim-Specialty,Trulicity,Dulaglutide,22,30,872,29414.04,,,22,30,29414.04,872,*,
1003010463,Burgart,Jennifer,Asheboro,NC,37,Family Practice,Claim-Specialty,Valacyclovir,Valacyclovir Hcl,16,22,462,486.63,,#,,,,,*,
1003010463,Burgart,Jennifer,Asheboro,NC,37,Family Practice,Claim-Specialty,Venlafaxine Hcl Er,Venlafaxine Hcl,30,68,2040,850.93,,#,,,,,*,
1003010463,Burgart,Jennifer,Asheboro,NC,37,Family Practice,Claim-Specialty,Warfarin Sodium,Warfarin Sodium,12,25.5,765,181.22,,,12,25.5,181.22,765,*,
1003010463,Burgart,Jennifer,Asheboro,NC,37,Family Practice,Claim-Specialty,Xarelto,Rivaroxaban,53,104,3120,57116.71,13,,53,104,57116.71,3120,,13
1003010463,Burgart,Jennifer,Asheboro,NC,37,Family Practice,Claim-Specialty,Zolpidem Tartrate,Zolpidem Tartrate,100,100,2960,515.48,14,,100,100,515.48,2960,,14
1003010463,Burgart,Jennifer,Asheboro,NC,37,Family Practice,Claim-Specialty,Zolpidem Tartrate Er,Zolpidem Tartrate,11,13,390,93.39,,,11,13,93.39,390,*,
1003010539,Stewart,Richard,Fort Thomas,KY,21,Emergency Medicine,Claim-Specialty,Azithromycin,Azithromycin,12,12,60,79.09,12,*,,,,,*,
1003010539,Stewart,Richard,Fort Thomas,KY,21,Emergency Medicine,Claim-Specialty,Cephalexin,Cephalexin,21,21,131,124.36,21,#,,,,,#,
1003010539,Stewart,Richard,Fort Thomas,KY,21,Emergency Medicine,Claim-Specialty,Cyclobenzaprine Hcl,Cyclobenzaprine Hcl,13,13,83,41.05,13,*,,,,,*,
1003010539,Stewart,Richard,Fort Thomas,KY,21,Emergency Medicine,Claim-Specialty,Hydrocodone-Acetaminophen,Hydrocodone/Acetaminophen,34,34,97,128.57,34,#,,,,,#,
1003010539,Stewart,Richard,Fort Thomas,KY,21,Emergency Medicine,Claim-Specialty,Ondansetron Odt,Ondansetron,23,23,112,200.05,23,#,,,,,#,
1003010539,Stewart,Richard,Fort Thomas,KY,21,Emergency Medicine,Claim-Specialty,Oxycodone-Acetaminophen,Oxycodone Hcl/Acetaminophen,29,29,84,107.74,29,#,,,,,#,
1003010539,Stewart,Richard,Fort Thomas,KY,21,Emergency Medicine,Claim-Specialty,Prednisone,Prednisone,28,28,148,65.31,28,#,,,,,#,
1003010570,Chow,Ling,Bismarck,ND,38,Internal Medicine,Claim-Specialty,Cefdinir,Cefdinir,11,11,47,96.28,11,,11,11,96.28,47,,11
1003010570,Chow,Ling,Bismarck,ND,38,Internal Medicine,Claim-Specialty,Clopidogrel,Clopidogrel Bisulfate,12,12,351,105.63,12,,12,12,105.63,351,,12
1003010687,Perri,Anthony,Conroe,TX,48,Dermatology,Claim-Specialty,Alclometasone Dipropionate,Alclometasone Dipropionate,11,11,307,721.94,,*,,,,,*,
1003010687,Perri,Anthony,Conroe,TX,48,Dermatology,Claim-Specialty,Azelaic Acid,Azelaic Acid,35,37,1110,3745.56,14,,21,23,1813.72,690,#,
1003010687,Perri,Anthony,Conroe,TX,48,Dermatology,Claim-Specialty,Betamethasone Diprop Augmented,Betamethasone/Propylene Glyc,442,494.3,13118,14714.98,287,,414,466.3,13458.33,12406,,263
1003010687,Perri,Anthony,Conroe,TX,48,Dermatology,Claim-Specialty,Betamethasone Dipropionate,Betamethasone Dipropionate,731,798.5,20958,38764.87,297,,664,727.2,33642.52,18959,,272
1003010687,Perri,Anthony,Conroe,TX,48,Dermatology,Claim-Specialty,Betamethasone Valerate,Betamethasone Valerate,29,29,744,2203.07,,,18,18,1843.04,524,*,
1003010687,Perri,Anthony,Conroe,TX,48,Dermatology,Claim-Specialty,Ciclopirox,Ciclopirox,35,39,1038,1117.42,22,,35,39,1117.42,1038,,22
1003010687,Perri,Anthony,Conroe,TX,48,Dermatology,Claim-Specialty,Clindamycin Phosphate,Clindamycin Phosphate,71,77,2247,2678.34,40,,51,57,1564.5,1662,#,
1003010687,Perri,Anthony,Conroe,TX,48,Dermatology,Claim-Specialty,Clobetasol Propionate,Clobetasol Propionate,156,185,5265,10805.09,87,#,,,,,#,
1003010687,Perri,Anthony,Conroe,TX,48,Dermatology,Claim-Specialty,Desonide,Desonide,71,75.2,1732,5086.24,50,#,,,,,#,
1003010687,Perri,Anthony,Conroe,TX,48,Dermatology,Claim-Specialty,Doxycycline Hyclate,Doxycycline Hyclate,124,171.5,5022,6116.6,28,,99,144.5,4525.56,4275,#,
1003010687,Perri,Anthony,Conroe,TX,48,Dermatology,Claim-Specialty,Doxycycline Monohydrate,Doxycycline Monohydrate,13,15,450,217.48,,#,,,,,*,
1003010687,Perri,Anthony,Conroe,TX,48,Dermatology,Claim-Specialty,Famotidine,Famotidine,24,50,1485,479.75,15,,24,50,479.75,1485,,15
1003010687,Perri,Anthony,Conroe,TX,48,Dermatology,Claim-Specialty,Fluocinonide,Fluocinonide,124,134.2,3863,7309.06,73,,112,122.2,6667.77,3523,#,
1003010687,Perri,Anthony,Conroe,TX,48,Dermatology,Claim-Specialty,Fluorouracil,Fluorouracil,33,35.5,1043,5019.7,24,#,,,,,#,
1003010687,Perri,Anthony,Conroe,TX,48,Dermatology,Claim-Specialty,Halobetasol Propionate,Halobetasol Propionate,12,16,444,1818.18,,,12,16,1818.18,444,*,
1003010687,Perri,Anthony,Conroe,TX,48,Dermatology,Claim-Specialty,Hydrocortisone,Hydrocortisone,921,985.7,23348,5698.06,508,,857,919.2,5207.05,21888,,474
1003010687,Perri,Anthony,Conroe,TX,48,Dermatology,Claim-Specialty,Ketoconazole,Ketoconazole,123,139.7,4047,4673.62,59,#,,,,,#,
1003010687,Perri,Anthony,Conroe,TX,48,Dermatology,Claim-Specialty,Methylprednisolone,Methylprednisolone,21,21,126,174.68,19,,21,21,174.68,126,,19
1003010687,Perri,Anthony,Conroe,TX,48,Dermatology,Claim-Specialty,Metronidazole,Metronidazole,252,289.2,8226,20137.36,131,,212,246.1,16684.46,6995,,118
1003010687,Perri,Anthony,Conroe,TX,48,Dermatology,Claim-Specialty,Minocycline Hcl,Minocycline Hcl,115,131,3637,2607.81,55,,96,108,2087.13,2947,#,
1003010687,Perri,Anthony,Conroe,TX,48,Dermatology,Claim-Specialty,Mupirocin,Mupirocin,765,787.2,11764,6748.54,626,,742,764.2,6542.3,11399,,611
1003010687,Perri,Anthony,Conroe,TX,48,Dermatology,Claim-Specialty,Spironolactone,Spironolactone,22,38,1036,629.79,,*,,,,,*,
1003010687,Perri,Anthony,Conroe,TX,48,Dermatology,Claim-Specialty,Sulfamethoxazole-Trimethoprim,Sulfamethoxazole/Trimethoprim,17,17,128,90.89,14,,17,17,90.89,128,,14
1003010687,Perri,Anthony,Conroe,TX,48,Dermatology,Claim-Specialty,Tretinoin,Tretinoin,23,23,603,849.22,,#,,,,,*,
1003010687,Perri,Anthony,Conroe,TX,48,Dermatology,Claim-Specialty,Triamcinolone Acetonide,Triamcinolone Acetonide,212,273,7879,3448.04,109,,201,262,3235.63,7551,#,
1003010687,Perri,Anthony,Conroe,TX,48,Dermatology,Claim-Specialty,Valacyclovir,Valacyclovir Hcl,24,25,356,635.93,19,#,,,,,#,
1003010703,Brindley,Mace,Temple,TX,48,Otolaryngology,Claim-Specialty,Cefdinir,Cefdinir,21,21,336,688.45,19,#,,,,,#,
1003010703,Brindley,Mace,Temple,TX,48,Otolaryngology,Claim-Specialty,Ciprofloxacin-Dexamethasone,Ciprofloxacin Hcl/Dexameth,22,22,235,3789.04,14,#,,,,,#,
1003010703,Brindley,Mace,Temple,TX,48,Otolaryngology,Claim-Specialty,Fluticasone Propionate,Fluticasone Propionate,14,25,750,253.6,,#,,,,,*,
1003010703,Brindley,Mace,Temple,TX,48,Otolaryngology,Claim-Specialty,Ipratropium Bromide,Ipratropium Bromide,37,37,883,1119.11,,,37,37,1119.11,883,*,
1003010703,Brindley,Mace,Temple,TX,48,Otolaryngology,Claim-Specialty,Ofloxacin,Ofloxacin,12,12.1,123,873.76,,,12,12.1,873.76,123,*,
1003010703,Brindley,Mace,Temple,TX,48,Otolaryngology,Claim-Specialty,Omeprazole,Omeprazole,19,27,810,110.68,,,19,27,110.68,810,*,
1003010703,Brindley,Mace,Temple,TX,48,Otolaryngology,Claim-Specialty,Pantoprazole Sodium,Pantoprazole Sodium,76,159.7,4790,983.53,30,,65,136.7,821.76,4100,#,
1003010786,Savoie,Jeri,Amsterdam,NY,36,Nurse Practitioner,Claim-Specialty,Albuterol Sulfate Hfa,Albuterol Sulfate,90,116,2983,3461.68,32,,61,77.4,2432.11,1984,#,
1003010786,Savoie,Jeri,Amsterdam,NY,36,Nurse Practitioner,Claim-Specialty,Alendronate Sodium,Alendronate Sodium,25,53.8,1596,343.17,,#,,,,,*,
1003010786,Savoie,Jeri,Amsterdam,NY,36,Nurse Practitioner,Claim-Specialty,Allopurinol,Allopurinol,26,62.7,1881,235.7,,#,,,,,*,
1003010786,Savoie,Jeri,Amsterdam,NY,36,Nurse Practitioner,Claim-Specialty,Alprazolam,Alprazolam,45,45,1068,317.45,16,,29,29,98.51,758,#,
1003010786,Savoie,Jeri,Amsterdam,NY,36,Nurse Practitioner,Claim-Specialty,Amitriptyline Hcl,Amitriptyline Hcl,34,68,2013,596.73,,#,,,,,*,
1003010786,Savoie,Jeri,Amsterdam,NY,36,Nurse Practitioner,Claim-Specialty,Amlodipine Besylate,Amlodipine Besylate,158,432,12923,866.53,49,#,,,,,#,
1003010786,Savoie,Jeri,Amsterdam,NY,36,Nurse Practitioner,Claim-Specialty,Amoxicillin,Amoxicillin,11,15,231,37.82,,*,,,,,*,
1003010786,Savoie,Jeri,Amsterdam,NY,36,Nurse Practitioner,Claim-Specialty,Anoro Ellipta,Umeclidinium Brm/Vilanterol Tr,18,28,840,12567.38,,#,,,,,*,
1003010786,Savoie,Jeri,Amsterdam,NY,36,Nurse Practitioner,Claim-Specialty,Aripiprazole,Aripiprazole,50,66,1980,1431.79,,,28,28,973.91,840,*,
1003010786,Savoie,Jeri,Amsterdam,NY,36,Nurse Practitioner,Claim-Specialty,Armour Thyroid,"Thyroid,pork",22,26,780,918.19,,*,,,,,*,
1003010786,Savoie,Jeri,Amsterdam,NY,36,Nurse Practitioner,Claim-Specialty,Atenolol,Atenolol,71,212,6344,440.29,19,#,,,,,#,
1003010786,Savoie,Jeri,Amsterdam,NY,36,Nurse Practitioner,Claim-Specialty,Atorvastatin Calcium,Atorvastatin Calcium,234,641.5,19232,2715.18,69,,210,579.5,1989.39,17372,#,
1003010786,Savoie,Jeri,Amsterdam,NY,36,Nurse Practitioner,Claim-Specialty,Azithromycin,Azithromycin,17,17,85,112.54,16,#,,,,,#,
1003010786,Savoie,Jeri,Amsterdam,NY,36,Nurse Practitioner,Claim-Specialty,Baclofen,Baclofen,15,19,570,579.85,,,0,0,0,0,#,
1003010786,Savoie,Jeri,Amsterdam,NY,36,Nurse Practitioner,Claim-Specialty,Breo Ellipta,Fluticasone/Vilanterol,15,15,450,6151.71,,*,,,,,*,
1003010786,Savoie,Jeri,Amsterdam,NY,36,Nurse Practitioner,Claim-Specialty,Buprenorphine-Naloxone,Buprenorphine Hcl/Naloxone Hcl,86,86,2322,17773.1,18,*,,,,,*,
1003010786,Savoie,Jeri,Amsterdam,NY,36,Nurse Practitioner,Claim-Specialty,Bupropion Hcl Sr,Bupropion Hcl,35,43,1290,746.38,,,17,23,500.14,690,*,
1003010786,Savoie,Jeri,Amsterdam,NY,36,Nurse Practitioner,Claim-Specialty,Bupropion Xl,Bupropion Hcl,100,162,4860,2444.91,18,,49,83,1317,2490,*,
1003010786,Savoie,Jeri,Amsterdam,NY,36,Nurse Practitioner,Claim-Specialty,Buspirone Hcl,Buspirone Hcl,29,33,730,307.12,,#,,,,,*,
1003010786,Savoie,Jeri,Amsterdam,NY,36,Nurse Practitioner,Claim-Specialty,Butalbital-Acetaminophen-Caffe,Butalb/Acetaminophen/Caffeine,27,27,810,1635.64,,,12,12,171.36,360,*,
1003010786,Savoie,Jeri,Amsterdam,NY,36,Nurse Practitioner,Claim-Specialty,Carisoprodol,Carisoprodol,15,15,440,159.06,,,15,15,159.06,440,*,
1003010786,Savoie,Jeri,Amsterdam,NY,36,Nurse Practitioner,Claim-Specialty,Cefuroxime,Cefuroxime Axetil,27,27,286,674.94,25,#,,,,,#,
1003010786,Savoie,Jeri,Amsterdam,NY,36,Nurse Practitioner,Claim-Specialty,Celecoxib,Celecoxib,13,31,930,342.47,,*,,,,,*,
1003010786,Savoie,Jeri,Amsterdam,NY,36,Nurse Practitioner,Claim-Specialty,Cephalexin,Cephalexin,39,45.7,956,383.8,21,#,,,,,#,
1003010786,Savoie,Jeri,Amsterdam,NY,36,Nurse Practitioner,Claim-Specialty,Cimetidine,Cimetidine,21,40,1200,1455.65,,*,,,,,*,
1003010786,Savoie,Jeri,Amsterdam,NY,36,Nurse Practitioner,Claim-Specialty,Citalopram Hbr,Citalopram Hydrobromide,50,136,4080,239.74,15,#,,,,,#,
1003010786,Savoie,Jeri,Amsterdam,NY,36,Nurse Practitioner,Claim-Specialty,Clonazepam,Clonazepam,135,135,3339,707.49,23,,64,64,198.62,1362,*,
1003010786,Savoie,Jeri,Amsterdam,NY,36,Nurse Practitioner,Claim-Specialty,Clonidine,Clonidine,13,18.4,532,974.93,,*,,,,,*,
1003010786,Savoie,Jeri,Amsterdam,NY,36,Nurse Practitioner,Claim-Specialty,Clopidogrel,Clopidogrel Bisulfate,15,25,750,231.43,,*,,,,,*,
1003010786,Savoie,Jeri,Amsterdam,NY,36,Nurse Practitioner,Claim-Specialty,Cyclobenzaprine Hcl,Cyclobenzaprine Hcl,43,49,1130,174.54,15,,21,27,68.56,525,*,
1003010786,Savoie,Jeri,Amsterdam,NY,36,Nurse Practitioner,Claim-Specialty,Dextroamphetamine-Amphetamine,Dextroamphetamine/Amphetamine,17,17,510,623.19,,,0,0,0,0,#,
1003010786,Savoie,Jeri,Amsterdam,NY,36,Nurse Practitioner,Claim-Specialty,Diazepam,Diazepam,20,20,345,88.99,,#,,,,,*,
1003010786,Savoie,Jeri,Amsterdam,NY,36,Nurse Practitioner,Claim-Specialty,Diclofenac Sodium,Diclofenac Sodium,23,27,672,319.31,,,12,16,60.64,480,*,
1003010786,Savoie,Jeri,Amsterdam,NY,36,Nurse Practitioner,Claim-Specialty,Diltiazem 24hr Er,Diltiazem Hcl,15,31,930,657.08,,,15,31,657.08,930,*,
1003010786,Savoie,Jeri,Amsterdam,NY,36,Nurse Practitioner,Claim-Specialty,Diltiazem 24hr Er (Cd),Diltiazem Hcl,20,48,1440,812.65,,,20,48,812.65,1440,*,
1003010786,Savoie,Jeri,Amsterdam,NY,36,Nurse Practitioner,Claim-Specialty,Diphenoxylate-Atropine,Diphenoxylate Hcl/Atropine,15,15,450,395.39,,,15,15,395.39,450,*,
1003010786,Savoie,Jeri,Amsterdam,NY,36,Nurse Practitioner,Claim-Specialty,Divalproex Sodium,Divalproex Sodium,11,21,625,682.8,,,11,21,682.8,625,*,
1003010786,Savoie,Jeri,Amsterdam,NY,36,Nurse Practitioner,Claim-Specialty,Donepezil Hcl,Donepezil Hcl,19,31,915,564.5,,,19,31,564.5,915,*,
1003010786,Savoie,Jeri,Amsterdam,NY,36,Nurse Practitioner,Claim-Specialty,Doxycycline Hyclate,Doxycycline Hyclate,26,26,329,556.02,22,,15,15,259.28,171,#,
1003010786,Savoie,Jeri,Amsterdam,NY,36,Nurse Practitioner,Claim-Specialty,Duloxetine Hcl,Duloxetine Hcl,85,155,4580,1718.11,17,,60,122,1165.09,3600,#,
1003010786,Savoie,Jeri,Amsterdam,NY,36,Nurse Practitioner,Claim-Specialty,Eliquis,Apixaban,32,72.7,2180,42164.82,,,20,60.7,35109.78,1820,*,
1003010786,Savoie,Jeri,Amsterdam,NY,36,Nurse Practitioner,Claim-Specialty,Erythromycin,Erythromycin Base,14,14,395,6075.91,,#,,,,,*,
1003010786,Savoie,Jeri,Amsterdam,NY,36,Nurse Practitioner,Claim-Specialty,Escitalopram Oxalate,Escitalopram Oxalate,115,199,5970,1202.91,23,,75,147,622.4,4410,#,
1003010786,Savoie,Jeri,Amsterdam,NY,36,Nurse Practitioner,Claim-Specialty,Esomeprazole Magnesium,Esomeprazole Magnesium,22,32,960,2148.61,,*,,,,,*,
1003010786,Savoie,Jeri,Amsterdam,NY,36,Nurse Practitioner,Claim-Specialty,Estradiol,Estradiol,12,20,600,632.09,,*,,,,,*,
1003010786,Savoie,Jeri,Amsterdam,NY,36,Nurse Practitioner,Claim-Specialty,Ezetimibe,Ezetimibe,26,56,1680,427.34,,#,,,,,*,
1003010786,Savoie,Jeri,Amsterdam,NY,36,Nurse Practitioner,Claim-Specialty,Famotidine,Famotidine,136,298.7,8962,2807.36,32,,96,234.7,1563.51,7042,#,
1003010786,Savoie,Jeri,Amsterdam,NY,36,Nurse Practitioner,Claim-Specialty,Fentanyl,Fentanyl,41,41,1230,3656.68,,,0,0,0,0,#,
1003010786,Savoie,Jeri,Amsterdam,NY,36,Nurse Practitioner,Claim-Specialty,Fluconazole,Fluconazole,26,26,255,295.24,23,#,,,,,#,
1003010786,Savoie,Jeri,Amsterdam,NY,36,Nurse Practitioner,Claim-Specialty,Fluoxetine Hcl,Fluoxetine Hcl,72,120,3563,829.9,11,,44,68,304.57,2019,*,
1003010786,Savoie,Jeri,Amsterdam,NY,36,Nurse Practitioner,Claim-Specialty,Fluticasone Propionate,Fluticasone Propionate,68,111,3285,1371.59,20,,50,81,843.76,2430,#,
1003010786,Savoie,Jeri,Amsterdam,NY,36,Nurse Practitioner,Claim-Specialty,Furosemide,Furosemide,63,123,3673,282.38,18,,40,92,161.88,2745,#,
1003010786,Savoie,Jeri,Amsterdam,NY,36,Nurse Practitioner,Claim-Specialty,Gabapentin,Gabapentin,146,227.6,6766,2759.03,36,,81,136,1089.93,4043,,22
1003010786,Savoie,Jeri,Amsterdam,NY,36,Nurse Practitioner,Claim-Specialty,Glipizide,Glipizide,21,62,1860,240.24,,#,,,,,*,
1003010786,Savoie,Jeri,Amsterdam,NY,36,Nurse Practitioner,Claim-Specialty,Glipizide Er,Glipizide,47,118.8,3540,678,11,,30,78,417.18,2340,*,
1003010786,Savoie,Jeri,Amsterdam,NY,36,Nurse Practitioner,Claim-Specialty,Glycopyrrolate,Glycopyrrolate,11,11,330,1209.46,,,0,0,0,0,#,
1003010786,Savoie,Jeri,Amsterdam,NY,36,Nurse Practitioner,Claim-Specialty,Hydrochlorothiazide,Hydrochlorothiazide,124,321,9612,371.08,31,#,,,,,#,
1003010786,Savoie,Jeri,Amsterdam,NY,36,Nurse Practitioner,Claim-Specialty,Hydrocodone-Acetaminophen,Hydrocodone/Acetaminophen,144,144,3844,4885.24,40,,46,46,1085.01,1086,,19
1003010786,Savoie,Jeri,Amsterdam,NY,36,Nurse Practitioner,Claim-Specialty,Hydroxyzine Hcl,Hydroxyzine Hcl,16,16,470,404.1,,*,,,,,*,
1003010786,Savoie,Jeri,Amsterdam,NY,36,Nurse Practitioner,Claim-Specialty,Ibuprofen,Ibuprofen,31,35.3,1050,375.1,12,,17,21.3,177.25,640,*,
1003010786,Savoie,Jeri,Amsterdam,NY,36,Nurse Practitioner,Claim-Specialty,Irbesartan,Irbesartan,39,110.7,3270,2683.09,,,39,110.7,2683.09,3270,*,
1003010786,Savoie,Jeri,Amsterdam,NY,36,Nurse Practitioner,Claim-Specialty,Isosorbide Mononitrate Er,Isosorbide Mononitrate,22,36,1065,680.59,,,22,36,680.59,1065,*,
1003010786,Savoie,Jeri,Amsterdam,NY,36,Nurse Practitioner,Claim-Specialty,Januvia,Sitagliptin Phosphate,61,129,3870,68582.82,13,#,,,,,#,
1003010786,Savoie,Jeri,Amsterdam,NY,36,Nurse Practitioner,Claim-Specialty,Jardiance,Empagliflozin,37,83,2490,48639.97,,,26,72,42407.26,2160,*,
1003010786,Savoie,Jeri,Amsterdam,NY,36,Nurse Practitioner,Claim-Specialty,Lactulose,Lactulose,13,13,100,182.52,,,0,0,0,0,#,
1003010786,Savoie,Jeri,Amsterdam,NY,36,Nurse Practitioner,Claim-Specialty,Lansoprazole,Lansoprazole,24,42.3,1270,1236.96,,#,,,,,*,
1003010786,Savoie,Jeri,Amsterdam,NY,36,Nurse Practitioner,Claim-Specialty,Lantus Solostar,"Insulin Glargine,hum.Rec.Anlog",24,45.9,1359,20990.96,,#,,,,,*,
1003010786,Savoie,Jeri,Amsterdam,NY,36,Nurse Practitioner,Claim-Specialty,Levemir Flexpen,Insulin Detemir,11,23.3,700,12906.43,,,11,23.3,12906.43,700,*,
1003010786,Savoie,Jeri,Amsterdam,NY,36,Nurse Practitioner,Claim-Specialty,Levothyroxine Sodium,Levothyroxine Sodium,280,696.3,20852,6169.27,69,,220,598.3,5339.02,17912,#,
1003010786,Savoie,Jeri,Amsterdam,NY,36,Nurse Practitioner,Claim-Specialty,Linzess,Linaclotide,23,27,810,14588.58,,,0,0,0,0,#,
1003010786,Savoie,Jeri,Amsterdam,NY,36,Nurse Practitioner,Claim-Specialty,Lisinopril,Lisinopril,235,648.2,19446,1458.75,67,,204,579.2,1229.46,17376,#,
1003010786,Savoie,Jeri,Amsterdam,NY,36,Nurse Practitioner,Claim-Specialty,Lisinopril-Hydrochlorothiazide,Lisinopril/Hydrochlorothiazide,15,45,1350,401.57,,,15,45,401.57,1350,*,
1003010786,Savoie,Jeri,Amsterdam,NY,36,Nurse Practitioner,Claim-Specialty,Lorazepam,Lorazepam,27,27,742,260.63,,*,,,,,*,
1003010786,Savoie,Jeri,Amsterdam,NY,36,Nurse Practitioner,Claim-Specialty,Losartan Potassium,Losartan Potassium,130,380.3,11410,1949.98,42,#,,,,,#,
1003010786,Savoie,Jeri,Amsterdam,NY,36,Nurse Practitioner,Claim-Specialty,Lubiprostone,Lubiprostone,12,12,360,3090.19,,,0,0,0,0,#,
1003010786,Savoie,Jeri,Amsterdam,NY,36,Nurse Practitioner,Claim-Specialty,Meloxicam,Meloxicam,25,33,990,96.77,,,25,33,96.77,990,*,
1003010786,Savoie,Jeri,Amsterdam,NY,36,Nurse Practitioner,Claim-Specialty,Memantine Hcl,Memantine Hcl,12,12,360,325.35,,,12,12,325.35,360,*,
1003010786,Savoie,Jeri,Amsterdam,NY,36,Nurse Practitioner,Claim-Specialty,Metformin Hcl,Metformin Hcl,73,188.3,5650,473.01,22,,58,159.3,362.97,4780,#,
1003010786,Savoie,Jeri,Amsterdam,NY,36,Nurse Practitioner,Claim-Specialty,Metformin Hcl Er,Metformin Hcl,21,45,1350,472.42,,#,,,,,*,
1003010786,Savoie,Jeri,Amsterdam,NY,36,Nurse Practitioner,Claim-Specialty,Metoprolol Succinate,Metoprolol Succinate,78,198.7,5960,1381.21,22,,58,160.7,1192.4,4820,#,
1003010786,Savoie,Jeri,Amsterdam,NY,36,Nurse Practitioner,Claim-Specialty,Metoprolol Tartrate,Metoprolol Tartrate,59,162,4860,512.66,17,#,,,,,#,
1003010786,Savoie,Jeri,Amsterdam,NY,36,Nurse Practitioner,Claim-Specialty,Mirtazapine,Mirtazapine,18,38,1140,146.8,,,18,38,146.8,1140,*,
1003010786,Savoie,Jeri,Amsterdam,NY,36,Nurse Practitioner,Claim-Specialty,Montelukast Sodium,Montelukast Sodium,58,120,3600,938.47,14,,32,86,413.59,2580,*,
1003010786,Savoie,Jeri,Amsterdam,NY,36,Nurse Practitioner,Claim-Specialty,Morphine Sulfate Er,Morphine Sulfate,29,29,805,1452.56,,*,,,,,*,
1003010786,Savoie,Jeri,Amsterdam,NY,36,Nurse Practitioner,Claim-Specialty,Nifedipine Er,Nifedipine,15,33,990,424.82,,,15,33,424.82,990,*,
1003010786,Savoie,Jeri,Amsterdam,NY,36,Nurse Practitioner,Claim-Specialty,Nitrofurantoin,Nitrofurantoin Macrocrystal,14,18,540,773.8,,,14,18,773.8,540,*,
1003010786,Savoie,Jeri,Amsterdam,NY,36,Nurse Practitioner,Claim-Specialty,Nystatin,Nystatin,37,43,997,688.67,16,,22,28,380.72,638,#,
1003010786,Savoie,Jeri,Amsterdam,NY,36,Nurse Practitioner,Claim-Specialty,Omeprazole,Omeprazole,258,614.2,18373,3616.15,69,,204,496.2,2594.77,14845,,55
1003010786,Savoie,Jeri,Amsterdam,NY,36,Nurse Practitioner,Claim-Specialty,Ondansetron Odt,Ondansetron,28,28,502,709.61,,*,,,,,*,
1003010786,Savoie,Jeri,Amsterdam,NY,36,Nurse Practitioner,Claim-Specialty,Oxybutynin Chloride Er,Oxybutynin Chloride,17,43,1290,372.13,,#,,,,,*,
1003010786,Savoie,Jeri,Amsterdam,NY,36,Nurse Practitioner,Claim-Specialty,Oxycodone Hcl,Oxycodone Hcl,35,35,903,631.92,,#,,,,,*,
1003010786,Savoie,Jeri,Amsterdam,NY,36,Nurse Practitioner,Claim-Specialty,Oxycodone-Acetaminophen,Oxycodone Hcl/Acetaminophen,17,17,410,321.65,,*,,,,,*,
1003010786,Savoie,Jeri,Amsterdam,NY,36,Nurse Practitioner,Claim-Specialty,Ozempic,Semaglutide,27,36.1,1038,35399.9,,,13,18.5,17847.32,534,*,
1003010786,Savoie,Jeri,Amsterdam,NY,36,Nurse Practitioner,Claim-Specialty,Pantoprazole Sodium,Pantoprazole Sodium,40,110.9,3326,829.26,11,#,,,,,*,
1003010786,Savoie,Jeri,Amsterdam,NY,36,Nurse Practitioner,Claim-Specialty,Paroxetine Hcl,Paroxetine Hcl,14,42,1260,262.5,,,14,42,262.5,1260,*,
1003010786,Savoie,Jeri,Amsterdam,NY,36,Nurse Practitioner,Claim-Specialty,Paxlovid (Eua),Nirmatrelvir/Ritonavir,26,26,130,225.5,26,#,,,,,#,
1003010786,Savoie,Jeri,Amsterdam,NY,36,Nurse Practitioner,Claim-Specialty,Phenytoin Sodium Extended,Phenytoin Sodium Extended,12,12,360,309.6,,,12,12,309.6,360,*,
1003010786,Savoie,Jeri,Amsterdam,NY,36,Nurse Practitioner,Claim-Specialty,Potassium Chloride,Potassium Chloride,20,38,1140,473.25,,,20,38,473.25,1140,*,
1003010786,Savoie,Jeri,Amsterdam,NY,36,Nurse Practitioner,Claim-Specialty,Pramipexole Dihydrochloride,Pramipexole Di-Hcl,18,28,840,177.24,,#,,,,,*,
1003010786,Savoie,Jeri,Amsterdam,NY,36,Nurse Practitioner,Claim-Specialty,Pramipexole Er,Pramipexole Di-Hcl,13,13,390,4986.72,,,0,0,0,0,#,
1003010786,Savoie,Jeri,Amsterdam,NY,36,Nurse Practitioner,Claim-Specialty,Pravastatin Sodium,Pravastatin Sodium,31,87.9,2610,716.33,,,31,87.9,716.33,2610,*,
1003010786,Savoie,Jeri,Amsterdam,NY,36,Nurse Practitioner,Claim-Specialty,Prednisone,Prednisone,53,53.1,841,298.66,33,,42,42.1,167.61,715,#,
1003010786,Savoie,Jeri,Amsterdam,NY,36,Nurse Practitioner,Claim-Specialty,Pregabalin,Pregabalin,11,11,330,586.26,,*,,,,,*,
1003010786,Savoie,Jeri,Amsterdam,NY,36,Nurse Practitioner,Claim-Specialty,Premarin,"Estrogens, Conjugated",12,12,360,2555.01,,,0,0,0,0,#,
1003010786,Savoie,Jeri,Amsterdam,NY,36,Nurse Practitioner,Claim-Specialty,Promethazine Hcl,Promethazine Hcl,32,32,660,300.49,,*,,,,,*,
1003010786,Savoie,Jeri,Amsterdam,NY,36,Nurse Practitioner,Claim-Specialty,Quetiapine Fumarate,Quetiapine Fumarate,14,29,865,347.41,,*,,,,,*,
1003010786,Savoie,Jeri,Amsterdam,NY,36,Nurse Practitioner,Claim-Specialty,Rizatriptan,Rizatriptan Benzoate,19,19,395,123.32,,,0,0,0,0,#,
1003010786,Savoie,Jeri,Amsterdam,NY,36,Nurse Practitioner,Claim-Specialty,Rosuvastatin Calcium,Rosuvastatin Calcium,228,579.5,17358,5933.93,60,,175,479.5,2374.46,14358,#,
1003010786,Savoie,Jeri,Amsterdam,NY,36,Nurse Practitioner,Claim-Specialty,Sertraline Hcl,Sertraline Hcl,95,203,6036,724.88,23,,79,157,374.11,4656,#,
1003010786,Savoie,Jeri,Amsterdam,NY,36,Nurse Practitioner,Claim-Specialty,Simvastatin,Simvastatin,53,159,4770,449.92,17,#,,,,,#,
1003010786,Savoie,Jeri,Amsterdam,NY,36,Nurse Practitioner,Claim-Specialty,Spiriva Respimat,Tiotropium Bromide,15,23,690,11706.28,,,15,23,11706.28,690,*,
1003010786,Savoie,Jeri,Amsterdam,NY,36,Nurse Practitioner,Claim-Specialty,Suboxone,Buprenorphine Hcl/Naloxone Hcl,15,15,440,8271.12,,,0,0,0,0,#,
1003010786,Savoie,Jeri,Amsterdam,NY,36,Nurse Practitioner,Claim-Specialty,Sulfamethoxazole-Trimethoprim,Sulfamethoxazole/Trimethoprim,13,13,135,63.23,,,13,13,63.23,135,*,
1003010786,Savoie,Jeri,Amsterdam,NY,36,Nurse Practitioner,Claim-Specialty,Symbicort,Budesonide/Formoterol Fumarate,33,36,1080,14504.51,,#,,,,,*,
1003010786,Savoie,Jeri,Amsterdam,NY,36,Nurse Practitioner,Claim-Specialty,Synthroid,Levothyroxine Sodium,27,79,2347,1736.06,,#,,,,,*,
1003010786,Savoie,Jeri,Amsterdam,NY,36,Nurse Practitioner,Claim-Specialty,Tamsulosin Hcl,Tamsulosin Hcl,63,117.1,3513,795.37,13,#,,,,,#,
1003010786,Savoie,Jeri,Amsterdam,NY,36,Nurse Practitioner,Claim-Specialty,Testosterone Cypionate,Testosterone Cypionate,18,26.1,731,611.81,,,18,26.1,611.81,731,*,
1003010786,Savoie,Jeri,Amsterdam,NY,36,Nurse Practitioner,Claim-Specialty,Tizanidine Hcl,Tizanidine Hcl,21,23,690,312.64,,#,,,,,*,
1003010786,Savoie,Jeri,Amsterdam,NY,36,Nurse Practitioner,Claim-Specialty,Topiramate,Topiramate,11,33,990,196.87,,*,,,,,*,
1003010786,Savoie,Jeri,Amsterdam,NY,36,Nurse Practitioner,Claim-Specialty,Torsemide,Torsemide,24,36,1080,515.71,,,24,36,515.71,1080,*,
1003010786,Savoie,Jeri,Amsterdam,NY,36,Nurse Practitioner,Claim-Specialty,Tradjenta,Linagliptin,12,36,1080,18436.63,,,12,36,18436.63,1080,*,
1003010786,Savoie,Jeri,Amsterdam,NY,36,Nurse Practitioner,Claim-Specialty,Tramadol Hcl,Tramadol Hcl,72,72,1749,469.07,24,,57,57,340.57,1375,#,
1003010786,Savoie,Jeri,Amsterdam,NY,36,Nurse Practitioner,Claim-Specialty,Trazodone Hcl,Trazodone Hcl,41,77,2310,577.05,,,27,63,378.65,1890,*,
1003010786,Savoie,Jeri,Amsterdam,NY,36,Nurse Practitioner,Claim-Specialty,Tresiba Flextouch U-200,Insulin Degludec,12,22.1,607,15624.38,,*,,,,,*,
1003010786,Savoie,Jeri,Amsterdam,NY,36,Nurse Practitioner,Claim-Specialty,Triamcinolone Acetonide,Triamcinolone Acetonide,12,18,471,85.56,,*,,,,,*,
1003010786,Savoie,Jeri,Amsterdam,NY,36,Nurse Practitioner,Claim-Specialty,Triamterene-Hydrochlorothiazid,Triamterene/Hydrochlorothiazid,23,69,2070,239.43,,#,,,,,*,
1003010786,Savoie,Jeri,Amsterdam,NY,36,Nurse Practitioner,Claim-Specialty,Trulicity,Dulaglutide,56,77.6,2240,76180.82,,#,,,,,*,
1003010786,Savoie,Jeri,Amsterdam,NY,36,Nurse Practitioner,Claim-Specialty,Ultra-Fine Mini Pen Needle,"Pen Needle, Diabetic",22,26.7,745,1050.11,,#,,,,,*,
1003010786,Savoie,Jeri,Amsterdam,NY,36,Nurse Practitioner,Claim-Specialty,Valacyclovir,Valacyclovir Hcl,23,35,724,404.49,,#,,,,,*,
1003010786,Savoie,Jeri,Amsterdam,NY,36,Nurse Practitioner,Claim-Specialty,Varenicline Tartrate,Varenicline Tartrate,13,20.5,598,6032,,*,,,,,*,
1003010786,Savoie,Jeri,Amsterdam,NY,36,Nurse Practitioner,Claim-Specialty,Venlafaxine Hcl Er,Venlafaxine Hcl,22,26,780,337.05,,#,,,,,*,
1003010786,Savoie,Jeri,Amsterdam,NY,36,Nurse Practitioner,Claim-Specialty,Zolpidem Tartrate,Zolpidem Tartrate,27,29,870,223.49,,,27,29,223.49,870,*,
1003010802,Bierden,Rebecca,Johnstown,CO,08,Physical Medicine and Rehabilitation,Claim-Specialty,Furosemide,Furosemide,13,13,230,52.91,,,13,13,52.91,230,*,
1003010844,Insana,Antonino,St Petersburg,FL,12,Emergency Medicine,Claim-Specialty,Amoxicillin-Clavulanate Potass,Amoxicillin/Potassium Clav,13,13,113,115.62,13,*,,,,,*,
1003010844,Insana,Antonino,St Petersburg,FL,12,Emergency Medicine,Claim-Specialty,Cephalexin,Cephalexin,11,11,84,88.88,11,*,,,,,*,
1003010844,Insana,Antonino,St Petersburg,FL,12,Emergency Medicine,Claim-Specialty,Doxycycline Hyclate,Doxycycline Hyclate,15,15,127,257.69,15,#,,,,,#,
1003010844,Insana,Antonino,St Petersburg,FL,12,Emergency Medicine,Claim-Specialty,Ibuprofen,Ibuprofen,49,49,332,163.91,49,,23,23,66.17,151,,23
1003010844,Insana,Antonino,St Petersburg,FL,12,Emergency Medicine,Claim-Specialty,Ondansetron Odt,Ondansetron,31,31,167,239.98,31,,16,16,112.02,70,,16
1003010844,Insana,Antonino,St Petersburg,FL,12,Emergency Medicine,Claim-Specialty,Oxycodone-Acetaminophen,Oxycodone Hcl/Acetaminophen,55,55,163,184.91,54,,36,36,130.08,107,,36
1003010844,Insana,Antonino,St Petersburg,FL,12,Emergency Medicine,Claim-Specialty,Prednisone,Prednisone,22,22,158,79.93,21,#,,,,,#,
1003010844,Insana,Antonino,St Petersburg,FL,12,Emergency Medicine,Claim-Specialty,Sulfamethoxazole-Trimethoprim,Sulfamethoxazole/Trimethoprim,12,12,124,95.46,12,*,,,,,*,
1003010893,Hatchette,Andrea,Carrollton,TX,48,Urology,Claim-Specialty,Amoxicillin,Amoxicillin,24,25.5,305,256.11,11,,24,25.5,256.11,305,,11
1003010893,Hatchette,Andrea,Carrollton,TX,48,Urology,Claim-Specialty,Cephalexin,Cephalexin,18,30,673,301.94,11,#,,,,,*,
1003010893,Hatchette,Andrea,Carrollton,TX,48,Urology,Claim-Specialty,Ciprofloxacin Hcl,Ciprofloxacin Hcl,81,83,571,606.66,67,#,,,,,#,
1003010893,Hatchette,Andrea,Carrollton,TX,48,Urology,Claim-Specialty,Dutasteride,Dutasteride,11,11,330,207.02,,,11,11,207.02,330,*,
1003010893,Hatchette,Andrea,Carrollton,TX,48,Urology,Claim-Specialty,Estradiol,Estradiol,42,123,3690,1935.36,23,,42,123,1935.36,3690,,23
1003010893,Hatchette,Andrea,Carrollton,TX,48,Urology,Claim-Specialty,Finasteride,Finasteride,168,495,14850,2426.67,52,,168,495,2426.67,14850,,52
1003010893,Hatchette,Andrea,Carrollton,TX,48,Urology,Claim-Specialty,Fluconazole,Fluconazole,11,11,16,63.35,,*,,,,,*,
1003010893,Hatchette,Andrea,Carrollton,TX,48,Urology,Claim-Specialty,Hydrocodone-Acetaminophen,Hydrocodone/Acetaminophen,25,25,49,172.61,23,#,,,,,#,
1003010893,Hatchette,Andrea,Carrollton,TX,48,Urology,Claim-Specialty,Myrbetriq,Mirabegron,45,67,2008,30608.67,,,45,67,30608.67,2008,*,
1003010893,Hatchette,Andrea,Carrollton,TX,48,Urology,Claim-Specialty,Nitrofurantoin,Nitrofurantoin Macrocrystal,26,38,982,807.36,,,26,38,807.36,982,*,
1003010893,Hatchette,Andrea,Carrollton,TX,48,Urology,Claim-Specialty,Nitrofurantoin Mono-Macro,Nitrofurantoin Monohyd/M-Cryst,75,110.8,2322,1964.55,45,,64,87,1547.98,1677,#,
1003010893,Hatchette,Andrea,Carrollton,TX,48,Urology,Claim-Specialty,Oxybutynin Chloride Er,Oxybutynin Chloride,95,209,6085,1306.89,54,#,,,,,#,
1003010893,Hatchette,Andrea,Carrollton,TX,48,Urology,Claim-Specialty,Solifenacin Succinate,Solifenacin Succinate,81,205,6150,1769.76,34,#,,,,,#,
1003010893,Hatchette,Andrea,Carrollton,TX,48,Urology,Claim-Specialty,Sulfamethoxazole-Trimethoprim,Sulfamethoxazole/Trimethoprim,28,34,621,374.03,18,#,,,,,#,
1003010893,Hatchette,Andrea,Carrollton,TX,48,Urology,Claim-Specialty,Tamsulosin Hcl,Tamsulosin Hcl,295,814.5,24322,4788.96,108,#,,,,,#,
1003010893,Hatchette,Andrea,Carrollton,TX,48,Urology,Claim-Specialty,Terazosin Hcl,Terazosin Hcl,15,43.7,1310,725.12,,,15,43.7,725.12,1310,*,
1003010893,Hatchette,Andrea,Carrollton,TX,48,Urology,Claim-Specialty,Tolterodine Tartrate Er,Tolterodine Tartrate,16,26,780,543.79,,,16,26,543.79,780,*,
1003010893,Hatchette,Andrea,Carrollton,TX,48,Urology,Claim-Specialty,Trospium Chloride,Trospium Chloride,50,148,4440,2903.73,16,,50,148,2903.73,4440,,16
1003010943,Koshy,Anoopa,Chicago,IL,17,Endocrinology,Claim-Specialty,Alendronate Sodium,Alendronate Sodium,182,502.5,15067,2570.38,61,#,,,,,#,
1003010943,Koshy,Anoopa,Chicago,IL,17,Endocrinology,Claim-Specialty,Atorvastatin Calcium,Atorvastatin Calcium,28,81.9,2456,374.52,,,28,81.9,374.52,2456,*,
1003010943,Koshy,Anoopa,Chicago,IL,17,Endocrinology,Claim-Specialty,Basaglar Kwikpen U-100,"Insulin Glargine,hum.Rec.Anlog",38,93,2788,19617.52,16,#,,,,,#,
1003010943,Koshy,Anoopa,Chicago,IL,17,Endocrinology,Claim-Specialty,Cabergoline,Cabergoline,23,39.9,1177,1242.39,,#,,,,,*,
1003010943,Koshy,Anoopa,Chicago,IL,17,Endocrinology,Claim-Specialty,Cinacalcet Hcl,Cinacalcet Hcl,18,54,1620,20613.28,,,18,54,20613.28,1620,*,
1003010943,Koshy,Anoopa,Chicago,IL,17,Endocrinology,Claim-Specialty,Droplet Pen Needle,"Pen Needle, Diabetic",14,42,1260,1695.54,,,14,42,1695.54,1260,*,
1003010943,Koshy,Anoopa,Chicago,IL,17,Endocrinology,Claim-Specialty,Easy Comfort Pen Needles,"Pen Needle, Diabetic",13,13,390,1449.44,,,13,13,1449.44,390,*,
1003010943,Koshy,Anoopa,Chicago,IL,17,Endocrinology,Claim-Specialty,Fiasp Flextouch,Insulin Aspart (Niacinamide),13,27,809,11712.11,,,13,27,11712.11,809,*,
1003010943,Koshy,Anoopa,Chicago,IL,17,Endocrinology,Claim-Specialty,Forteo,Teriparatide,25,25,700,108558.31,,,25,25,108558.31,700,*,
1003010943,Koshy,Anoopa,Chicago,IL,17,Endocrinology,Claim-Specialty,Glimepiride,Glimepiride,20,50.5,1515,524.56,,#,,,,,*,
1003010943,Koshy,Anoopa,Chicago,IL,17,Endocrinology,Claim-Specialty,Glipizide Er,Glipizide,29,83.7,2500,621.89,13,#,,,,,#,
1003010943,Koshy,Anoopa,Chicago,IL,17,Endocrinology,Claim-Specialty,Humalog,Insulin Lispro,12,35,1050,26400.98,,,12,35,26400.98,1050,*,
1003010943,Koshy,Anoopa,Chicago,IL,17,Endocrinology,Claim-Specialty,Humalog Kwikpen U-100,Insulin Lispro,117,254.2,7535,142877.73,39,,87,194,102906.24,5760,,27
1003010943,Koshy,Anoopa,Chicago,IL,17,Endocrinology,Claim-Specialty,Hydrocortisone,Hydrocortisone,44,79,2336,1953.22,,#,,,,,*,
1003010943,Koshy,Anoopa,Chicago,IL,17,Endocrinology,Claim-Specialty,Ibandronate Sodium,Ibandronate Sodium,21,60,1800,1497.26,,,21,60,1497.26,1800,*,
1003010943,Koshy,Anoopa,Chicago,IL,17,Endocrinology,Claim-Specialty,Insulin Lispro Kwikpen U-100,Insulin Lispro,20,35.8,1013,4334.02,,#,,,,,*,
1003010943,Koshy,Anoopa,Chicago,IL,17,Endocrinology,Claim-Specialty,Januvia,Sitagliptin Phosphate,63,162,4859,91019.08,16,#,,,,,#,
1003010943,Koshy,Anoopa,Chicago,IL,17,Endocrinology,Claim-Specialty,Jardiance,Empagliflozin,95,237.2,7090,146742.58,29,#,,,,,#,
1003010943,Koshy,Anoopa,Chicago,IL,17,Endocrinology,Claim-Specialty,Lantus Solostar,"Insulin Glargine,hum.Rec.Anlog",207,465.6,13744,148880.99,53,,164,378.2,106657.05,11176,,41
1003010943,Koshy,Anoopa,Chicago,IL,17,Endocrinology,Claim-Specialty,Levemir Flexpen,Insulin Detemir,11,27.3,820,11546.73,,*,,,,,*,
1003010943,Koshy,Anoopa,Chicago,IL,17,Endocrinology,Claim-Specialty,Levothyroxine Sodium,Levothyroxine Sodium,320,813.7,24219,5412.11,84,,272,691.7,4314.63,20567,,71
1003010943,Koshy,Anoopa,Chicago,IL,17,Endocrinology,Claim-Specialty,Losartan Potassium,Losartan Potassium,15,37,1110,314.15,,,15,37,314.15,1110,*,
1003010943,Koshy,Anoopa,Chicago,IL,17,Endocrinology,Claim-Specialty,Metformin Hcl,Metformin Hcl,98,239.1,7121,1372.23,27,,76,197.1,1105.87,5892,#,
1003010943,Koshy,Anoopa,Chicago,IL,17,Endocrinology,Claim-Specialty,Metformin Hcl Er,Metformin Hcl,134,311.8,8887,2422.43,40,,112,271.8,2135.14,7774,#,
1003010943,Koshy,Anoopa,Chicago,IL,17,Endocrinology,Claim-Specialty,Methimazole,Methimazole,50,143.5,4305,564.07,19,,38,109,345.85,3270,#,
1003010943,Koshy,Anoopa,Chicago,IL,17,Endocrinology,Claim-Specialty,Nano 2nd Gen Pen Needle,"Pen Needle, Diabetic",138,325.1,9656,16858.66,45,,97,232.7,12060.37,6896,,31
1003010943,Koshy,Anoopa,Chicago,IL,17,Endocrinology,Claim-Specialty,Novolog Flexpen,Insulin Aspart,49,102.6,3022,39510.6,21,,32,71.6,24588.18,2134,#,
1003010943,Koshy,Anoopa,Chicago,IL,17,Endocrinology,Claim-Specialty,Ozempic,Semaglutide,28,49.8,1472,42687.66,,#,,,,,*,
1003010943,Koshy,Anoopa,Chicago,IL,17,Endocrinology,Claim-Specialty,Prednisone,Prednisone,12,36,1080,529.08,,*,,,,,*,
1003010943,Koshy,Anoopa,Chicago,IL,17,Endocrinology,Claim-Specialty,Synthroid,Levothyroxine Sodium,71,191.1,5715,7097.65,20,#,,,,,#,
1003010943,Koshy,Anoopa,Chicago,IL,17,Endocrinology,Claim-Specialty,Techlite Pen Needle,"Pen Needle, Diabetic",13,38.7,1160,706.04,,*,,,,,*,
1003010943,Koshy,Anoopa,Chicago,IL,17,Endocrinology,Claim-Specialty,Testosterone,Testosterone,32,41.7,1250,7309.82,,#,,,,,*,
1003010943,Koshy,Anoopa,Chicago,IL,17,Endocrinology,Claim-Specialty,Tradjenta,Linagliptin,16,43,1290,23570.38,,#,,,,,*,
1003010943,Koshy,Anoopa,Chicago,IL,17,Endocrinology,Claim-Specialty,Tresiba Flextouch U-100,Insulin Degludec,20,55.6,1667,13395.64,,#,,,,,*,
1003010943,Koshy,Anoopa,Chicago,IL,17,Endocrinology,Claim-Specialty,Tresiba Flextouch U-200,Insulin Degludec,18,41.5,1234,30783.84,,#,,,,,*,
1003010943,Koshy,Anoopa,Chicago,IL,17,Endocrinology,Claim-Specialty,Trueplus Pen Needle,"Pen Needle, Diabetic",15,32.8,983,649.26,,*,,,,,*,
1003010943,Koshy,Anoopa,Chicago,IL,17,Endocrinology,Claim-Specialty,Trulicity,Dulaglutide,102,145.8,4240,149983.64,25,,62,94.6,96779.48,2758,#,
1003010943,Koshy,Anoopa,Chicago,IL,17,Endocrinology,Claim-Specialty,Ultra-Fine Mini Pen Needle,"Pen Needle, Diabetic",20,46.3,1388,2332.49,,#,,,,,*,
1003010943,Koshy,Anoopa,Chicago,IL,17,Endocrinology,Claim-Specialty,Ultra-Fine Nano Pen Needle,"Pen Needle, Diabetic",12,36.4,1093,1852.01,,*,,,,,*,
1003010943,Koshy,Anoopa,Chicago,IL,17,Endocrinology,Claim-Specialty,Ultra-Fine Short Pen Needle,"Pen Needle, Diabetic",11,35,1050,1434.38,,,11,35,1434.38,1050,*,
1003010943,Koshy,Anoopa,Chicago,IL,17,Endocrinology,Claim-Specialty,Victoza 3-Pak,Liraglutide,20,52,1560,60967.11,,#,,,,,*,
1003010950,Arthur,Kristine,Fountain Valley,CA,06,Internal Medicine,Claim-Specialty,Advair Diskus,Fluticasone Propion/Salmeterol,12,12,360,5309.76,,,12,12,5309.76,360,*,
1003010950,Arthur,Kristine,Fountain Valley,CA,06,Internal Medicine,Claim-Specialty,Albuterol Sulfate Hfa,Albuterol Sulfate,39,51.9,1425,1470.75,17,,39,51.9,1470.75,1425,,17
1003010950,Arthur,Kristine,Fountain Valley,CA,06,Internal Medicine,Claim-Specialty,Alendronate Sodium,Alendronate Sodium,54,117.3,3482,874.02,15,,54,117.3,874.02,3482,,15
1003010950,Arthur,Kristine,Fountain Valley,CA,06,Internal Medicine,Claim-Specialty,Allopurinol,Allopurinol,52,126,3758,822.31,14,,52,126,822.31,3758,,14
1003010950,Arthur,Kristine,Fountain Valley,CA,06,Internal Medicine,Claim-Specialty,Alprazolam,Alprazolam,18,18.3,467,20.67,,#,,,,,*,
1003010950,Arthur,Kristine,Fountain Valley,CA,06,Internal Medicine,Claim-Specialty,Amlodipine Besylate,Amlodipine Besylate,120,282,8430,1094.98,39,,120,282,1094.98,8430,,39
1003010950,Arthur,Kristine,Fountain Valley,CA,06,Internal Medicine,Claim-Specialty,Atenolol,Atenolol,35,65.3,1960,317.87,,,35,65.3,317.87,1960,*,
1003010950,Arthur,Kristine,Fountain Valley,CA,06,Internal Medicine,Claim-Specialty,Atorvastatin Calcium,Atorvastatin Calcium,269,729.3,21854,4080.9,78,,269,729.3,4080.9,21854,,78
1003010950,Arthur,Kristine,Fountain Valley,CA,06,Internal Medicine,Claim-Specialty,Benazepril Hcl,Benazepril Hcl,26,73.3,2200,560.71,,,26,73.3,560.71,2200,*,
1003010950,Arthur,Kristine,Fountain Valley,CA,06,Internal Medicine,Claim-Specialty,Bupropion Hcl Sr,Bupropion Hcl,14,18,540,287.25,,*,,,,,*,
1003010950,Arthur,Kristine,Fountain Valley,CA,06,Internal Medicine,Claim-Specialty,Carvedilol,Carvedilol,22,40,1200,225.16,,,22,40,225.16,1200,*,
1003010950,Arthur,Kristine,Fountain Valley,CA,06,Internal Medicine,Claim-Specialty,Citalopram Hbr,Citalopram Hydrobromide,12,28,840,100.87,,,12,28,100.87,840,*,
1003010950,Arthur,Kristine,Fountain Valley,CA,06,Internal Medicine,Claim-Specialty,Clopidogrel,Clopidogrel Bisulfate,11,33,990,207.8,,,11,33,207.8,990,*,
1003010950,Arthur,Kristine,Fountain Valley,CA,06,Internal Medicine,Claim-Specialty,Combivent Respimat,Ipratropium/Albuterol Sulfate,12,12,360,6403.08,,,12,12,6403.08,360,*,
1003010950,Arthur,Kristine,Fountain Valley,CA,06,Internal Medicine,Claim-Specialty,Duloxetine Hcl,Duloxetine Hcl,12,16,467,223.02,,*,,,,,*,
1003010950,Arthur,Kristine,Fountain Valley,CA,06,Internal Medicine,Claim-Specialty,Eliquis,Apixaban,15,29,870,15879.01,,,15,29,15879.01,870,*,
1003010950,Arthur,Kristine,Fountain Valley,CA,06,Internal Medicine,Claim-Specialty,Escitalopram Oxalate,Escitalopram Oxalate,23,41,1230,389.49,,,23,41,389.49,1230,*,
1003010950,Arthur,Kristine,Fountain Valley,CA,06,Internal Medicine,Claim-Specialty,Ezetimibe,Ezetimibe,47,80.4,2410,1916.07,,,47,80.4,1916.07,2410,*,
1003010950,Arthur,Kristine,Fountain Valley,CA,06,Internal Medicine,Claim-Specialty,Famotidine,Famotidine,28,48.2,1445,374.9,,#,,,,,*,
1003010950,Arthur,Kristine,Fountain Valley,CA,06,Internal Medicine,Claim-Specialty,Farxiga,Dapagliflozin Propanediol,12,12,349,6801.87,,,12,12,6801.87,349,*,
1003010950,Arthur,Kristine,Fountain Valley,CA,06,Internal Medicine,Claim-Specialty,Felodipine Er,Felodipine,17,25,750,268.12,,,17,25,268.12,750,*,
1003010950,Arthur,Kristine,Fountain Valley,CA,06,Internal Medicine,Claim-Specialty,Fluoxetine Hcl,Fluoxetine Hcl,14,20,600,248.58,,,14,20,248.58,600,*,
1003010950,Arthur,Kristine,Fountain Valley,CA,06,Internal Medicine,Claim-Specialty,Fluticasone Propionate,Fluticasone Propionate,22,36.9,1106,181.39,,,22,36.9,181.39,1106,*,
1003010950,Arthur,Kristine,Fountain Valley,CA,06,Internal Medicine,Claim-Specialty,Gabapentin,Gabapentin,28,53,1590,385.94,,#,,,,,*,
1003010950,Arthur,Kristine,Fountain Valley,CA,06,Internal Medicine,Claim-Specialty,Glipizide,Glipizide,13,41,1230,284.9,,,13,41,284.9,1230,*,
1003010950,Arthur,Kristine,Fountain Valley,CA,06,Internal Medicine,Claim-Specialty,Glipizide Er,Glipizide,17,32,960,265.83,,,17,32,265.83,960,*,
1003010950,Arthur,Kristine,Fountain Valley,CA,06,Internal Medicine,Claim-Specialty,Hydrochlorothiazide,Hydrochlorothiazide,84,168,5013,299.79,21,,84,168,299.79,5013,,21
1003010950,Arthur,Kristine,Fountain Valley,CA,06,Internal Medicine,Claim-Specialty,Januvia,Sitagliptin Phosphate,28,48,1440,23857.05,,,28,48,23857.05,1440,*,
1003010950,Arthur,Kristine,Fountain Valley,CA,06,Internal Medicine,Claim-Specialty,Lantus Solostar,"Insulin Glargine,hum.Rec.Anlog",26,57.3,1648,14456.99,,,26,57.3,14456.99,1648,*,
1003010950,Arthur,Kristine,Fountain Valley,CA,06,Internal Medicine,Claim-Specialty,Levothyroxine Sodium,Levothyroxine Sodium,203,442.5,13187,3428.28,55,,186,397.5,3042.68,11837,#,
1003010950,Arthur,Kristine,Fountain Valley,CA,06,Internal Medicine,Claim-Specialty,Lisinopril,Lisinopril,141,381.7,11377,1306.73,40,,141,381.7,1306.73,11377,,40
1003010950,Arthur,Kristine,Fountain Valley,CA,06,Internal Medicine,Claim-Specialty,Losartan Potassium,Losartan Potassium,147,412.1,12360,2815.41,41,#,,,,,#,
1003010950,Arthur,Kristine,Fountain Valley,CA,06,Internal Medicine,Claim-Specialty,Losartan-Hydrochlorothiazide,Losartan/Hydrochlorothiazide,12,24,720,163.5,,,12,24,163.5,720,*,
1003010950,Arthur,Kristine,Fountain Valley,CA,06,Internal Medicine,Claim-Specialty,Lovastatin,Lovastatin,15,48,1440,373.62,,,15,48,373.62,1440,*,
1003010950,Arthur,Kristine,Fountain Valley,CA,06,Internal Medicine,Claim-Specialty,Meclizine Hcl,Meclizine Hcl,16,16,160,74.4,,,16,16,74.4,160,*,
1003010950,Arthur,Kristine,Fountain Valley,CA,06,Internal Medicine,Claim-Specialty,Metformin Hcl,Metformin Hcl,116,296.5,8890,1172.95,34,,116,296.5,1172.95,8890,,34
1003010950,Arthur,Kristine,Fountain Valley,CA,06,Internal Medicine,Claim-Specialty,Metformin Hcl Er,Metformin Hcl,24,44,1320,504.28,,,24,44,504.28,1320,*,
1003010950,Arthur,Kristine,Fountain Valley,CA,06,Internal Medicine,Claim-Specialty,Metoprolol Succinate,Metoprolol Succinate,52,151.3,4520,1561.33,15,,52,151.3,1561.33,4520,,15
1003010950,Arthur,Kristine,Fountain Valley,CA,06,Internal Medicine,Claim-Specialty,Metoprolol Tartrate,Metoprolol Tartrate,57,124.7,3740,389.65,14,,57,124.7,389.65,3740,,14
1003010950,Arthur,Kristine,Fountain Valley,CA,06,Internal Medicine,Claim-Specialty,Montelukast Sodium,Montelukast Sodium,17,29,870,176.13,,,17,29,176.13,870,*,
1003010950,Arthur,Kristine,Fountain Valley,CA,06,Internal Medicine,Claim-Specialty,Nifedipine Er,Nifedipine,12,26,780,348.33,,*,,,,,*,
1003010950,Arthur,Kristine,Fountain Valley,CA,06,Internal Medicine,Claim-Specialty,Nitrofurantoin Mono-Macro,Nitrofurantoin Monohyd/M-Cryst,14,14,90,189.82,12,,14,14,189.82,90,,12
1003010950,Arthur,Kristine,Fountain Valley,CA,06,Internal Medicine,Claim-Specialty,Omeprazole,Omeprazole,103,203.7,6110,1345.32,27,,103,203.7,1345.32,6110,,27
1003010950,Arthur,Kristine,Fountain Valley,CA,06,Internal Medicine,Claim-Specialty,Ondansetron Hcl,Ondansetron Hcl,11,11,68,38.28,,*,,,,,*,
1003010950,Arthur,Kristine,Fountain Valley,CA,06,Internal Medicine,Claim-Specialty,Oxybutynin Chloride,Oxybutynin Chloride,12,28,840,340.08,,,12,28,340.08,840,*,
1003010950,Arthur,Kristine,Fountain Valley,CA,06,Internal Medicine,Claim-Specialty,Pantoprazole Sodium,Pantoprazole Sodium,74,160,4785,1044.86,18,,74,160,1044.86,4785,,18
1003010950,Arthur,Kristine,Fountain Valley,CA,06,Internal Medicine,Claim-Specialty,Potassium Chloride,Potassium Chloride,25,63.3,1890,847.07,,,25,63.3,847.07,1890,*,
1003010950,Arthur,Kristine,Fountain Valley,CA,06,Internal Medicine,Claim-Specialty,Pravastatin Sodium,Pravastatin Sodium,30,96.3,2890,550.45,11,,30,96.3,550.45,2890,,11
1003010950,Arthur,Kristine,Fountain Valley,CA,06,Internal Medicine,Claim-Specialty,Rosuvastatin Calcium,Rosuvastatin Calcium,103,273.9,8210,4566.11,30,#,,,,,#,
1003010950,Arthur,Kristine,Fountain Valley,CA,06,Internal Medicine,Claim-Specialty,Sertraline Hcl,Sertraline Hcl,33,84,2520,454.75,,,33,84,454.75,2520,*,
1003010950,Arthur,Kristine,Fountain Valley,CA,06,Internal Medicine,Claim-Specialty,Simvastatin,Simvastatin,67,158.2,4680,654.09,17,,67,158.2,654.09,4680,,17
1003010950,Arthur,Kristine,Fountain Valley,CA,06,Internal Medicine,Claim-Specialty,Sumatriptan Succinate,Sumatriptan Succinate,14,14,406,124.39,,,14,14,124.39,406,*,
1003010950,Arthur,Kristine,Fountain Valley,CA,06,Internal Medicine,Claim-Specialty,Synthroid,Levothyroxine Sodium,42,107,3210,1888.35,,#,,,,,*,
1003010950,Arthur,Kristine,Fountain Valley,CA,06,Internal Medicine,Claim-Specialty,Tamsulosin Hcl,Tamsulosin Hcl,37,77.3,2320,385.52,11,,37,77.3,385.52,2320,,11
1003010950,Arthur,Kristine,Fountain Valley,CA,06,Internal Medicine,Claim-Specialty,Telmisartan,Telmisartan,17,28,840,343.78,,#,,,,,*,
1003010950,Arthur,Kristine,Fountain Valley,CA,06,Internal Medicine,Claim-Specialty,Tramadol Hcl,Tramadol Hcl,15,15,221,45.41,,,15,15,45.41,221,*,
1003010950,Arthur,Kristine,Fountain Valley,CA,06,Internal Medicine,Claim-Specialty,Trazodone Hcl,Trazodone Hcl,40,52.2,1565,235.96,,,40,52.2,235.96,1565,*,
1003010950,Arthur,Kristine,Fountain Valley,CA,06,Internal Medicine,Claim-Specialty,Valsartan,Valsartan,15,40,1200,385.07,,,15,40,385.07,1200,*,
1003010950,Arthur,Kristine,Fountain Valley,CA,06,Internal Medicine,Claim-Specialty,Venlafaxine Hcl Er,Venlafaxine Hcl,16,40,1200,2286.32,,,16,40,2286.32,1200,*,
1003011040,Chitkara,Archana,Hilliard,OH,39,Optometry,Claim-Specialty,Dorzolamide-Timolol,Dorzolamide Hcl/Timolol Maleat,20,44.4,1330,532.95,,,20,44.4,532.95,1330,*,
1003011040,Chitkara,Archana,Hilliard,OH,39,Optometry,Claim-Specialty,Latanoprost,Latanoprost,38,39.3,1040,565.91,,,38,39.3,565.91,1040,*,
1003011040,Chitkara,Archana,Hilliard,OH,39,Optometry,Claim-Specialty,Neomycin-Polymyxin-Dexameth,Neomycin/Polymyxin B/Dexametha,19,19,306,239.72,18,,19,19,239.72,306,,18
1003011040,Chitkara,Archana,Hilliard,OH,39,Optometry,Claim-Specialty,Restasis,Cyclosporine,11,29,870,16812.34,,,11,29,16812.34,870,*,
1003011057,Bhutia,Namgyal,Astoria,NY,36,Psychiatry & Neurology,NPPES-Taxonomy,Bupropion Xl,Bupropion Hcl,12,16,480,116.03,,*,,,,,*,
1003011057,Bhutia,Namgyal,Astoria,NY,36,Psychiatry & Neurology,NPPES-Taxonomy,Divalproex Sodium,Divalproex Sodium,12,12,360,222.84,,,12,12,222.84,360,*,
1003011057,Bhutia,Namgyal,Astoria,NY,36,Psychiatry & Neurology,NPPES-Taxonomy,Escitalopram Oxalate,Escitalopram Oxalate,11,19,570,55.39,,*,,,,,*,
1003011057,Bhutia,Namgyal,Astoria,NY,36,Psychiatry & Neurology,NPPES-Taxonomy,Fluoxetine Hcl,Fluoxetine Hcl,12,13,390,48.23,,*,,,,,*,
1003011057,Bhutia,Namgyal,Astoria,NY,36,Psychiatry & Neurology,NPPES-Taxonomy,Lorazepam,Lorazepam,19,19,570,56.05,,#,,,,,*,
1003011057,Bhutia,Namgyal,Astoria,NY,36,Psychiatry & Neurology,NPPES-Taxonomy,Quetiapine Fumarate,Quetiapine Fumarate,11,11,330,17.9,,*,,,,,*,
1003011172,Khullar,Sonia,Los Angeles,CA,06,Dentist,NPPES-Specialty,Amoxicillin,Amoxicillin,21,21,155,124.55,16,#,,,,,#,
1003011172,Khullar,Sonia,Los Angeles,CA,06,Dentist,NPPES-Specialty,Chlorhexidine Gluconate,Chlorhexidine Gluconate,18,18.2,470,124.8,15,#,,,,,#,
1003011172,Khullar,Sonia,Los Angeles,CA,06,Dentist,NPPES-Specialty,Ibuprofen,Ibuprofen,12,12,67,46.85,11,*,,,,,*,
1003011214,Bajaj,Bhavandeep,Baltimore,MD,24,Internal Medicine,Claim-Specialty,Advair Diskus,Fluticasone Propion/Salmeterol,18,22,660,10389.57,,#,,,,,*,
1003011214,Bajaj,Bhavandeep,Baltimore,MD,24,Internal Medicine,Claim-Specialty,Albuterol Sulfate Hfa,Albuterol Sulfate,195,218.7,5558,10179.57,57,,146,161.6,7035.2,4079,,42
1003011214,Bajaj,Bhavandeep,Baltimore,MD,24,Internal Medicine,Claim-Specialty,Alendronate Sodium,Alendronate Sodium,23,64.4,1932,373.63,,,23,64.4,373.63,1932,*,
1003011214,Bajaj,Bhavandeep,Baltimore,MD,24,Internal Medicine,Claim-Specialty,Alfuzosin Hcl Er,Alfuzosin Hcl,11,33,990,461.98,,*,,,,,*,
1003011214,Bajaj,Bhavandeep,Baltimore,MD,24,Internal Medicine,Claim-Specialty,Allopurinol,Allopurinol,52,147.8,4410,895.37,21,#,,,,,#,
1003011214,Bajaj,Bhavandeep,Baltimore,MD,24,Internal Medicine,Claim-Specialty,Alprazolam,Alprazolam,98,108,3240,816.3,18,,70,80,611.99,2400,#,
1003011214,Bajaj,Bhavandeep,Baltimore,MD,24,Internal Medicine,Claim-Specialty,Amlodipine Besylate,Amlodipine Besylate,510,1082,31320,4859.18,135,,440,915.3,4265.14,26398,,112
1003011214,Bajaj,Bhavandeep,Baltimore,MD,24,Internal Medicine,Claim-Specialty,Amoxicillin,Amoxicillin,29,29,241,175.05,21,#,,,,,#,
1003011214,Bajaj,Bhavandeep,Baltimore,MD,24,Internal Medicine,Claim-Specialty,Amoxicillin-Clavulanate Potass,Amoxicillin/Potassium Clav,85,85,946,1476.62,50,,65,65,1242.95,745,,36
1003011214,Bajaj,Bhavandeep,Baltimore,MD,24,Internal Medicine,Claim-Specialty,Anastrozole,Anastrozole,14,16,480,333.73,,,14,16,333.73,480,*,
1003011214,Bajaj,Bhavandeep,Baltimore,MD,24,Internal Medicine,Claim-Specialty,Anoro Ellipta,Umeclidinium Brm/Vilanterol Tr,28,30,877,14907.84,,,28,30,14907.84,877,*,
1003011214,Bajaj,Bhavandeep,Baltimore,MD,24,Internal Medicine,Claim-Specialty,Atenolol,Atenolol,45,97,2866,630.17,11,#,,,,,*,
1003011214,Bajaj,Bhavandeep,Baltimore,MD,24,Internal Medicine,Claim-Specialty,Atorvastatin Calcium,Atorvastatin Calcium,492,961.8,27023,8055.85,127,,462,885.8,7542.6,24875,,116
1003011214,Bajaj,Bhavandeep,Baltimore,MD,24,Internal Medicine,Claim-Specialty,Autoshield Duo Pen Needle,"Pen Needle,dual Safety,diabetc",30,30,412,1447.8,,,30,30,1447.8,412,*,
1003011214,Bajaj,Bhavandeep,Baltimore,MD,24,Internal Medicine,Claim-Specialty,Azelastine Hcl,Azelastine Hcl,12,18.2,535,567.18,,*,,,,,*,
1003011214,Bajaj,Bhavandeep,Baltimore,MD,24,Internal Medicine,Claim-Specialty,Azithromycin,Azithromycin,52,52,260,438.09,36,,40,40,404.2,201,#,
1003011214,Bajaj,Bhavandeep,Baltimore,MD,24,Internal Medicine,Claim-Specialty,Baclofen,Baclofen,47,95,2792,1814.83,13,#,,,,,*,
1003011214,Bajaj,Bhavandeep,Baltimore,MD,24,Internal Medicine,Claim-Specialty,Basaglar Kwikpen U-100,"Insulin Glargine,hum.Rec.Anlog",27,30.9,618,2795.16,,,27,30.9,2795.16,618,*,
1003011214,Bajaj,Bhavandeep,Baltimore,MD,24,Internal Medicine,Claim-Specialty,Breo Ellipta,Fluticasone/Vilanterol,33,33,990,14055.6,,#,,,,,*,
1003011214,Bajaj,Bhavandeep,Baltimore,MD,24,Internal Medicine,Claim-Specialty,Brilinta,Ticagrelor,13,13,355,5526.61,,,13,13,5526.61,355,*,
1003011214,Bajaj,Bhavandeep,Baltimore,MD,24,Internal Medicine,Claim-Specialty,Bumetanide,Bumetanide,12,27.7,800,1222.45,,,12,27.7,1222.45,800,*,
1003011214,Bajaj,Bhavandeep,Baltimore,MD,24,Internal Medicine,Claim-Specialty,Bupropion Hcl,Bupropion Hcl,32,36,1054,1311.76,,,32,36,1311.76,1054,*,
1003011214,Bajaj,Bhavandeep,Baltimore,MD,24,Internal Medicine,Claim-Specialty,Bupropion Hcl Sr,Bupropion Hcl,14,22,632,257.84,,#,,,,,*,
1003011214,Bajaj,Bhavandeep,Baltimore,MD,24,Internal Medicine,Claim-Specialty,Bupropion Xl,Bupropion Hcl,14,39,1170,431.81,,*,,,,,*,
1003011214,Bajaj,Bhavandeep,Baltimore,MD,24,Internal Medicine,Claim-Specialty,Buspirone Hcl,Buspirone Hcl,38,102,3040,758.8,15,#,,,,,#,
1003011214,Bajaj,Bhavandeep,Baltimore,MD,24,Internal Medicine,Claim-Specialty,Calcipotriene,Calcipotriene,12,12,360,2453.1,,,12,12,2453.1,360,*,
1003011214,Bajaj,Bhavandeep,Baltimore,MD,24,Internal Medicine,Claim-Specialty,Carbamazepine,Carbamazepine,16,16,261,546.5,,,16,16,546.5,261,*,
1003011214,Bajaj,Bhavandeep,Baltimore,MD,24,Internal Medicine,Claim-Specialty,Carbidopa-Levodopa,Carbidopa/Levodopa,16,16.1,412,754.75,,,16,16.1,754.75,412,*,
1003011214,Bajaj,Bhavandeep,Baltimore,MD,24,Internal Medicine,Claim-Specialty,Carvedilol,Carvedilol,148,254.7,7394,1824.68,33,,120,212.7,1569.62,6132,#,
1003011214,Bajaj,Bhavandeep,Baltimore,MD,24,Internal Medicine,Claim-Specialty,Cefuroxime,Cefuroxime Axetil,16,16,114,303.43,,,16,16,303.43,114,*,
1003011214,Bajaj,Bhavandeep,Baltimore,MD,24,Internal Medicine,Claim-Specialty,Celecoxib,Celecoxib,18,43.3,1300,480.34,,#,,,,,*,
1003011214,Bajaj,Bhavandeep,Baltimore,MD,24,Internal Medicine,Claim-Specialty,Cephalexin,Cephalexin,54,54,347,503.64,36,#,,,,,#,
1003011214,Bajaj,Bhavandeep,Baltimore,MD,24,Internal Medicine,Claim-Specialty,Chlorhexidine Gluconate,Chlorhexidine Gluconate,15,15,210,145.4,,,15,15,145.4,210,*,
1003011214,Bajaj,Bhavandeep,Baltimore,MD,24,Internal Medicine,Claim-Specialty,Chlorthalidone,Chlorthalidone,16,18,499,180.85,,*,,,,,*,
1003011214,Bajaj,Bhavandeep,Baltimore,MD,24,Internal Medicine,Claim-Specialty,Cilostazol,Cilostazol,30,38,905,704.52,,,30,38,704.52,905,*,
1003011214,Bajaj,Bhavandeep,Baltimore,MD,24,Internal Medicine,Claim-Specialty,Ciprofloxacin Hcl,Ciprofloxacin Hcl,19,19,146,291.86,13,#,,,,,#,
1003011214,Bajaj,Bhavandeep,Baltimore,MD,24,Internal Medicine,Claim-Specialty,Citalopram Hbr,Citalopram Hydrobromide,27,51,1504,213.24,,#,,,,,*,
1003011214,Bajaj,Bhavandeep,Baltimore,MD,24,Internal Medicine,Claim-Specialty,Clonazepam,Clonazepam,24,24,565,240.39,,#,,,,,*,
1003011214,Bajaj,Bhavandeep,Baltimore,MD,24,Internal Medicine,Claim-Specialty,Clonidine Hcl,Clonidine Hcl,33,89,2618,790.09,,#,,,,,*,
1003011214,Bajaj,Bhavandeep,Baltimore,MD,24,Internal Medicine,Claim-Specialty,Clopidogrel,Clopidogrel Bisulfate,135,244,7223,2111.47,30,,110,203,1737.03,6021,#,
1003011214,Bajaj,Bhavandeep,Baltimore,MD,24,Internal Medicine,Claim-Specialty,Colchicine,Colchicine,29,61,1830,3846.66,,*,,,,,*,
1003011214,Bajaj,Bhavandeep,Baltimore,MD,24,Internal Medicine,Claim-Specialty,Cyclobenzaprine Hcl,Cyclobenzaprine Hcl,45,49,1243,641.9,14,,26,26,490.99,573,*,
1003011214,Bajaj,Bhavandeep,Baltimore,MD,24,Internal Medicine,Claim-Specialty,Dexlansoprazole Dr,Dexlansoprazole,37,37,277,2077.57,,,37,37,2077.57,277,*,
1003011214,Bajaj,Bhavandeep,Baltimore,MD,24,Internal Medicine,Claim-Specialty,Diazepam,Diazepam,13,15,427,145.61,,*,,,,,*,
1003011214,Bajaj,Bhavandeep,Baltimore,MD,24,Internal Medicine,Claim-Specialty,Diclofenac Sodium,Diclofenac Sodium,59,64,1347,2024.76,22,,47,51.5,1416.98,1177,#,
1003011214,Bajaj,Bhavandeep,Baltimore,MD,24,Internal Medicine,Claim-Specialty,Dicyclomine Hcl,Dicyclomine Hcl,20,20,417,441.73,,#,,,,,*,
1003011214,Bajaj,Bhavandeep,Baltimore,MD,24,Internal Medicine,Claim-Specialty,Divalproex Sodium,Divalproex Sodium,69,73,2115,1269.1,,,69,73,1269.1,2115,*,
1003011214,Bajaj,Bhavandeep,Baltimore,MD,24,Internal Medicine,Claim-Specialty,Divalproex Sodium Er,Divalproex Sodium,16,22,631,141.95,,,16,22,141.95,631,*,
1003011214,Bajaj,Bhavandeep,Baltimore,MD,24,Internal Medicine,Claim-Specialty,Donepezil Hcl,Donepezil Hcl,60,83.4,2292,791.34,11,,60,83.4,791.34,2292,,11
1003011214,Bajaj,Bhavandeep,Baltimore,MD,24,Internal Medicine,Claim-Specialty,Doxazosin Mesylate,Doxazosin Mesylate,11,19,570,237.91,,,11,19,237.91,570,*,
1003011214,Bajaj,Bhavandeep,Baltimore,MD,24,Internal Medicine,Claim-Specialty,Doxycycline Hyclate,Doxycycline Hyclate,28,28,176,519.98,18,#,,,,,#,
1003011214,Bajaj,Bhavandeep,Baltimore,MD,24,Internal Medicine,Claim-Specialty,Duloxetine Hcl,Duloxetine Hcl,89,147,4072,2413.25,21,,67,107,1764.01,2986,#,
1003011214,Bajaj,Bhavandeep,Baltimore,MD,24,Internal Medicine,Claim-Specialty,Eliquis,Apixaban,168,221.7,4826,92253.98,30,,156,201.7,82789.33,4362,#,
1003011214,Bajaj,Bhavandeep,Baltimore,MD,24,Internal Medicine,Claim-Specialty,Enoxaparin Sodium,Enoxaparin Sodium,19,19,136,1447.13,,,19,19,1447.13,136,*,
1003011214,Bajaj,Bhavandeep,Baltimore,MD,24,Internal Medicine,Claim-Specialty,Entresto,Sacubitril/Valsartan,27,33,934,22159.27,,#,,,,,*,
1003011214,Bajaj,Bhavandeep,Baltimore,MD,24,Internal Medicine,Claim-Specialty,Escitalopram Oxalate,Escitalopram Oxalate,174,324.7,9707,2541.79,39,,153,287.7,2313.77,8597,#,
1003011214,Bajaj,Bhavandeep,Baltimore,MD,24,Internal Medicine,Claim-Specialty,Esomeprazole Magnesium,Esomeprazole Magnesium,19,39,1115,2681.01,,,19,39,2681.01,1115,*,
1003011214,Bajaj,Bhavandeep,Baltimore,MD,24,Internal Medicine,Claim-Specialty,Ezetimibe,Ezetimibe,29,87,2610,1631.26,13,#,,,,,*,
1003011214,Bajaj,Bhavandeep,Baltimore,MD,24,Internal Medicine,Claim-Specialty,Famotidine,Famotidine,98,174,4724,1110.7,20,#,,,,,#,
1003011214,Bajaj,Bhavandeep,Baltimore,MD,24,Internal Medicine,Claim-Specialty,Fenofibrate,Fenofibrate,12,12,360,244.08,,,0,0,0,0,#,
1003011214,Bajaj,Bhavandeep,Baltimore,MD,24,Internal Medicine,Claim-Specialty,Fluconazole,Fluconazole,19,19,73,113.13,,#,,,,,*,
1003011214,Bajaj,Bhavandeep,Baltimore,MD,24,Internal Medicine,Claim-Specialty,Fluoxetine Hcl,Fluoxetine Hcl,39,73,2068,1065.24,,#,,,,,*,
1003011214,Bajaj,Bhavandeep,Baltimore,MD,24,Internal Medicine,Claim-Specialty,Fluticasone Propionate,Fluticasone Propionate,157,242,7251,3058.81,55,,144,219,2789.29,6561,#,
1003011214,Bajaj,Bhavandeep,Baltimore,MD,24,Internal Medicine,Claim-Specialty,Fluticasone-Salmeterol,Fluticasone Propion/Salmeterol,12,16,480,3946.88,,*,,,,,*,
1003011214,Bajaj,Bhavandeep,Baltimore,MD,24,Internal Medicine,Claim-Specialty,Furosemide,Furosemide,307,651.5,19067,3010.56,94,,266,570.5,2538.71,16663,,80
1003011214,Bajaj,Bhavandeep,Baltimore,MD,24,Internal Medicine,Claim-Specialty,Gabapentin,Gabapentin,352,562,16300,6648.03,93,,309,503,5906.33,14630,#,
1003011214,Bajaj,Bhavandeep,Baltimore,MD,24,Internal Medicine,Claim-Specialty,Glimepiride,Glimepiride,22,66,1980,424.78,,#,,,,,*,
1003011214,Bajaj,Bhavandeep,Baltimore,MD,24,Internal Medicine,Claim-Specialty,Glipizide,Glipizide,52,82,2227,818.92,,#,,,,,*,
1003011214,Bajaj,Bhavandeep,Baltimore,MD,24,Internal Medicine,Claim-Specialty,Glipizide Er,Glipizide,41,86.8,2605,686.2,13,#,,,,,*,
1003011214,Bajaj,Bhavandeep,Baltimore,MD,24,Internal Medicine,Claim-Specialty,Humalog,Insulin Lispro,11,13.5,390,6128.21,,,11,13.5,6128.21,390,*,
1003011214,Bajaj,Bhavandeep,Baltimore,MD,24,Internal Medicine,Claim-Specialty,Humalog Kwikpen U-100,Insulin Lispro,19,20.5,313,3566.19,,,19,20.5,3566.19,313,*,
1003011214,Bajaj,Bhavandeep,Baltimore,MD,24,Internal Medicine,Claim-Specialty,Hydralazine Hcl,Hydralazine Hcl,114,249,7152,2637.26,37,,102,229,2452.66,6651,#,
1003011214,Bajaj,Bhavandeep,Baltimore,MD,24,Internal Medicine,Claim-Specialty,Hydrochlorothiazide,Hydrochlorothiazide,199,439,13110,1407.16,56,,181,385,1254.95,11490,#,
1003011214,Bajaj,Bhavandeep,Baltimore,MD,24,Internal Medicine,Claim-Specialty,Hydrocortisone,Hydrocortisone,13,13,164,314.35,,#,,,,,*,
1003011214,Bajaj,Bhavandeep,Baltimore,MD,24,Internal Medicine,Claim-Specialty,Hydroxyurea,Hydroxyurea,20,20,376,550.51,,,20,20,550.51,376,*,
1003011214,Bajaj,Bhavandeep,Baltimore,MD,24,Internal Medicine,Claim-Specialty,Hydroxyzine Hcl,Hydroxyzine Hcl,62,102,2935,1793.65,25,,46,76,1459.24,2170,#,
1003011214,Bajaj,Bhavandeep,Baltimore,MD,24,Internal Medicine,Claim-Specialty,Ibuprofen,Ibuprofen,60,80,2224,1376.03,19,,39,51,829.85,1354,#,
1003011214,Bajaj,Bhavandeep,Baltimore,MD,24,Internal Medicine,Claim-Specialty,Incruse Ellipta,Umeclidinium Bromide,18,20,600,7656.12,,,18,20,7656.12,600,*,
1003011214,Bajaj,Bhavandeep,Baltimore,MD,24,Internal Medicine,Claim-Specialty,Insulin Glargine-Yfgn,Insulin Glargine-Yfgn,12,12,124,417.59,,,12,12,417.59,124,*,
1003011214,Bajaj,Bhavandeep,Baltimore,MD,24,Internal Medicine,Claim-Specialty,Insulin Lispro Kwikpen U-100,Insulin Lispro,29,29,401,1337.56,,,29,29,1337.56,401,*,
1003011214,Bajaj,Bhavandeep,Baltimore,MD,24,Internal Medicine,Claim-Specialty,Ipratropium Bromide,Ipratropium Bromide,11,17,481,575.5,,*,,,,,*,
1003011214,Bajaj,Bhavandeep,Baltimore,MD,24,Internal Medicine,Claim-Specialty,Irbesartan,Irbesartan,15,37,1110,227.93,,,15,37,227.93,1110,*,
1003011214,Bajaj,Bhavandeep,Baltimore,MD,24,Internal Medicine,Claim-Specialty,Isosorbide Mononitrate Er,Isosorbide Mononitrate,35,65,1822,668.44,,#,,,,,*,
1003011214,Bajaj,Bhavandeep,Baltimore,MD,24,Internal Medicine,Claim-Specialty,Januvia,Sitagliptin Phosphate,38,50,1372,26251.57,,#,,,,,*,
1003011214,Bajaj,Bhavandeep,Baltimore,MD,24,Internal Medicine,Claim-Specialty,Jardiance,Empagliflozin,71,117.7,3183,67119.49,16,,56,78,42316.49,1993,#,
1003011214,Bajaj,Bhavandeep,Baltimore,MD,24,Internal Medicine,Claim-Specialty,Klor-Con M20,Potassium Chloride,12,32,937,360.19,,*,,,,,*,
1003011214,Bajaj,Bhavandeep,Baltimore,MD,24,Internal Medicine,Claim-Specialty,Labetalol Hcl,Labetalol Hcl,28,37,961,960.94,,,17,26,568.75,655,*,
1003011214,Bajaj,Bhavandeep,Baltimore,MD,24,Internal Medicine,Claim-Specialty,Lactulose,Lactulose,15,15.3,249,367.31,,#,,,,,*,
1003011214,Bajaj,Bhavandeep,Baltimore,MD,24,Internal Medicine,Claim-Specialty,Lamotrigine,Lamotrigine,19,19,362,135.06,,,19,19,135.06,362,*,
1003011214,Bajaj,Bhavandeep,Baltimore,MD,24,Internal Medicine,Claim-Specialty,Lansoprazole,Lansoprazole,32,56,1440,5333.9,,,32,56,5333.9,1440,*,
1003011214,Bajaj,Bhavandeep,Baltimore,MD,24,Internal Medicine,Claim-Specialty,Lantus Solostar,"Insulin Glargine,hum.Rec.Anlog",60,84.7,1762,20305.28,11,,48,58,11410.03,961,*,
1003011214,Bajaj,Bhavandeep,Baltimore,MD,24,Internal Medicine,Claim-Specialty,Latanoprost,Latanoprost,30,30,723,630.7,,,30,30,630.7,723,*,
1003011214,Bajaj,Bhavandeep,Baltimore,MD,24,Internal Medicine,Claim-Specialty,Levemir Flexpen,Insulin Detemir,33,38.9,570,10589.62,,,33,38.9,10589.62,570,*,
1003011214,Bajaj,Bhavandeep,Baltimore,MD,24,Internal Medicine,Claim-Specialty,Levetiracetam,Levetiracetam,21,22,613,391.58,,#,,,,,*,
1003011214,Bajaj,Bhavandeep,Baltimore,MD,24,Internal Medicine,Claim-Specialty,Levothyroxine Sodium,Levothyroxine Sodium,244,551.3,15903,3983.68,54,,215,470.3,3324.75,13505,#,
1003011214,Bajaj,Bhavandeep,Baltimore,MD,24,Internal Medicine,Claim-Specialty,Lisinopril,Lisinopril,200,444.4,13067,2438.1,56,,167,381.3,2072.71,11203,#,
1003011214,Bajaj,Bhavandeep,Baltimore,MD,24,Internal Medicine,Claim-Specialty,Lisinopril-Hydrochlorothiazide,Lisinopril/Hydrochlorothiazide,59,155,4641,1001.71,17,#,,,,,#,
1003011214,Bajaj,Bhavandeep,Baltimore,MD,24,Internal Medicine,Claim-Specialty,Lorazepam,Lorazepam,74,96,2720,665.82,15,,62,84,633.07,2410,#,
1003011214,Bajaj,Bhavandeep,Baltimore,MD,24,Internal Medicine,Claim-Specialty,Losartan Potassium,Losartan Potassium,275,662.3,19720,4958.11,73,,227,533,3968.98,15840,,60
1003011214,Bajaj,Bhavandeep,Baltimore,MD,24,Internal Medicine,Claim-Specialty,Losartan-Hydrochlorothiazide,Losartan/Hydrochlorothiazide,55,165,4950,1666.98,18,#,,,,,#,
1003011214,Bajaj,Bhavandeep,Baltimore,MD,24,Internal Medicine,Claim-Specialty,Lovastatin,Lovastatin,13,29.1,873,139.98,,,13,29.1,139.98,873,*,
1003011214,Bajaj,Bhavandeep,Baltimore,MD,24,Internal Medicine,Claim-Specialty,Meclizine Hcl,Meclizine Hcl,18,18,412,226.03,,,18,18,226.03,412,*,
1003011214,Bajaj,Bhavandeep,Baltimore,MD,24,Internal Medicine,Claim-Specialty,Meloxicam,Meloxicam,40,98,2940,299.01,15,#,,,,,#,
1003011214,Bajaj,Bhavandeep,Baltimore,MD,24,Internal Medicine,Claim-Specialty,Memantine Hcl,Memantine Hcl,37,37,834,1914.12,,,37,37,1914.12,834,*,
1003011214,Bajaj,Bhavandeep,Baltimore,MD,24,Internal Medicine,Claim-Specialty,Mercaptopurine,Mercaptopurine,11,11,330,377.23,,,11,11,377.23,330,*,
1003011214,Bajaj,Bhavandeep,Baltimore,MD,24,Internal Medicine,Claim-Specialty,Metformin Hcl,Metformin Hcl,214,422.8,12085,2072.6,51,,194,362.5,1678.99,10275,#,
1003011214,Bajaj,Bhavandeep,Baltimore,MD,24,Internal Medicine,Claim-Specialty,Metformin Hcl Er,Metformin Hcl,110,226.2,6510,1816.52,27,#,,,,,#,
1003011214,Bajaj,Bhavandeep,Baltimore,MD,24,Internal Medicine,Claim-Specialty,Methylprednisolone,Methylprednisolone,31,31,187,339.84,27,#,,,,,#,
1003011214,Bajaj,Bhavandeep,Baltimore,MD,24,Internal Medicine,Claim-Specialty,Metoclopramide Hcl,Metoclopramide Hcl,11,11,330,82.32,,,0,0,0,0,#,
1003011214,Bajaj,Bhavandeep,Baltimore,MD,24,Internal Medicine,Claim-Specialty,Metoprolol Succinate,Metoprolol Succinate,249,585.3,17263,5047.18,76,,207,487.3,3913.9,14349,,64
1003011214,Bajaj,Bhavandeep,Baltimore,MD,24,Internal Medicine,Claim-Specialty,Metoprolol Tartrate,Metoprolol Tartrate,230,436,12126,2537.49,53,,200,382,2239.35,10618,#,
1003011214,Bajaj,Bhavandeep,Baltimore,MD,24,Internal Medicine,Claim-Specialty,Mirtazapine,Mirtazapine,67,81,2159,1984.05,24,#,,,,,#,
1003011214,Bajaj,Bhavandeep,Baltimore,MD,24,Internal Medicine,Claim-Specialty,Montelukast Sodium,Montelukast Sodium,100,190,5167,1831.59,21,#,,,,,#,
1003011214,Bajaj,Bhavandeep,Baltimore,MD,24,Internal Medicine,Claim-Specialty,Morphine Sulfate Er,Morphine Sulfate,11,11,236,358.17,,,0,0,0,0,#,
1003011214,Bajaj,Bhavandeep,Baltimore,MD,24,Internal Medicine,Claim-Specialty,Mycophenolate Mofetil,Mycophenolate Mofetil,11,11,314,316.89,,,11,11,316.89,314,*,
1003011214,Bajaj,Bhavandeep,Baltimore,MD,24,Internal Medicine,Claim-Specialty,Myrbetriq,Mirabegron,30,60,1800,29119.32,,,18,48,23179.68,1440,*,
1003011214,Bajaj,Bhavandeep,Baltimore,MD,24,Internal Medicine,Claim-Specialty,Naproxen,Naproxen,32,44,1290,410.84,,,19,31,275.95,900,*,
1003011214,Bajaj,Bhavandeep,Baltimore,MD,24,Internal Medicine,Claim-Specialty,Nifedipine Er,Nifedipine,44,103,2922,1940.94,14,#,,,,,#,
1003011214,Bajaj,Bhavandeep,Baltimore,MD,24,Internal Medicine,Claim-Specialty,Nitroglycerin,Nitroglycerin,17,17,351,492.91,,*,,,,,*,
1003011214,Bajaj,Bhavandeep,Baltimore,MD,24,Internal Medicine,Claim-Specialty,Novolog Flexpen,Insulin Aspart,50,59.1,1158,19276.72,,#,,,,,*,
1003011214,Bajaj,Bhavandeep,Baltimore,MD,24,Internal Medicine,Claim-Specialty,Nyamyc,Nystatin,15,15,357,615.7,,#,,,,,*,
1003011214,Bajaj,Bhavandeep,Baltimore,MD,24,Internal Medicine,Claim-Specialty,Nystatin,Nystatin,36,37,646,986.48,13,#,,,,,#,
1003011214,Bajaj,Bhavandeep,Baltimore,MD,24,Internal Medicine,Claim-Specialty,Olanzapine,Olanzapine,20,22,468,1737.58,,,20,22,1737.58,468,*,
1003011214,Bajaj,Bhavandeep,Baltimore,MD,24,Internal Medicine,Claim-Specialty,Olmesartan Medoxomil,Olmesartan Medoxomil,25,63,1890,1209.27,,#,,,,,*,
1003011214,Bajaj,Bhavandeep,Baltimore,MD,24,Internal Medicine,Claim-Specialty,Omeprazole,Omeprazole,151,324.3,8994,2609.45,48,,119,244,1909.05,6722,#,
1003011214,Bajaj,Bhavandeep,Baltimore,MD,24,Internal Medicine,Claim-Specialty,Ondansetron Hcl,Ondansetron Hcl,40,40,272,549.03,22,#,,,,,#,
1003011214,Bajaj,Bhavandeep,Baltimore,MD,24,Internal Medicine,Claim-Specialty,Oxcarbazepine,Oxcarbazepine,25,33,971,1032.41,,,25,33,1032.41,971,*,
1003011214,Bajaj,Bhavandeep,Baltimore,MD,24,Internal Medicine,Claim-Specialty,Oxybutynin Chloride,Oxybutynin Chloride,37,65,1896,1161.8,,#,,,,,*,
1003011214,Bajaj,Bhavandeep,Baltimore,MD,24,Internal Medicine,Claim-Specialty,Oxybutynin Chloride Er,Oxybutynin Chloride,36,64,1907,1650.33,,#,,,,,*,
1003011214,Bajaj,Bhavandeep,Baltimore,MD,24,Internal Medicine,Claim-Specialty,Oxycodone Hcl,Oxycodone Hcl,46,46,284,521.02,,,46,46,521.02,284,*,
1003011214,Bajaj,Bhavandeep,Baltimore,MD,24,Internal Medicine,Claim-Specialty,Ozempic,Semaglutide,78,151,4462,150314.49,20,,55,97.4,93480.62,2866,#,
1003011214,Bajaj,Bhavandeep,Baltimore,MD,24,Internal Medicine,Claim-Specialty,Pantoprazole Sodium,Pantoprazole Sodium,250,523,15397,3857.83,86,,200,418,2790.11,12294,,69
1003011214,Bajaj,Bhavandeep,Baltimore,MD,24,Internal Medicine,Claim-Specialty,Paroxetine Hcl,Paroxetine Hcl,36,67.8,1867,408.78,,#,,,,,*,
1003011214,Bajaj,Bhavandeep,Baltimore,MD,24,Internal Medicine,Claim-Specialty,Paxlovid (Eua),Nirmatrelvir/Ritonavir,21,21,105,224,20,#,,,,,#,
1003011214,Bajaj,Bhavandeep,Baltimore,MD,24,Internal Medicine,Claim-Specialty,Potassium Chloride,Potassium Chloride,133,284.5,8392,3514.52,41,#,,,,,#,
1003011214,Bajaj,Bhavandeep,Baltimore,MD,24,Internal Medicine,Claim-Specialty,Pravastatin Sodium,Pravastatin Sodium,241,555.4,16273,6770.64,65,,224,504.4,6201.14,14743,#,
1003011214,Bajaj,Bhavandeep,Baltimore,MD,24,Internal Medicine,Claim-Specialty,Prednisone,Prednisone,83,83,754,279.61,40,#,,,,,#,
1003011214,Bajaj,Bhavandeep,Baltimore,MD,24,Internal Medicine,Claim-Specialty,Pregabalin,Pregabalin,66,76,2280,2808.16,13,,41,49,1850.34,1470,*,
1003011214,Bajaj,Bhavandeep,Baltimore,MD,24,Internal Medicine,Claim-Specialty,Propranolol Hcl,Propranolol Hcl,27,46,1333,1008.23,,,27,46,1008.23,1333,*,
1003011214,Bajaj,Bhavandeep,Baltimore,MD,24,Internal Medicine,Claim-Specialty,Quetiapine Fumarate,Quetiapine Fumarate,63,77,1646,919.96,13,#,,,,,#,
1003011214,Bajaj,Bhavandeep,Baltimore,MD,24,Internal Medicine,Claim-Specialty,Risperidone,Risperidone,27,29,716,344.05,,#,,,,,*,
1003011214,Bajaj,Bhavandeep,Baltimore,MD,24,Internal Medicine,Claim-Specialty,Rizatriptan,Rizatriptan Benzoate,13,13,325,169.71,,,13,13,169.71,325,*,
1003011214,Bajaj,Bhavandeep,Baltimore,MD,24,Internal Medicine,Claim-Specialty,Ropinirole Hcl,Ropinirole Hcl,13,38,1140,554.05,,*,,,,,*,
1003011214,Bajaj,Bhavandeep,Baltimore,MD,24,Internal Medicine,Claim-Specialty,Rosuvastatin Calcium,Rosuvastatin Calcium,273,629.7,18773,9755.51,74,,201,477.1,6901.85,14221,,58
1003011214,Bajaj,Bhavandeep,Baltimore,MD,24,Internal Medicine,Claim-Specialty,Rybelsus,Semaglutide,15,42,1260,41612.55,,,15,42,41612.55,1260,*,
1003011214,Bajaj,Bhavandeep,Baltimore,MD,24,Internal Medicine,Claim-Specialty,Sertraline Hcl,Sertraline Hcl,163,273,7838,2108.97,35,,141,235,1894.04,6724,#,
1003011214,Bajaj,Bhavandeep,Baltimore,MD,24,Internal Medicine,Claim-Specialty,Sevelamer Carbonate,Sevelamer Carbonate,17,17,443,4422.86,,*,,,,,*,
1003011214,Bajaj,Bhavandeep,Baltimore,MD,24,Internal Medicine,Claim-Specialty,Simvastatin,Simvastatin,71,184,5377,945.96,20,#,,,,,#,
1003011214,Bajaj,Bhavandeep,Baltimore,MD,24,Internal Medicine,Claim-Specialty,Sodium Chloride,0.9 % Sodium Chloride,16,16,33,213.63,,,16,16,213.63,33,*,
1003011214,Bajaj,Bhavandeep,Baltimore,MD,24,Internal Medicine,Claim-Specialty,Soliqua 100-33,Insulin Glargine/Lixisenatide,11,18.2,545,10944.53,,,11,18.2,10944.53,545,*,
1003011214,Bajaj,Bhavandeep,Baltimore,MD,24,Internal Medicine,Claim-Specialty,Spironolactone,Spironolactone,29,75,2223,409.5,12,#,,,,,*,
1003011214,Bajaj,Bhavandeep,Baltimore,MD,24,Internal Medicine,Claim-Specialty,Sulfamethoxazole-Trimethoprim,Sulfamethoxazole/Trimethoprim,17,17,121,123.4,,#,,,,,*,
1003011214,Bajaj,Bhavandeep,Baltimore,MD,24,Internal Medicine,Claim-Specialty,Tacrolimus,Tacrolimus,11,11,307,1924.84,,,11,11,1924.84,307,*,
1003011214,Bajaj,Bhavandeep,Baltimore,MD,24,Internal Medicine,Claim-Specialty,Tamsulosin Hcl,Tamsulosin Hcl,114,184.3,5231,2018.68,25,,94,150,1838.93,4225,#,
1003011214,Bajaj,Bhavandeep,Baltimore,MD,24,Internal Medicine,Claim-Specialty,Temazepam,Temazepam,11,13,388,123.13,,,11,13,123.13,388,*,
1003011214,Bajaj,Bhavandeep,Baltimore,MD,24,Internal Medicine,Claim-Specialty,Tetrabenazine,Tetrabenazine,12,12,345,39306.62,,,0,0,0,0,#,
1003011214,Bajaj,Bhavandeep,Baltimore,MD,24,Internal Medicine,Claim-Specialty,Tivicay,Dolutegravir Sodium,19,19,247,18189.98,,,19,19,18189.98,247,*,
1003011214,Bajaj,Bhavandeep,Baltimore,MD,24,Internal Medicine,Claim-Specialty,Tizanidine Hcl,Tizanidine Hcl,139,173,4389,2290.78,61,,103,127,1564.27,3159,,48
1003011214,Bajaj,Bhavandeep,Baltimore,MD,24,Internal Medicine,Claim-Specialty,Toujeo Max Solostar,"Insulin Glargine,hum.Rec.Anlog",29,43.9,1284,19407.54,,,29,43.9,19407.54,1284,*,
1003011214,Bajaj,Bhavandeep,Baltimore,MD,24,Internal Medicine,Claim-Specialty,Tradjenta,Linagliptin,39,73.7,2013,37706.1,,#,,,,,*,
1003011214,Bajaj,Bhavandeep,Baltimore,MD,24,Internal Medicine,Claim-Specialty,Tramadol Hcl,Tramadol Hcl,59,59,913,325.87,18,#,,,,,#,
1003011214,Bajaj,Bhavandeep,Baltimore,MD,24,Internal Medicine,Claim-Specialty,Trazodone Hcl,Trazodone Hcl,94,161,4810,934.91,26,,79,119,731.19,3550,#,
1003011214,Bajaj,Bhavandeep,Baltimore,MD,24,Internal Medicine,Claim-Specialty,Trelegy Ellipta,Fluticasone/Umeclidin/Vilanter,55,91,2730,60439.71,16,,36,54,34706.06,1620,#,
1003011214,Bajaj,Bhavandeep,Baltimore,MD,24,Internal Medicine,Claim-Specialty,Triamcinolone Acetonide,Triamcinolone Acetonide,64,72.7,1586,859.81,30,#,,,,,#,
1003011214,Bajaj,Bhavandeep,Baltimore,MD,24,Internal Medicine,Claim-Specialty,Triamterene-Hydrochlorothiazid,Triamterene/Hydrochlorothiazid,38,114,3420,617.03,11,#,,,,,*,
1003011214,Bajaj,Bhavandeep,Baltimore,MD,24,Internal Medicine,Claim-Specialty,Trintellix,Vortioxetine Hydrobromide,14,40,1200,19793.23,,,14,40,19793.23,1200,*,
1003011214,Bajaj,Bhavandeep,Baltimore,MD,24,Internal Medicine,Claim-Specialty,Triumeq,Abacavir/Dolutegravir/Lamivudi,12,12,360,44873.88,,,0,0,0,0,#,
1003011214,Bajaj,Bhavandeep,Baltimore,MD,24,Internal Medicine,Claim-Specialty,Trulicity,Dulaglutide,75,128.2,3617,127402.23,16,,58,105.9,104174.21,2967,#,
1003011214,Bajaj,Bhavandeep,Baltimore,MD,24,Internal Medicine,Claim-Specialty,Valproic Acid,Valproic Acid,20,20,350,569.81,,,20,20,569.81,350,*,
1003011214,Bajaj,Bhavandeep,Baltimore,MD,24,Internal Medicine,Claim-Specialty,Valsartan,Valsartan,47,103,3090,1449.52,15,,32,64,887.17,1920,#,
1003011214,Bajaj,Bhavandeep,Baltimore,MD,24,Internal Medicine,Claim-Specialty,Valsartan-Hydrochlorothiazide,Valsartan/Hydrochlorothiazide,41,87,2582,2101.73,,#,,,,,*,
1003011214,Bajaj,Bhavandeep,Baltimore,MD,24,Internal Medicine,Claim-Specialty,Venlafaxine Hcl Er,Venlafaxine Hcl,23,23,501,521.18,,,23,23,521.18,501,*,
1003011214,Bajaj,Bhavandeep,Baltimore,MD,24,Internal Medicine,Claim-Specialty,Ventolin Hfa,Albuterol Sulfate,32,45.1,1245,2837.59,,,17,30.1,1910.37,870,*,
1003011214,Bajaj,Bhavandeep,Baltimore,MD,24,Internal Medicine,Claim-Specialty,Verapamil Er,Verapamil Hcl,19,31,930,619.94,,,19,31,619.94,930,*,
1003011214,Bajaj,Bhavandeep,Baltimore,MD,24,Internal Medicine,Claim-Specialty,Xarelto,Rivaroxaban,75,95,2098,40768.51,11,,75,95,40768.51,2098,,11
1003011214,Bajaj,Bhavandeep,Baltimore,MD,24,Internal Medicine,Claim-Specialty,Xifaxan,Rifaximin,21,21,252,30665.01,,,21,21,30665.01,252,*,
1003011214,Bajaj,Bhavandeep,Baltimore,MD,24,Internal Medicine,Claim-Specialty,Zolpidem Tartrate,Zolpidem Tartrate,27,29,839,270.8,,,27,29,270.8,839,*,
1003011339,Jimenez,Lincoln,Pensacola,FL,12,Neurosurgery,Claim-Specialty,Gabapentin,Gabapentin,21,35,1040,411.66,11,#,,,,,*,
1003011339,Jimenez,Lincoln,Pensacola,FL,12,Neurosurgery,Claim-Specialty,Ibuprofen,Ibuprofen,23,31,930,346.86,11,#,,,,,*,
1003011339,Jimenez,Lincoln,Pensacola,FL,12,Neurosurgery,Claim-Specialty,Pregabalin,Pregabalin,17,25,750,484.2,,#,,,,,*,
1003011404,Mccoppin,Holly,Loveland,CO,08,Dermatology,Claim-Specialty,Cephalexin,Cephalexin,62,62,332,354.21,53,#,,,,,#,
1003011404,Mccoppin,Holly,Loveland,CO,08,Dermatology,Claim-Specialty,Ciclopirox,Ciclopirox,23,23,534,802.65,15,#,,,,,#,
1003011404,Mccoppin,Holly,Loveland,CO,08,Dermatology,Claim-Specialty,Clobetasol Propionate,Clobetasol Propionate,33,36.3,795,2205.27,24,#,,,,,#,
1003011404,Mccoppin,Holly,Loveland,CO,08,Dermatology,Claim-Specialty,Doxycycline Hyclate,Doxycycline Hyclate,13,13,192,170.68,,,13,13,170.68,192,*,
1003011404,Mccoppin,Holly,Loveland,CO,08,Dermatology,Claim-Specialty,Fluorouracil,Fluorouracil,21,21,541,2838.18,16,,21,21,2838.18,541,,16
1003011404,Mccoppin,Holly,Loveland,CO,08,Dermatology,Claim-Specialty,Hydrocodone-Acetaminophen,Hydrocodone/Acetaminophen,30,30,74,115.98,24,#,,,,,#,
1003011404,Mccoppin,Holly,Loveland,CO,08,Dermatology,Claim-Specialty,Ketoconazole,Ketoconazole,43,45.5,1074,948.74,24,,31,31.5,591.22,767,#,
1003011404,Mccoppin,Holly,Loveland,CO,08,Dermatology,Claim-Specialty,Minoxidil,Minoxidil,22,30,900,134.12,,,22,30,134.12,900,*,
1003011404,Mccoppin,Holly,Loveland,CO,08,Dermatology,Claim-Specialty,Mupirocin,Mupirocin,81,81,1082,652.03,65,#,,,,,#,
1003011404,Mccoppin,Holly,Loveland,CO,08,Dermatology,Claim-Specialty,Terbinafine Hcl,Terbinafine Hcl,14,17.2,330,107.42,,#,,,,,*,
1003011404,Mccoppin,Holly,Loveland,CO,08,Dermatology,Claim-Specialty,Triamcinolone Acetonide,Triamcinolone Acetonide,64,66.3,1818,670.49,50,#,,,,,#,
1003011438,Holland,Christopher,Altoona,PA,42,Physician Assistant,Claim-Specialty,Cephalexin,Cephalexin,14,14,94,99.98,14,*,,,,,*,
1003011438,Holland,Christopher,Altoona,PA,42,Physician Assistant,Claim-Specialty,Hydrocodone-Acetaminophen,Hydrocodone/Acetaminophen,16,16,48,74.26,16,#,,,,,#,
1003011560,Chang,Emily,Atlantic,IA,19,Obstetrics & Gynecology,Claim-Specialty,Estradiol,Estradiol,127,191,5531,12431.81,46,,98,142.9,10468.89,4129,,35
1003011560,Chang,Emily,Atlantic,IA,19,Obstetrics & Gynecology,Claim-Specialty,Norethindron-Ethinyl Estradiol,Norethindrone Ac-Eth Estradiol,17,17,357,488.75,,,0,0,0,0,#,
1003011578,Richardson,Gaa,Hickory,NC,37,Gastroenterology,Claim-Specialty,Budesonide Dr,Budesonide,15,25,750,3773.11,,,15,25,3773.11,750,*,
1003011578,Richardson,Gaa,Hickory,NC,37,Gastroenterology,Claim-Specialty,Budesonide Ec,Budesonide,16,23.9,716,2669.76,,,16,23.9,2669.76,716,*,
1003011578,Richardson,Gaa,Hickory,NC,37,Gastroenterology,Claim-Specialty,Dexlansoprazole Dr,Dexlansoprazole,23,33,925,7748.78,,*,,,,,*,
1003011578,Richardson,Gaa,Hickory,NC,37,Gastroenterology,Claim-Specialty,Dicyclomine Hcl,Dicyclomine Hcl,51,76,1960,1919.68,21,,34,48,913.62,1192,#,
1003011578,Richardson,Gaa,Hickory,NC,37,Gastroenterology,Claim-Specialty,Esomeprazole Magnesium,Esomeprazole Magnesium,13,27,810,597.07,,*,,,,,*,
1003011578,Richardson,Gaa,Hickory,NC,37,Gastroenterology,Claim-Specialty,Famotidine,Famotidine,72,153,4558,845.04,29,#,,,,,#,
1003011578,Richardson,Gaa,Hickory,NC,37,Gastroenterology,Claim-Specialty,Furosemide,Furosemide,31,43,1290,73.47,,,31,43,73.47,1290,*,
1003011578,Richardson,Gaa,Hickory,NC,37,Gastroenterology,Claim-Specialty,Gavilyte-C,"Peg3350/Sod Sulf,bicarb,cl/Kcl",13,13,13,245.72,13,*,,,,,*,
1003011578,Richardson,Gaa,Hickory,NC,37,Gastroenterology,Claim-Specialty,Gavilyte-G,"Peg3350/Sod Sulf,bicarb,cl/Kcl",26,26,33,528.99,25,#,,,,,#,
1003011578,Richardson,Gaa,Hickory,NC,37,Gastroenterology,Claim-Specialty,Lansoprazole,Lansoprazole,14,14,420,149.7,,,14,14,149.7,420,*,
1003011578,Richardson,Gaa,Hickory,NC,37,Gastroenterology,Claim-Specialty,Linzess,Linaclotide,51,75,2250,41222.32,14,,35,51,28006.7,1530,*,
1003011578,Richardson,Gaa,Hickory,NC,37,Gastroenterology,Claim-Specialty,Metoclopramide Hcl,Metoclopramide Hcl,44,60.5,1815,301.55,,#,,,,,*,
1003011578,Richardson,Gaa,Hickory,NC,37,Gastroenterology,Claim-Specialty,Nadolol,Nadolol,12,14,420,539.07,,#,,,,,*,
1003011578,Richardson,Gaa,Hickory,NC,37,Gastroenterology,Claim-Specialty,Nortriptyline Hcl,Nortriptyline Hcl,12,22,660,97.18,,*,,,,,*,
1003011578,Richardson,Gaa,Hickory,NC,37,Gastroenterology,Claim-Specialty,Omeprazole,Omeprazole,252,484,14504,3477.14,80,,213,431,3056.16,12914,,68
1003011578,Richardson,Gaa,Hickory,NC,37,Gastroenterology,Claim-Specialty,Ondansetron Hcl,Ondansetron Hcl,36,36,834,768.19,19,,25,25,381.06,619,#,
1003011578,Richardson,Gaa,Hickory,NC,37,Gastroenterology,Claim-Specialty,Pantoprazole Sodium,Pantoprazole Sodium,225,398.9,11896,3041.13,74,,177,321.9,2129.51,9590,,60
1003011578,Richardson,Gaa,Hickory,NC,37,Gastroenterology,Claim-Specialty,Peg 3350-Electrolyte,Sodium Chloride/Nahco3/Kcl/Peg,355,355,488,7923.35,336,,295,295,6540.51,412,,282
1003011578,Richardson,Gaa,Hickory,NC,37,Gastroenterology,Claim-Specialty,Propranolol Hcl,Propranolol Hcl,12,16,480,99.58,,,12,16,99.58,480,*,
1003011578,Richardson,Gaa,Hickory,NC,37,Gastroenterology,Claim-Specialty,Sod Sulf-Potass Sulf-Mag Sulf,"Sodium, Potassium,mag Sulfates",36,36,49,2942.25,36,#,,,,,#,
1003011578,Richardson,Gaa,Hickory,NC,37,Gastroenterology,Claim-Specialty,Spironolactone,Spironolactone,24,40,1200,326.18,,,24,40,326.18,1200,*,
1003011578,Richardson,Gaa,Hickory,NC,37,Gastroenterology,Claim-Specialty,Sucralfate,Sucralfate,32,34,1008,1357.33,,,18,20,731.43,588,*,
1003011578,Richardson,Gaa,Hickory,NC,37,Gastroenterology,Claim-Specialty,Ursodiol,Ursodiol,29,47,1410,9933.69,,,18,36,7453.74,1080,*,
1003011610,Ray,Alaka,Boston,MA,25,Internal Medicine,Claim-Specialty,Albuterol Sulfate Hfa,Albuterol Sulfate,15,22.3,609,731.44,,#,,,,,*,
1003011610,Ray,Alaka,Boston,MA,25,Internal Medicine,Claim-Specialty,Allopurinol,Allopurinol,22,66,1980,276.05,,,22,66,276.05,1980,*,
1003011610,Ray,Alaka,Boston,MA,25,Internal Medicine,Claim-Specialty,Amlodipine Besylate,Amlodipine Besylate,187,514.6,15408,1582.93,50,#,,,,,#,
1003011610,Ray,Alaka,Boston,MA,25,Internal Medicine,Claim-Specialty,Atenolol,Atenolol,60,178.8,5363,604.92,17,,60,178.8,604.92,5363,,17
1003011610,Ray,Alaka,Boston,MA,25,Internal Medicine,Claim-Specialty,Atorvastatin Calcium,Atorvastatin Calcium,241,643.7,19263,4896.98,70,#,,,,,#,
1003011610,Ray,Alaka,Boston,MA,25,Internal Medicine,Claim-Specialty,Citalopram Hbr,Citalopram Hydrobromide,13,39,1170,191.11,,,13,39,191.11,1170,*,
1003011610,Ray,Alaka,Boston,MA,25,Internal Medicine,Claim-Specialty,Clonazepam,Clonazepam,16,17.4,493,77.08,,#,,,,,*,
1003011610,Ray,Alaka,Boston,MA,25,Internal Medicine,Claim-Specialty,Colchicine,Colchicine,11,11,330,173.46,,,11,11,173.46,330,*,
1003011610,Ray,Alaka,Boston,MA,25,Internal Medicine,Claim-Specialty,Darifenacin Er,Darifenacin Hydrobromide,14,14,371,1506.51,,,14,14,1506.51,371,*,
1003011610,Ray,Alaka,Boston,MA,25,Internal Medicine,Claim-Specialty,Eliquis,Apixaban,30,58,1677,31989,,,30,58,31989,1677,*,
1003011610,Ray,Alaka,Boston,MA,25,Internal Medicine,Claim-Specialty,Escitalopram Oxalate,Escitalopram Oxalate,31,93,2790,482.51,,#,,,,,*,
1003011610,Ray,Alaka,Boston,MA,25,Internal Medicine,Claim-Specialty,Estradiol,Estradiol,13,32.6,978,1841.33,,,13,32.6,1841.33,978,*,
1003011610,Ray,Alaka,Boston,MA,25,Internal Medicine,Claim-Specialty,Ezetimibe,Ezetimibe,13,39,1170,1244.84,,,13,39,1244.84,1170,*,
1003011610,Ray,Alaka,Boston,MA,25,Internal Medicine,Claim-Specialty,Famotidine,Famotidine,18,38,1110,339.82,,#,,,,,*,
1003011610,Ray,Alaka,Boston,MA,25,Internal Medicine,Claim-Specialty,Flovent Hfa,Fluticasone Propionate,11,11,330,3793.11,,,11,11,3793.11,330,*,
1003011610,Ray,Alaka,Boston,MA,25,Internal Medicine,Claim-Specialty,Fluoxetine Hcl,Fluoxetine Hcl,18,54,1620,146.12,,,18,54,146.12,1620,*,
1003011610,Ray,Alaka,Boston,MA,25,Internal Medicine,Claim-Specialty,Fluticasone Propionate,Fluticasone Propionate,14,40,1190,483.71,,*,,,,,*,
1003011610,Ray,Alaka,Boston,MA,25,Internal Medicine,Claim-Specialty,Furosemide,Furosemide,34,65,1914,150.81,,,34,65,150.81,1914,*,
1003011610,Ray,Alaka,Boston,MA,25,Internal Medicine,Claim-Specialty,Gabapentin,Gabapentin,41,95,2798,1278.98,14,#,,,,,#,
1003011610,Ray,Alaka,Boston,MA,25,Internal Medicine,Claim-Specialty,Hydrochlorothiazide,Hydrochlorothiazide,75,226,6780,418.21,21,,75,226,418.21,6780,,21
1003011610,Ray,Alaka,Boston,MA,25,Internal Medicine,Claim-Specialty,Ibuprofen,Ibuprofen,25,25,656,199.13,,,12,12,50.71,266,*,
1003011610,Ray,Alaka,Boston,MA,25,Internal Medicine,Claim-Specialty,Irbesartan,Irbesartan,18,52.6,1578,1653.1,,,18,52.6,1653.1,1578,*,
1003011610,Ray,Alaka,Boston,MA,25,Internal Medicine,Claim-Specialty,Isosorbide Mononitrate Er,Isosorbide Mononitrate,17,22,660,453.56,,,17,22,453.56,660,*,
1003011610,Ray,Alaka,Boston,MA,25,Internal Medicine,Claim-Specialty,Jardiance,Empagliflozin,19,49,1446,29328.09,,,19,49,29328.09,1446,*,
1003011610,Ray,Alaka,Boston,MA,25,Internal Medicine,Claim-Specialty,Lantus Solostar,"Insulin Glargine,hum.Rec.Anlog",19,31.6,948,16938.99,,,19,31.6,16938.99,948,*,
1003011610,Ray,Alaka,Boston,MA,25,Internal Medicine,Claim-Specialty,Levothyroxine Sodium,Levothyroxine Sodium,54,156,4676,795.49,20,,54,156,795.49,4676,,20
1003011610,Ray,Alaka,Boston,MA,25,Internal Medicine,Claim-Specialty,Lisinopril,Lisinopril,178,526.7,15785,1780.61,54,#,,,,,#,
1003011610,Ray,Alaka,Boston,MA,25,Internal Medicine,Claim-Specialty,Lorazepam,Lorazepam,21,23.3,428,57.28,12,#,,,,,#,
1003011610,Ray,Alaka,Boston,MA,25,Internal Medicine,Claim-Specialty,Losartan Potassium,Losartan Potassium,45,135.7,4070,724.33,14,,45,135.7,724.33,4070,,14
1003011610,Ray,Alaka,Boston,MA,25,Internal Medicine,Claim-Specialty,Lovastatin,Lovastatin,14,42,1260,130.98,,,14,42,130.98,1260,*,
1003011610,Ray,Alaka,Boston,MA,25,Internal Medicine,Claim-Specialty,Meclizine Hcl,Meclizine Hcl,12,12,305,115.97,,,12,12,115.97,305,*,
1003011610,Ray,Alaka,Boston,MA,25,Internal Medicine,Claim-Specialty,Metformin Hcl,Metformin Hcl,72,214,6420,718.07,23,#,,,,,#,
1003011610,Ray,Alaka,Boston,MA,25,Internal Medicine,Claim-Specialty,Metformin Hcl Er,Metformin Hcl,11,33,990,158.82,,,11,33,158.82,990,*,
1003011610,Ray,Alaka,Boston,MA,25,Internal Medicine,Claim-Specialty,Methadone Hcl,Methadone Hcl,19,19,532,340.66,,,19,19,340.66,532,*,
1003011610,Ray,Alaka,Boston,MA,25,Internal Medicine,Claim-Specialty,Methenamine Hippurate,Methenamine Hippurate,13,13,362,397.06,,,13,13,397.06,362,*,
1003011610,Ray,Alaka,Boston,MA,25,Internal Medicine,Claim-Specialty,Metoprolol Succinate,Metoprolol Succinate,57,99,2942,1278.42,15,,57,99,1278.42,2942,,15
1003011610,Ray,Alaka,Boston,MA,25,Internal Medicine,Claim-Specialty,Myrbetriq,Mirabegron,24,26,756,11959.31,,#,,,,,*,
1003011610,Ray,Alaka,Boston,MA,25,Internal Medicine,Claim-Specialty,Nystatin,Nystatin,14,17,383,417.91,,#,,,,,*,
1003011610,Ray,Alaka,Boston,MA,25,Internal Medicine,Claim-Specialty,Omeprazole,Omeprazole,113,263.4,7838,2113.1,34,#,,,,,#,
1003011610,Ray,Alaka,Boston,MA,25,Internal Medicine,Claim-Specialty,Oxcarbazepine,Oxcarbazepine,11,17,490,783.03,,,11,17,783.03,490,*,
1003011610,Ray,Alaka,Boston,MA,25,Internal Medicine,Claim-Specialty,Oxybutynin Chloride,Oxybutynin Chloride,11,11,308,392.27,,,11,11,392.27,308,*,
1003011610,Ray,Alaka,Boston,MA,25,Internal Medicine,Claim-Specialty,Oxycodone Hcl,Oxycodone Hcl,25,25,468,323.03,,,25,25,323.03,468,*,
1003011610,Ray,Alaka,Boston,MA,25,Internal Medicine,Claim-Specialty,Oxycodone-Acetaminophen,Oxycodone Hcl/Acetaminophen,30,30,652,3299.17,,#,,,,,*,
1003011610,Ray,Alaka,Boston,MA,25,Internal Medicine,Claim-Specialty,Ozempic,Semaglutide,22,34.6,1022,35796.48,,#,,,,,*,
1003011610,Ray,Alaka,Boston,MA,25,Internal Medicine,Claim-Specialty,Pantoprazole Sodium,Pantoprazole Sodium,21,63,1890,554.86,,,21,63,554.86,1890,*,
1003011610,Ray,Alaka,Boston,MA,25,Internal Medicine,Claim-Specialty,Potassium Chloride,Potassium Chloride,13,33,960,216.89,,,13,33,216.89,960,*,
1003011610,Ray,Alaka,Boston,MA,25,Internal Medicine,Claim-Specialty,Pravastatin Sodium,Pravastatin Sodium,26,78,2340,502.41,,#,,,,,*,
1003011610,Ray,Alaka,Boston,MA,25,Internal Medicine,Claim-Specialty,Quetiapine Fumarate,Quetiapine Fumarate,19,31,917,1614.7,,,19,31,1614.7,917,*,
1003011610,Ray,Alaka,Boston,MA,25,Internal Medicine,Claim-Specialty,Ritonavir,Ritonavir,15,15,450,3334.35,,,15,15,3334.35,450,*,
1003011610,Ray,Alaka,Boston,MA,25,Internal Medicine,Claim-Specialty,Rosuvastatin Calcium,Rosuvastatin Calcium,78,228.6,6857,3058.91,28,,67,195.6,2918.37,5867,#,
1003011610,Ray,Alaka,Boston,MA,25,Internal Medicine,Claim-Specialty,Savaysa,Edoxaban Tosylate,13,13,343,5030.45,,,13,13,5030.45,343,*,
1003011610,Ray,Alaka,Boston,MA,25,Internal Medicine,Claim-Specialty,Sertraline Hcl,Sertraline Hcl,20,46,1347,519.56,,,20,46,519.56,1347,*,
1003011610,Ray,Alaka,Boston,MA,25,Internal Medicine,Claim-Specialty,Simvastatin,Simvastatin,32,94.7,2821,594.95,12,,32,94.7,594.95,2821,,12
1003011610,Ray,Alaka,Boston,MA,25,Internal Medicine,Claim-Specialty,Synthroid,Levothyroxine Sodium,17,42.8,1284,2009.19,,,17,42.8,2009.19,1284,*,
1003011610,Ray,Alaka,Boston,MA,25,Internal Medicine,Claim-Specialty,Tamsulosin Hcl,Tamsulosin Hcl,15,45,1350,412.86,,,15,45,412.86,1350,*,
1003011610,Ray,Alaka,Boston,MA,25,Internal Medicine,Claim-Specialty,Testosterone,Testosterone,11,11,330,4086.62,,,11,11,4086.62,330,*,
1003011610,Ray,Alaka,Boston,MA,25,Internal Medicine,Claim-Specialty,Trazodone Hcl,Trazodone Hcl,28,60.4,1812,344.24,,,28,60.4,344.24,1812,*,
1003011610,Ray,Alaka,Boston,MA,25,Internal Medicine,Claim-Specialty,Ventolin Hfa,Albuterol Sulfate,15,15,450,925.2,,,15,15,925.2,450,*,
1003011800,Blomeier,Herman,Skokie,IL,17,Endocrinology,Claim-Specialty,Alendronate Sodium,Alendronate Sodium,55,125.2,3724,759.51,13,,55,125.2,759.51,3724,,13
1003011800,Blomeier,Herman,Skokie,IL,17,Endocrinology,Claim-Specialty,Atorvastatin Calcium,Atorvastatin Calcium,44,128,3840,536.89,13,,44,128,536.89,3840,,13
1003011800,Blomeier,Herman,Skokie,IL,17,Endocrinology,Claim-Specialty,Basaglar Kwikpen U-100,"Insulin Glargine,hum.Rec.Anlog",49,107,3179,30070.42,17,#,,,,,#,
1003011800,Blomeier,Herman,Skokie,IL,17,Endocrinology,Claim-Specialty,Cabergoline,Cabergoline,30,45.8,1255,5744.24,,,16,31.8,1341.48,950,*,
1003011800,Blomeier,Herman,Skokie,IL,17,Endocrinology,Claim-Specialty,Calcitriol,Calcitriol,21,43,1290,312.59,,,21,43,312.59,1290,*,
1003011800,Blomeier,Herman,Skokie,IL,17,Endocrinology,Claim-Specialty,Droplet Pen Needle,"Pen Needle, Diabetic",18,51.7,1530,2329.21,,,18,51.7,2329.21,1530,*,
1003011800,Blomeier,Herman,Skokie,IL,17,Endocrinology,Claim-Specialty,Farxiga,Dapagliflozin Propanediol,33,71,2130,41703.33,,#,,,,,*,
1003011800,Blomeier,Herman,Skokie,IL,17,Endocrinology,Claim-Specialty,Glimepiride,Glimepiride,104,294,8795,2453.86,33,,104,294,2453.86,8795,,33
1003011800,Blomeier,Herman,Skokie,IL,17,Endocrinology,Claim-Specialty,Glipizide,Glipizide,15,45,1350,109.86,,,15,45,109.86,1350,*,
1003011800,Blomeier,Herman,Skokie,IL,17,Endocrinology,Claim-Specialty,Glipizide Er,Glipizide,28,82,2460,586.71,,,28,82,586.71,2460,*,
1003011800,Blomeier,Herman,Skokie,IL,17,Endocrinology,Claim-Specialty,Humalog,Insulin Lispro,12,35.2,1040,16325.1,,,12,35.2,16325.1,1040,*,
1003011800,Blomeier,Herman,Skokie,IL,17,Endocrinology,Claim-Specialty,Humalog Kwikpen U-100,Insulin Lispro,131,281.4,8088,188551.47,46,#,,,,,#,
1003011800,Blomeier,Herman,Skokie,IL,17,Endocrinology,Claim-Specialty,Humulin N Kwikpen,Insulin Nph Human Isophane,15,36,1047,6641.93,,,15,36,6641.93,1047,*,
1003011800,Blomeier,Herman,Skokie,IL,17,Endocrinology,Claim-Specialty,Hydrocortisone,Hydrocortisone,34,97.5,2926,1902.08,,,34,97.5,1902.08,2926,*,
1003011800,Blomeier,Herman,Skokie,IL,17,Endocrinology,Claim-Specialty,Insulin Lispro Kwikpen U-100,Insulin Lispro,12,30.7,919,5337.68,,#,,,,,*,
1003011800,Blomeier,Herman,Skokie,IL,17,Endocrinology,Claim-Specialty,Janumet,Sitagliptin Phos/Metformin Hcl,12,36,1080,21476.23,,,12,36,21476.23,1080,*,
1003011800,Blomeier,Herman,Skokie,IL,17,Endocrinology,Claim-Specialty,Januvia,Sitagliptin Phosphate,14,30,900,17550.15,,,14,30,17550.15,900,*,
1003011800,Blomeier,Herman,Skokie,IL,17,Endocrinology,Claim-Specialty,Jardiance,Empagliflozin,84,184,5500,114404.27,21,,84,184,114404.27,5500,,21
1003011800,Blomeier,Herman,Skokie,IL,17,Endocrinology,Claim-Specialty,Lantus,"Insulin Glargine,hum.Rec.Anlog",35,89.8,2676,36959.94,13,#,,,,,#,
1003011800,Blomeier,Herman,Skokie,IL,17,Endocrinology,Claim-Specialty,Lantus Solostar,"Insulin Glargine,hum.Rec.Anlog",221,601.7,17954,167959.32,71,#,,,,,#,
1003011800,Blomeier,Herman,Skokie,IL,17,Endocrinology,Claim-Specialty,Levemir Flexpen,Insulin Detemir,34,87.2,2611,32583.86,14,,34,87.2,32583.86,2611,,14
1003011800,Blomeier,Herman,Skokie,IL,17,Endocrinology,Claim-Specialty,Levothyroxine Sodium,Levothyroxine Sodium,285,813.8,24383,4993.44,82,,273,779.8,4679.51,23389,#,
1003011800,Blomeier,Herman,Skokie,IL,17,Endocrinology,Claim-Specialty,Levoxyl,Levothyroxine Sodium,18,53.8,1615,632.05,,,18,53.8,632.05,1615,*,
1003011800,Blomeier,Herman,Skokie,IL,17,Endocrinology,Claim-Specialty,Liothyronine Sodium,Liothyronine Sodium,16,34.6,1037,495.51,,,16,34.6,495.51,1037,*,
1003011800,Blomeier,Herman,Skokie,IL,17,Endocrinology,Claim-Specialty,Lisinopril,Lisinopril,11,33,990,132.16,,*,,,,,*,
1003011800,Blomeier,Herman,Skokie,IL,17,Endocrinology,Claim-Specialty,Losartan Potassium,Losartan Potassium,17,51,1530,183.3,,,17,51,183.3,1530,*,
1003011800,Blomeier,Herman,Skokie,IL,17,Endocrinology,Claim-Specialty,Metformin Hcl,Metformin Hcl,177,499,14932,2185.13,51,,177,499,2185.13,14932,,51
1003011800,Blomeier,Herman,Skokie,IL,17,Endocrinology,Claim-Specialty,Metformin Hcl Er,Metformin Hcl,215,632.4,18972,4166.33,67,,200,589.4,3964.16,17682,#,
1003011800,Blomeier,Herman,Skokie,IL,17,Endocrinology,Claim-Specialty,Methimazole,Methimazole,49,100.3,3010,500.47,11,,49,100.3,500.47,3010,,11
1003011800,Blomeier,Herman,Skokie,IL,17,Endocrinology,Claim-Specialty,Mounjaro,Tirzepatide,21,40.1,1182,45121.51,,,21,40.1,45121.51,1182,*,
1003011800,Blomeier,Herman,Skokie,IL,17,Endocrinology,Claim-Specialty,Nano 2nd Gen Pen Needle,"Pen Needle, Diabetic",94,256.8,7675,13670.41,45,#,,,,,#,
1003011800,Blomeier,Herman,Skokie,IL,17,Endocrinology,Claim-Specialty,Nateglinide,Nateglinide,25,64.3,1929,3176.94,,,25,64.3,3176.94,1929,*,
1003011800,Blomeier,Herman,Skokie,IL,17,Endocrinology,Claim-Specialty,Novolog,Insulin Aspart,29,61.3,1803,42629.04,,#,,,,,*,
1003011800,Blomeier,Herman,Skokie,IL,17,Endocrinology,Claim-Specialty,Novolog Flexpen,Insulin Aspart,122,265.7,7921,147287.88,39,#,,,,,#,
1003011800,Blomeier,Herman,Skokie,IL,17,Endocrinology,Claim-Specialty,Ozempic,Semaglutide,135,239.8,7068,236259.86,31,#,,,,,#,
1003011800,Blomeier,Herman,Skokie,IL,17,Endocrinology,Claim-Specialty,Pioglitazone Hcl,Pioglitazone Hcl,45,135,4050,964.03,13,,45,135,964.03,4050,,13
1003011800,Blomeier,Herman,Skokie,IL,17,Endocrinology,Claim-Specialty,Repaglinide,Repaglinide,64,179.6,5388,6150.88,20,#,,,,,#,
1003011800,Blomeier,Herman,Skokie,IL,17,Endocrinology,Claim-Specialty,Rosuvastatin Calcium,Rosuvastatin Calcium,14,40,1177,50.08,,,14,40,50.08,1177,*,
1003011800,Blomeier,Herman,Skokie,IL,17,Endocrinology,Claim-Specialty,Rybelsus,Semaglutide,63,102,3060,101169.86,13,,63,102,101169.86,3060,,13
1003011800,Blomeier,Herman,Skokie,IL,17,Endocrinology,Claim-Specialty,Simvastatin,Simvastatin,25,75,2250,159.32,,,25,75,159.32,2250,*,
1003011800,Blomeier,Herman,Skokie,IL,17,Endocrinology,Claim-Specialty,Synthroid,Levothyroxine Sodium,197,544.2,16270,25098.97,55,,181,498.7,22332.12,14926,#,
1003011800,Blomeier,Herman,Skokie,IL,17,Endocrinology,Claim-Specialty,Techlite Pen Needle,"Pen Needle, Diabetic",13,27,780,475.4,,,13,27,475.4,780,*,
1003011800,Blomeier,Herman,Skokie,IL,17,Endocrinology,Claim-Specialty,Testosterone,Testosterone,11,26,780,3477.03,,*,,,,,*,
1003011800,Blomeier,Herman,Skokie,IL,17,Endocrinology,Claim-Specialty,Toujeo Solostar,"Insulin Glargine,hum.Rec.Anlog",26,68.9,2066,40768.49,,#,,,,,*,
1003011800,Blomeier,Herman,Skokie,IL,17,Endocrinology,Claim-Specialty,Tresiba Flextouch U-100,Insulin Degludec,24,60.1,1803,15357,,,24,60.1,15357,1803,*,
1003011800,Blomeier,Herman,Skokie,IL,17,Endocrinology,Claim-Specialty,Tresiba Flextouch U-200,Insulin Degludec,26,54.4,1608,37446.91,,,26,54.4,37446.91,1608,*,
1003011800,Blomeier,Herman,Skokie,IL,17,Endocrinology,Claim-Specialty,Trueplus Pen Needle,"Pen Needle, Diabetic",17,48.7,1461,767.95,,,17,48.7,767.95,1461,*,
1003011800,Blomeier,Herman,Skokie,IL,17,Endocrinology,Claim-Specialty,Trulicity,Dulaglutide,150,283,8368,293453.73,32,#,,,,,#,
1003011800,Blomeier,Herman,Skokie,IL,17,Endocrinology,Claim-Specialty,Ultra-Fine Mini Pen Needle,"Pen Needle, Diabetic",36,86.8,2592,4759.28,16,#,,,,,#,
1003011800,Blomeier,Herman,Skokie,IL,17,Endocrinology,Claim-Specialty,Ultra-Fine Nano Pen Needle,"Pen Needle, Diabetic",14,39.5,1185,1186.16,,,14,39.5,1186.16,1185,*,
1003011800,Blomeier,Herman,Skokie,IL,17,Endocrinology,Claim-Specialty,Ultra-Fine Short Pen Needle,"Pen Needle, Diabetic",27,76.2,2286,4943.42,12,,27,76.2,4943.42,2286,,12
1003011800,Blomeier,Herman,Skokie,IL,17,Endocrinology,Claim-Specialty,Unithroid,Levothyroxine Sodium,16,24.6,731,555.1,,,16,24.6,555.1,731,*,
1003011800,Blomeier,Herman,Skokie,IL,17,Endocrinology,Claim-Specialty,Victoza 2-Pak,Liraglutide,12,31.3,940,33560.8,,,12,31.3,33560.8,940,*,
1003011800,Blomeier,Herman,Skokie,IL,17,Endocrinology,Claim-Specialty,Victoza 3-Pak,Liraglutide,31,65,1950,72209.91,,#,,,,,*,
1003011818,Carlish,Robert,Danville,VA,51,Dentist,NPPES-Taxonomy,Amoxicillin,Amoxicillin,48,48,413,181.49,37,#,,,,,#,
1003011818,Carlish,Robert,Danville,VA,51,Dentist,NPPES-Taxonomy,Chlorhexidine Gluconate,Chlorhexidine Gluconate,22,22.1,489,140.75,18,#,,,,,#,
1003011818,Carlish,Robert,Danville,VA,51,Dentist,NPPES-Taxonomy,Clindamycin Hcl,Clindamycin Hcl,14,14,43,68.48,,,14,14,68.48,43,*,
1003011818,Carlish,Robert,Danville,VA,51,Dentist,NPPES-Taxonomy,Doxycycline Hyclate,Doxycycline Hyclate,28,52,1515,1151.27,14,#,,,,,#,
1003011826,Poles,Bilus,Chicago,IL,17,Dentist,NPPES-Specialty,Amoxicillin,Amoxicillin,27,27,238,137.68,22,#,,,,,#,
1003011826,Poles,Bilus,Chicago,IL,17,Dentist,NPPES-Specialty,Chlorhexidine Gluconate,Chlorhexidine Gluconate,11,11,269,37.92,,*,,,,,*,
1003011826,Poles,Bilus,Chicago,IL,17,Dentist,NPPES-Specialty,Ibuprofen,Ibuprofen,17,17,143,60.33,15,#,,,,,#,
1003011834,Sniadanko,Mark,Oregon,OH,39,Emergency Medicine,Claim-Specialty,Cephalexin,Cephalexin,20,20,182,153.94,20,#,,,,,#,
1003011834,Sniadanko,Mark,Oregon,OH,39,Emergency Medicine,Claim-Specialty,Doxycycline Hyclate,Doxycycline Hyclate,12,12,120,262.85,12,*,,,,,*,
1003011834,Sniadanko,Mark,Oregon,OH,39,Emergency Medicine,Claim-Specialty,Hydrocodone-Acetaminophen,Hydrocodone/Acetaminophen,35,35,99,113.42,34,#,,,,,#,
1003011834,Sniadanko,Mark,Oregon,OH,39,Emergency Medicine,Claim-Specialty,Ondansetron Odt,Ondansetron,20,20,152,320.57,20,#,,,,,#,
1003011834,Sniadanko,Mark,Oregon,OH,39,Emergency Medicine,Claim-Specialty,Prednisone,Prednisone,27,27,133,49.88,26,#,,,,,#,
1003011859,Morris,Melanie,Birmingham,AL,01,General Surgery,Claim-Specialty,Metronidazole,Metronidazole,19,19,19,34.16,19,#,,,,,#,
1003011859,Morris,Melanie,Birmingham,AL,01,General Surgery,Claim-Specialty,Neomycin Sulfate,Neomycin Sulfate,16,16,16,109.27,16,#,,,,,#,
1003011891,Spira,Etan,Belleville,NJ,34,Gastroenterology,Claim-Specialty,Amitriptyline Hcl,Amitriptyline Hcl,12,14,418,123.15,,*,,,,,*,
1003011891,Spira,Etan,Belleville,NJ,34,Gastroenterology,Claim-Specialty,Dexlansoprazole Dr,Dexlansoprazole,13,27,810,5908,,*,,,,,*,
1003011891,Spira,Etan,Belleville,NJ,34,Gastroenterology,Claim-Specialty,Dicyclomine Hcl,Dicyclomine Hcl,15,21.5,621,286.66,,#,,,,,*,
1003011891,Spira,Etan,Belleville,NJ,34,Gastroenterology,Claim-Specialty,Famotidine,Famotidine,81,174,5220,1154.65,40,,59,135,860.96,4050,#,
1003011891,Spira,Etan,Belleville,NJ,34,Gastroenterology,Claim-Specialty,Gavilyte-C,"Peg3350/Sod Sulf,bicarb,cl/Kcl",47,47,48,818.34,45,,33,33,552.97,33,,31
1003011891,Spira,Etan,Belleville,NJ,34,Gastroenterology,Claim-Specialty,Gavilyte-G,"Peg3350/Sod Sulf,bicarb,cl/Kcl",85,85,149,1447.96,81,,69,69,1184.68,103,,68
1003011891,Spira,Etan,Belleville,NJ,34,Gastroenterology,Claim-Specialty,Humira(Cf) Pen,Adalimumab,13,13,364,196769.43,,,0,0,0,0,#,
1003011891,Spira,Etan,Belleville,NJ,34,Gastroenterology,Claim-Specialty,Lansoprazole,Lansoprazole,12,19,538,516.08,,#,,,,,*,
1003011891,Spira,Etan,Belleville,NJ,34,Gastroenterology,Claim-Specialty,Linzess,Linaclotide,136,190,5700,103551.76,32,,70,103,55837.56,3090,,20
1003011891,Spira,Etan,Belleville,NJ,34,Gastroenterology,Claim-Specialty,Lubiprostone,Lubiprostone,38,64,1920,16721.75,15,#,,,,,#,
1003011891,Spira,Etan,Belleville,NJ,34,Gastroenterology,Claim-Specialty,Mesalamine,Mesalamine,26,35,1026,17809.01,,,26,35,17809.01,1026,*,
1003011891,Spira,Etan,Belleville,NJ,34,Gastroenterology,Claim-Specialty,Metoclopramide Hcl,Metoclopramide Hcl,12,12,360,180.88,,*,,,,,*,
1003011891,Spira,Etan,Belleville,NJ,34,Gastroenterology,Claim-Specialty,Metronidazole,Metronidazole,13,13,141,145.69,11,*,,,,,*,
1003011891,Spira,Etan,Belleville,NJ,34,Gastroenterology,Claim-Specialty,Omeprazole,Omeprazole,117,235.5,6777,2044.34,52,,86,185.5,1345.38,5365,,39
1003011891,Spira,Etan,Belleville,NJ,34,Gastroenterology,Claim-Specialty,Pantoprazole Sodium,Pantoprazole Sodium,188,356.3,10446,2593.91,64,,129,265.3,1754.32,7958,,46
1003011891,Spira,Etan,Belleville,NJ,34,Gastroenterology,Claim-Specialty,Peg 3350-Electrolyte,Sodium Chloride/Nahco3/Kcl/Peg,17,17,19,431.71,16,#,,,,,#,
1003011891,Spira,Etan,Belleville,NJ,34,Gastroenterology,Claim-Specialty,Peg-3350 And Electrolytes,"Peg3350/Sod Sulf,bicarb,cl/Kcl",16,16,23,287.34,14,#,,,,,*,
1003011891,Spira,Etan,Belleville,NJ,34,Gastroenterology,Claim-Specialty,Sucralfate,Sucralfate,13,17,510,2544.86,,#,,,,,*,
1003011891,Spira,Etan,Belleville,NJ,34,Gastroenterology,Claim-Specialty,Xifaxan,Rifaximin,14,14,388,44638.97,,,14,14,44638.97,388,*,
1003011941,Jung,Edward,West Covina,CA,06,Radiation Oncology,Claim-Specialty,Oxycodone-Acetaminophen,Oxycodone Hcl/Acetaminophen,13,13,322,391.45,,,13,13,391.45,322,*,
1003011982,Deeb,Liliane,Staten Island,NY,36,Gastroenterology,Claim-Specialty,Clenpiq,Sod Picosulf/Mag Ox/Citric Ac,19,19,23,3345.69,19,#,,,,,#,
1003011982,Deeb,Liliane,Staten Island,NY,36,Gastroenterology,Claim-Specialty,Dicyclomine Hcl,Dicyclomine Hcl,59,63,1890,1167.41,27,#,,,,,#,
1003011982,Deeb,Liliane,Staten Island,NY,36,Gastroenterology,Claim-Specialty,Esomeprazole Magnesium,Esomeprazole Magnesium,17,21,630,232.74,,*,,,,,*,
1003011982,Deeb,Liliane,Staten Island,NY,36,Gastroenterology,Claim-Specialty,Famotidine,Famotidine,167,251,7530,1792.99,48,,141,215,1502.88,6450,#,
1003011982,Deeb,Liliane,Staten Island,NY,36,Gastroenterology,Claim-Specialty,Gavilyte-C,"Peg3350/Sod Sulf,bicarb,cl/Kcl",12,12,12,178.1,12,*,,,,,*,
1003011982,Deeb,Liliane,Staten Island,NY,36,Gastroenterology,Claim-Specialty,Gavilyte-G,"Peg3350/Sod Sulf,bicarb,cl/Kcl",20,20,49,298.09,20,#,,,,,#,
1003011982,Deeb,Liliane,Staten Island,NY,36,Gastroenterology,Claim-Specialty,Linzess,Linaclotide,28,30,900,16400.47,,#,,,,,*,
1003011982,Deeb,Liliane,Staten Island,NY,36,Gastroenterology,Claim-Specialty,Mesalamine,Mesalamine,14,18,540,13808.99,,,14,18,13808.99,540,*,
1003011982,Deeb,Liliane,Staten Island,NY,36,Gastroenterology,Claim-Specialty,Omeprazole,Omeprazole,12,22,660,149.43,,#,,,,,*,
1003011982,Deeb,Liliane,Staten Island,NY,36,Gastroenterology,Claim-Specialty,Ondansetron Hcl,Ondansetron Hcl,17,17,466,267.67,,*,,,,,*,
1003011982,Deeb,Liliane,Staten Island,NY,36,Gastroenterology,Claim-Specialty,Pantoprazole Sodium,Pantoprazole Sodium,241,347,10317,2188.17,77,,208,304,1849.62,9043,,65
1003011982,Deeb,Liliane,Staten Island,NY,36,Gastroenterology,Claim-Specialty,Plenvu,Peg3350/Sod Sul/Nacl/Kcl/Asb/C,28,28,63,4134.15,27,#,,,,,#,
1003011982,Deeb,Liliane,Staten Island,NY,36,Gastroenterology,Claim-Specialty,Sutab,Sod Sulf/Pot Chloride/Mag Sulf,14,14,84,2376.62,14,#,,,,,#,
1003011982,Deeb,Liliane,Staten Island,NY,36,Gastroenterology,Claim-Specialty,Trulance,Plecanatide,14,22,660,11717.73,,,14,22,11717.73,660,*,
1003011982,Deeb,Liliane,Staten Island,NY,36,Gastroenterology,Claim-Specialty,Ursodiol,Ursodiol,12,12,360,111.87,,,12,12,111.87,360,*,
1003012014,Scarfo,Keith-Austin,Providence,RI,44,Anesthesiology,Claim-Specialty,Baclofen,Baclofen,30,44,1289,752.08,,*,,,,,*,
1003012014,Scarfo,Keith-Austin,Providence,RI,44,Anesthesiology,Claim-Specialty,Duloxetine Hcl,Duloxetine Hcl,108,166,4970,2439.62,39,,80,122,1945.39,3650,,28
1003012014,Scarfo,Keith-Austin,Providence,RI,44,Anesthesiology,Claim-Specialty,Gabapentin,Gabapentin,392,421.1,12544,5741.71,122,,308,325.1,4121.81,9716,,97
1003012014,Scarfo,Keith-Austin,Providence,RI,44,Anesthesiology,Claim-Specialty,Meloxicam,Meloxicam,59,71.3,2132,380.74,18,,48,60.3,280.86,1810,#,
1003012014,Scarfo,Keith-Austin,Providence,RI,44,Anesthesiology,Claim-Specialty,Methylprednisolone,Methylprednisolone,74,74,443,618.4,68,,58,58,449.34,347,,52
1003012014,Scarfo,Keith-Austin,Providence,RI,44,Anesthesiology,Claim-Specialty,Pregabalin,Pregabalin,60,62,1860,1919.77,19,,27,29,1304.24,870,*,
1003012014,Scarfo,Keith-Austin,Providence,RI,44,Anesthesiology,Claim-Specialty,Tizanidine Hcl,Tizanidine Hcl,23,29,860,472.2,,#,,,,,*,
1003012022,Cudzilo,Corey,Knoxville,TN,47,Pulmonary Disease,Claim-Specialty,Prednisone,Prednisone,13,13,43,14.65,13,#,,,,,#,
1003012063,Nwaogwugwu,Uzoamaka,Washington,DC,11,Nephrology,Claim-Specialty,Albuterol Sulfate Hfa,Albuterol Sulfate,21,23.7,516,472.35,12,#,,,,,*,
1003012063,Nwaogwugwu,Uzoamaka,Washington,DC,11,Nephrology,Claim-Specialty,Allopurinol,Allopurinol,20,46,1380,393.25,,#,,,,,*,
1003012063,Nwaogwugwu,Uzoamaka,Washington,DC,11,Nephrology,Claim-Specialty,Amlodipine Besylate,Amlodipine Besylate,94,247,7410,1043.57,38,,78,208,722.68,6240,#,
1003012063,Nwaogwugwu,Uzoamaka,Washington,DC,11,Nephrology,Claim-Specialty,Atorvastatin Calcium,Atorvastatin Calcium,69,160,4800,1306.16,27,,55,132,780.37,3960,#,
1003012063,Nwaogwugwu,Uzoamaka,Washington,DC,11,Nephrology,Claim-Specialty,Calcitriol,Calcitriol,12,24,720,228.65,,#,,,,,*,
1003012063,Nwaogwugwu,Uzoamaka,Washington,DC,11,Nephrology,Claim-Specialty,Calcium Acetate,Calcium Acetate,51,86.1,2546,4517.48,16,,22,39.1,2643.25,1164,*,
1003012063,Nwaogwugwu,Uzoamaka,Washington,DC,11,Nephrology,Claim-Specialty,Carvedilol,Carvedilol,29,66.1,1956,389.33,13,#,,,,,#,
1003012063,Nwaogwugwu,Uzoamaka,Washington,DC,11,Nephrology,Claim-Specialty,Clonidine Hcl,Clonidine Hcl,19,39,1170,156.6,,#,,,,,*,
1003012063,Nwaogwugwu,Uzoamaka,Washington,DC,11,Nephrology,Claim-Specialty,Clopidogrel,Clopidogrel Bisulfate,19,45,1350,261.51,,#,,,,,*,
1003012063,Nwaogwugwu,Uzoamaka,Washington,DC,11,Nephrology,Claim-Specialty,Cyclobenzaprine Hcl,Cyclobenzaprine Hcl,22,24,655,205.13,,#,,,,,*,
1003012063,Nwaogwugwu,Uzoamaka,Washington,DC,11,Nephrology,Claim-Specialty,Eliquis,Apixaban,25,55,1650,33587.4,,#,,,,,*,
1003012063,Nwaogwugwu,Uzoamaka,Washington,DC,11,Nephrology,Claim-Specialty,Famotidine,Famotidine,21,37,1110,145.97,,#,,,,,*,
1003012063,Nwaogwugwu,Uzoamaka,Washington,DC,11,Nephrology,Claim-Specialty,Finasteride,Finasteride,18,48,1440,361.87,,#,,,,,*,
1003012063,Nwaogwugwu,Uzoamaka,Washington,DC,11,Nephrology,Claim-Specialty,Fluticasone Propionate,Fluticasone Propionate,24,51,1530,616.72,16,#,,,,,#,
1003012063,Nwaogwugwu,Uzoamaka,Washington,DC,11,Nephrology,Claim-Specialty,Furosemide,Furosemide,65,154,4599,395.98,27,,52,118,327.21,3519,#,
1003012063,Nwaogwugwu,Uzoamaka,Washington,DC,11,Nephrology,Claim-Specialty,Gabapentin,Gabapentin,22,30,854,219.54,,#,,,,,*,
1003012063,Nwaogwugwu,Uzoamaka,Washington,DC,11,Nephrology,Claim-Specialty,Hydralazine Hcl,Hydralazine Hcl,81,167,5000,1737.37,27,,66,138,1524.12,4130,#,
1003012063,Nwaogwugwu,Uzoamaka,Washington,DC,11,Nephrology,Claim-Specialty,Hydrochlorothiazide,Hydrochlorothiazide,14,42,1260,76.47,,,14,42,76.47,1260,*,
1003012063,Nwaogwugwu,Uzoamaka,Washington,DC,11,Nephrology,Claim-Specialty,Isosorbide Mononitrate Er,Isosorbide Mononitrate,11,19,570,208.68,,,11,19,208.68,570,*,
1003012063,Nwaogwugwu,Uzoamaka,Washington,DC,11,Nephrology,Claim-Specialty,Januvia,Sitagliptin Phosphate,15,19,570,11201.59,,#,,,,,*,
1003012063,Nwaogwugwu,Uzoamaka,Washington,DC,11,Nephrology,Claim-Specialty,Levothyroxine Sodium,Levothyroxine Sodium,14,34,999,129.83,,,14,34,129.83,999,*,
1003012063,Nwaogwugwu,Uzoamaka,Washington,DC,11,Nephrology,Claim-Specialty,Linzess,Linaclotide,13,15,450,8395.04,,*,,,,,*,
1003012063,Nwaogwugwu,Uzoamaka,Washington,DC,11,Nephrology,Claim-Specialty,Lisinopril,Lisinopril,32,77,2310,375.35,13,#,,,,,#,
1003012063,Nwaogwugwu,Uzoamaka,Washington,DC,11,Nephrology,Claim-Specialty,Lokelma,Sodium Zirconium Cyclosilicate,27,38.2,1142,24982.08,11,#,,,,,*,
1003012063,Nwaogwugwu,Uzoamaka,Washington,DC,11,Nephrology,Claim-Specialty,Losartan Potassium,Losartan Potassium,107,239,7138,1495.32,32,,77,179,1126.09,5363,#,
1003012063,Nwaogwugwu,Uzoamaka,Washington,DC,11,Nephrology,Claim-Specialty,Metoprolol Succinate,Metoprolol Succinate,58,136,4080,1069.81,21,,33,89,731.68,2670,#,
1003012063,Nwaogwugwu,Uzoamaka,Washington,DC,11,Nephrology,Claim-Specialty,Metoprolol Tartrate,Metoprolol Tartrate,14,32,960,218.59,,*,,,,,*,
1003012063,Nwaogwugwu,Uzoamaka,Washington,DC,11,Nephrology,Claim-Specialty,Montelukast Sodium,Montelukast Sodium,15,34,1020,297.94,,#,,,,,*,
1003012063,Nwaogwugwu,Uzoamaka,Washington,DC,11,Nephrology,Claim-Specialty,Nifedipine Er,Nifedipine,68,132.1,3939,3158.47,20,,45,85.1,2445.88,2529,#,
1003012063,Nwaogwugwu,Uzoamaka,Washington,DC,11,Nephrology,Claim-Specialty,Pantoprazole Sodium,Pantoprazole Sodium,36,64,1920,309.85,15,#,,,,,#,
1003012063,Nwaogwugwu,Uzoamaka,Washington,DC,11,Nephrology,Claim-Specialty,Rosuvastatin Calcium,Rosuvastatin Calcium,18,36,1050,261.82,,#,,,,,*,
1003012063,Nwaogwugwu,Uzoamaka,Washington,DC,11,Nephrology,Claim-Specialty,Sevelamer Carbonate,Sevelamer Carbonate,27,41,1206,8744,11,,12,18,6034.28,540,*,
1003012063,Nwaogwugwu,Uzoamaka,Washington,DC,11,Nephrology,Claim-Specialty,Simvastatin,Simvastatin,13,39,1170,182.26,,#,,,,,*,
1003012063,Nwaogwugwu,Uzoamaka,Washington,DC,11,Nephrology,Claim-Specialty,Tamsulosin Hcl,Tamsulosin Hcl,32,72,2160,467.36,11,#,,,,,*,
1003012063,Nwaogwugwu,Uzoamaka,Washington,DC,11,Nephrology,Claim-Specialty,Tradjenta,Linagliptin,15,17,510,9647.71,,*,,,,,*,
1003012063,Nwaogwugwu,Uzoamaka,Washington,DC,11,Nephrology,Claim-Specialty,Valsartan,Valsartan,16,26,780,107.16,,,16,26,107.16,780,*,
1003012063,Nwaogwugwu,Uzoamaka,Washington,DC,11,Nephrology,Claim-Specialty,Veltassa,Patiromer Calcium Sorbitex,12,12,354,12330.87,,#,,,,,*,
1003012063,Nwaogwugwu,Uzoamaka,Washington,DC,11,Nephrology,Claim-Specialty,Zolpidem Tartrate,Zolpidem Tartrate,11,11,330,24.15,,,11,11,24.15,330,*,
1003012113,Nunes,Wendy,Saint Croix Falls,WI,55,Urology,Claim-Specialty,Alfuzosin Hcl Er,Alfuzosin Hcl,14,40,1200,344.03,,,14,40,344.03,1200,*,
1003012113,Nunes,Wendy,Saint Croix Falls,WI,55,Urology,Claim-Specialty,Amoxicillin,Amoxicillin,18,18,118,40.26,14,#,,,,,#,
1003012113,Nunes,Wendy,Saint Croix Falls,WI,55,Urology,Claim-Specialty,Cephalexin,Cephalexin,110,158,3018,920.81,69,#,,,,,#,
1003012113,Nunes,Wendy,Saint Croix Falls,WI,55,Urology,Claim-Specialty,Estradiol,Estradiol,11,22.3,668,1518.94,,,11,22.3,1518.94,668,*,
1003012113,Nunes,Wendy,Saint Croix Falls,WI,55,Urology,Claim-Specialty,Finasteride,Finasteride,234,647.1,19397,4698.11,73,#,,,,,#,
1003012113,Nunes,Wendy,Saint Croix Falls,WI,55,Urology,Claim-Specialty,Levofloxacin,Levofloxacin,32,32,34,44.14,28,#,,,,,#,
1003012113,Nunes,Wendy,Saint Croix Falls,WI,55,Urology,Claim-Specialty,Methenamine Hippurate,Methenamine Hippurate,19,23.6,697,1427.77,,#,,,,,*,
1003012113,Nunes,Wendy,Saint Croix Falls,WI,55,Urology,Claim-Specialty,Myrbetriq,Mirabegron,149,280.5,8416,130811.23,50,,127,240.5,112113.3,7216,#,
1003012113,Nunes,Wendy,Saint Croix Falls,WI,55,Urology,Claim-Specialty,Nitrofurantoin Mono-Macro,Nitrofurantoin Monohyd/M-Cryst,16,18,281,612.03,12,#,,,,,#,
1003012113,Nunes,Wendy,Saint Croix Falls,WI,55,Urology,Claim-Specialty,Oxybutynin Chloride Er,Oxybutynin Chloride,147,355.2,10450,8456.57,52,,127,318.1,6105.95,9345,#,
1003012113,Nunes,Wendy,Saint Croix Falls,WI,55,Urology,Claim-Specialty,Potassium Citrate Er,Potassium Citrate,40,97.2,2892,4450.66,12,,40,97.2,4450.66,2892,,12
1003012113,Nunes,Wendy,Saint Croix Falls,WI,55,Urology,Claim-Specialty,Premarin,"Estrogens, Conjugated",11,54.8,1645,4880.32,,*,,,,,*,
1003012113,Nunes,Wendy,Saint Croix Falls,WI,55,Urology,Claim-Specialty,Sulfamethoxazole-Trimethoprim,Sulfamethoxazole/Trimethoprim,31,31,166,93.29,26,#,,,,,#,
1003012113,Nunes,Wendy,Saint Croix Falls,WI,55,Urology,Claim-Specialty,Tamsulosin Hcl,Tamsulosin Hcl,487,1303.4,38971,11817.55,155,,461,1242.9,11187.66,37173,#,
1003012113,Nunes,Wendy,Saint Croix Falls,WI,55,Urology,Claim-Specialty,Terazosin Hcl,Terazosin Hcl,32,88.2,2629,894.15,11,#,,,,,*,
1003012113,Nunes,Wendy,Saint Croix Falls,WI,55,Urology,Claim-Specialty,Trimethoprim,Trimethoprim,11,21,630,1017.55,,,11,21,1017.55,630,*,
1003012154,Reutter,Mark,Media,PA,42,Emergency Medicine,Claim-Specialty,Amoxicillin-Clavulanate Potass,Amoxicillin/Potassium Clav,23,23,213,264.48,23,,23,23,264.48,213,,23
1003012154,Reutter,Mark,Media,PA,42,Emergency Medicine,Claim-Specialty,Azithromycin,Azithromycin,21,21,102,125.36,21,#,,,,,#,
1003012154,Reutter,Mark,Media,PA,42,Emergency Medicine,Claim-Specialty,Cefdinir,Cefdinir,22,22,132,275.25,22,,22,22,275.25,132,,22
1003012154,Reutter,Mark,Media,PA,42,Emergency Medicine,Claim-Specialty,Cefuroxime,Cefuroxime Axetil,15,15,92,157.37,15,,15,15,157.37,92,,15
1003012154,Reutter,Mark,Media,PA,42,Emergency Medicine,Claim-Specialty,Doxycycline Hyclate,Doxycycline Hyclate,25,25,204,357.28,25,#,,,,,#,
1003012154,Reutter,Mark,Media,PA,42,Emergency Medicine,Claim-Specialty,Famotidine,Famotidine,13,13,93,45.26,,,13,13,45.26,93,*,
1003012154,Reutter,Mark,Media,PA,42,Emergency Medicine,Claim-Specialty,Ibuprofen,Ibuprofen,11,11,64,15.38,11,*,,,,,*,
1003012154,Reutter,Mark,Media,PA,42,Emergency Medicine,Claim-Specialty,Methylprednisolone,Methylprednisolone,16,16,96,117.95,16,#,,,,,#,
1003012154,Reutter,Mark,Media,PA,42,Emergency Medicine,Claim-Specialty,Naproxen,Naproxen,15,19,322,46.79,14,#,,,,,#,
1003012154,Reutter,Mark,Media,PA,42,Emergency Medicine,Claim-Specialty,Ondansetron Odt,Ondansetron,32,32,126,156.64,32,#,,,,,#,
1003012154,Reutter,Mark,Media,PA,42,Emergency Medicine,Claim-Specialty,Oxycodone Hcl,Oxycodone Hcl,20,20,65,66.31,20,#,,,,,#,
1003012154,Reutter,Mark,Media,PA,42,Emergency Medicine,Claim-Specialty,Oxycodone-Acetaminophen,Oxycodone Hcl/Acetaminophen,26,26,98,53.74,26,#,,,,,#,
1003012154,Reutter,Mark,Media,PA,42,Emergency Medicine,Claim-Specialty,Pantoprazole Sodium,Pantoprazole Sodium,17,17.5,510,101.02,15,,17,17.5,101.02,510,,15
1003012154,Reutter,Mark,Media,PA,42,Emergency Medicine,Claim-Specialty,Prednisone,Prednisone,29,29,252,108.76,29,#,,,,,#,
1003012154,Reutter,Mark,Media,PA,42,Emergency Medicine,Claim-Specialty,Tramadol Hcl,Tramadol Hcl,11,11,41,17.02,11,*,,,,,*,
1003012204,Clair,Charles,Pocatello,ID,16,Family Practice,Claim-Specialty,Amoxicillin-Clavulanate Potass,Amoxicillin/Potassium Clav,24,24,121,115.78,24,#,,,,,#,
1003012204,Clair,Charles,Pocatello,ID,16,Family Practice,Claim-Specialty,Prednisone,Prednisone,16,16,95,53.94,15,,16,16,53.94,95,,15
1003012212,Gaponiuk,Mark,Vero Beach,FL,12,Dentist,NPPES-Specialty,Amoxicillin,Amoxicillin,49,49,239,143.74,35,,27,27,66.91,135,,21
1003012212,Gaponiuk,Mark,Vero Beach,FL,12,Dentist,NPPES-Specialty,Clindamycin Hcl,Clindamycin Hcl,12,12,38,68.38,,*,,,,,*,
1003012303,Mallek,Gregory,Hillsboro,OR,41,Obstetrics & Gynecology,Claim-Specialty,Premarin,"Estrogens, Conjugated",11,15.8,474,5255.79,,,11,15.8,5255.79,474,*,
1003012352,Boots,Carrie,Fort Wayne,IN,18,Nurse Practitioner,Claim-Specialty,Acyclovir,Acyclovir,11,11,330,168.76,,,11,11,168.76,330,*,
1003012352,Boots,Carrie,Fort Wayne,IN,18,Nurse Practitioner,Claim-Specialty,Anastrozole,Anastrozole,12,36,1080,334.28,,,12,36,334.28,1080,*,
1003012352,Boots,Carrie,Fort Wayne,IN,18,Nurse Practitioner,Claim-Specialty,Cyanocobalamin Injection,Cyanocobalamin (Vitamin B-12),14,18.2,523,34.27,,,14,18.2,34.27,523,*,
1003012352,Boots,Carrie,Fort Wayne,IN,18,Nurse Practitioner,Claim-Specialty,Dexamethasone,Dexamethasone,15,15,297,351.47,,,15,15,351.47,297,*,
1003012352,Boots,Carrie,Fort Wayne,IN,18,Nurse Practitioner,Claim-Specialty,Diphenoxylate-Atropine,Diphenoxylate Hcl/Atropine,17,17,212,417.46,11,,17,17,417.46,212,,11
1003012352,Boots,Carrie,Fort Wayne,IN,18,Nurse Practitioner,Claim-Specialty,Eliquis,Apixaban,25,27,810,16090.39,,#,,,,,*,
1003012352,Boots,Carrie,Fort Wayne,IN,18,Nurse Practitioner,Claim-Specialty,Gabapentin,Gabapentin,21,27,780,465.15,12,#,,,,,#,
1003012352,Boots,Carrie,Fort Wayne,IN,18,Nurse Practitioner,Claim-Specialty,Hydrocodone-Acetaminophen,Hydrocodone/Acetaminophen,23,23,320,654.26,18,#,,,,,#,
1003012352,Boots,Carrie,Fort Wayne,IN,18,Nurse Practitioner,Claim-Specialty,Hydroxyurea,Hydroxyurea,14,34,1020,464.03,,,14,34,464.03,1020,*,
1003012352,Boots,Carrie,Fort Wayne,IN,18,Nurse Practitioner,Claim-Specialty,Letrozole,Letrozole,22,47.8,1433,339.24,,#,,,,,*,
1003012352,Boots,Carrie,Fort Wayne,IN,18,Nurse Practitioner,Claim-Specialty,Lidocaine-Prilocaine,Lidocaine/Prilocaine,11,11,300,187.36,11,*,,,,,*,
1003012352,Boots,Carrie,Fort Wayne,IN,18,Nurse Practitioner,Claim-Specialty,Ondansetron Odt,Ondansetron,11,11,103,202.04,11,*,,,,,*,
1003012352,Boots,Carrie,Fort Wayne,IN,18,Nurse Practitioner,Claim-Specialty,Potassium Chloride,Potassium Chloride,13,13,294,113.04,,#,,,,,*,
1003012352,Boots,Carrie,Fort Wayne,IN,18,Nurse Practitioner,Claim-Specialty,Prednisone,Prednisone,18,19.3,477,92.84,11,,18,19.3,92.84,477,,11
1003012352,Boots,Carrie,Fort Wayne,IN,18,Nurse Practitioner,Claim-Specialty,Prochlorperazine Maleate,Prochlorperazine Maleate,54,54,709,1057.55,46,#,,,,,#,
1003012402,Chittaphong,Lam,San Diego,CA,06,Dentist,NPPES-Taxonomy,Amoxicillin-Clavulanate Potass,Amoxicillin/Potassium Clav,49,49,354,449.2,41,#,,,,,#,
1003012402,Chittaphong,Lam,San Diego,CA,06,Dentist,NPPES-Taxonomy,Chlorhexidine Gluconate,Chlorhexidine Gluconate,11,11,179,66.41,,,11,11,66.41,179,*,
1003012402,Chittaphong,Lam,San Diego,CA,06,Dentist,NPPES-Taxonomy,Dexamethasone,Dexamethasone,47,47,287,333.41,43,#,,,,,#,
1003012410,Tindoc,Lorelane,Pompton Plains,NJ,34,Family Practice,Claim-Specialty,Albuterol Sulfate Hfa,Albuterol Sulfate,47,69.7,2030,1722.53,20,,47,69.7,1722.53,2030,,20
1003012410,Tindoc,Lorelane,Pompton Plains,NJ,34,Family Practice,Claim-Specialty,Alendronate Sodium,Alendronate Sodium,32,81.4,2440,520.32,12,,32,81.4,520.32,2440,,12
1003012410,Tindoc,Lorelane,Pompton Plains,NJ,34,Family Practice,Claim-Specialty,Allopurinol,Allopurinol,37,99,2970,570,19,#,,,,,#,
1003012410,Tindoc,Lorelane,Pompton Plains,NJ,34,Family Practice,Claim-Specialty,Alprazolam,Alprazolam,48,55,1484,481.5,17,,48,55,481.5,1484,,17
1003012410,Tindoc,Lorelane,Pompton Plains,NJ,34,Family Practice,Claim-Specialty,Amiodarone Hcl,Amiodarone Hcl,11,19,570,326.68,,,11,19,326.68,570,*,
1003012410,Tindoc,Lorelane,Pompton Plains,NJ,34,Family Practice,Claim-Specialty,Amlodipine Besylate,Amlodipine Besylate,188,481,14316,1712.6,71,,188,481,1712.6,14316,,71
1003012410,Tindoc,Lorelane,Pompton Plains,NJ,34,Family Practice,Claim-Specialty,Amoxicillin-Clavulanate Potass,Amoxicillin/Potassium Clav,36,36,279,451.54,33,,36,36,451.54,279,,33
1003012410,Tindoc,Lorelane,Pompton Plains,NJ,34,Family Practice,Claim-Specialty,Atenolol,Atenolol,12,36,1080,251.51,,,12,36,251.51,1080,*,
1003012410,Tindoc,Lorelane,Pompton Plains,NJ,34,Family Practice,Claim-Specialty,Atorvastatin Calcium,Atorvastatin Calcium,271,740.5,22178,4187.48,113,#,,,,,#,
1003012410,Tindoc,Lorelane,Pompton Plains,NJ,34,Family Practice,Claim-Specialty,Azithromycin,Azithromycin,14,14,68,80.48,12,,14,14,80.48,68,,12
1003012410,Tindoc,Lorelane,Pompton Plains,NJ,34,Family Practice,Claim-Specialty,Buspirone Hcl,Buspirone Hcl,16,26,774,334.86,,,16,26,334.86,774,*,
1003012410,Tindoc,Lorelane,Pompton Plains,NJ,34,Family Practice,Claim-Specialty,Carvedilol,Carvedilol,34,78,2326,597.12,13,,34,78,597.12,2326,,13
1003012410,Tindoc,Lorelane,Pompton Plains,NJ,34,Family Practice,Claim-Specialty,Celecoxib,Celecoxib,11,23,690,575.96,,,11,23,575.96,690,*,
1003012410,Tindoc,Lorelane,Pompton Plains,NJ,34,Family Practice,Claim-Specialty,Cholestyramine,Cholestyramine (With Sugar),11,12.6,378,422.56,,,11,12.6,422.56,378,*,
1003012410,Tindoc,Lorelane,Pompton Plains,NJ,34,Family Practice,Claim-Specialty,Clonazepam,Clonazepam,16,18,525,135.35,,,16,18,135.35,525,*,
1003012410,Tindoc,Lorelane,Pompton Plains,NJ,34,Family Practice,Claim-Specialty,Clopidogrel,Clopidogrel Bisulfate,41,108,3240,839.08,15,,41,108,839.08,3240,,15
1003012410,Tindoc,Lorelane,Pompton Plains,NJ,34,Family Practice,Claim-Specialty,Diclofenac Sodium,Diclofenac Sodium,27,27,750,597.89,,#,,,,,*,
1003012410,Tindoc,Lorelane,Pompton Plains,NJ,34,Family Practice,Claim-Specialty,Dicyclomine Hcl,Dicyclomine Hcl,11,23,690,453.96,,,11,23,453.96,690,*,
1003012410,Tindoc,Lorelane,Pompton Plains,NJ,34,Family Practice,Claim-Specialty,Divalproex Sodium,Divalproex Sodium,26,38,1140,368.91,,,26,38,368.91,1140,*,
1003012410,Tindoc,Lorelane,Pompton Plains,NJ,34,Family Practice,Claim-Specialty,Donepezil Hcl,Donepezil Hcl,64,134.7,4040,1393.09,23,,64,134.7,1393.09,4040,,23
1003012410,Tindoc,Lorelane,Pompton Plains,NJ,34,Family Practice,Claim-Specialty,Doxazosin Mesylate,Doxazosin Mesylate,12,22,660,94.4,,,12,22,94.4,660,*,
1003012410,Tindoc,Lorelane,Pompton Plains,NJ,34,Family Practice,Claim-Specialty,Doxycycline Hyclate,Doxycycline Hyclate,11,11,94,194.65,,,11,11,194.65,94,*,
1003012410,Tindoc,Lorelane,Pompton Plains,NJ,34,Family Practice,Claim-Specialty,Duloxetine Hcl,Duloxetine Hcl,36,76,2280,1617.13,,,36,76,1617.13,2280,*,
1003012410,Tindoc,Lorelane,Pompton Plains,NJ,34,Family Practice,Claim-Specialty,Eliquis,Apixaban,99,241.7,7076,133766,45,,99,241.7,133766,7076,,45
1003012410,Tindoc,Lorelane,Pompton Plains,NJ,34,Family Practice,Claim-Specialty,Enalapril Maleate,Enalapril Maleate,17,51,1530,604.6,,,17,51,604.6,1530,*,
1003012410,Tindoc,Lorelane,Pompton Plains,NJ,34,Family Practice,Claim-Specialty,Escitalopram Oxalate,Escitalopram Oxalate,54,124,3680,763.28,24,#,,,,,#,
1003012410,Tindoc,Lorelane,Pompton Plains,NJ,34,Family Practice,Claim-Specialty,Esomeprazole Magnesium,Esomeprazole Magnesium,19,57.7,1730,1088.4,,,19,57.7,1088.4,1730,*,
1003012410,Tindoc,Lorelane,Pompton Plains,NJ,34,Family Practice,Claim-Specialty,Ezetimibe,Ezetimibe,18,52,1543,474.22,,,18,52,474.22,1543,*,
1003012410,Tindoc,Lorelane,Pompton Plains,NJ,34,Family Practice,Claim-Specialty,Famotidine,Famotidine,64,102,3028,987.27,22,,64,102,987.27,3028,,22
1003012410,Tindoc,Lorelane,Pompton Plains,NJ,34,Family Practice,Claim-Specialty,Finasteride,Finasteride,21,55.7,1670,241.04,14,,21,55.7,241.04,1670,,14
1003012410,Tindoc,Lorelane,Pompton Plains,NJ,34,Family Practice,Claim-Specialty,Flovent Hfa,Fluticasone Propionate,17,25,750,9386.48,,#,,,,,*,
1003012410,Tindoc,Lorelane,Pompton Plains,NJ,34,Family Practice,Claim-Specialty,Fluticasone Propionate,Fluticasone Propionate,61,94.3,2830,1089.23,36,,61,94.3,1089.23,2830,,36
1003012410,Tindoc,Lorelane,Pompton Plains,NJ,34,Family Practice,Claim-Specialty,Furosemide,Furosemide,88,150.3,4491,441.98,36,,88,150.3,441.98,4491,,36
1003012410,Tindoc,Lorelane,Pompton Plains,NJ,34,Family Practice,Claim-Specialty,Gabapentin,Gabapentin,92,208.3,6241,1986.36,41,#,,,,,#,
1003012410,Tindoc,Lorelane,Pompton Plains,NJ,34,Family Practice,Claim-Specialty,Glipizide,Glipizide,12,28,840,98.99,,*,,,,,*,
1003012410,Tindoc,Lorelane,Pompton Plains,NJ,34,Family Practice,Claim-Specialty,Glipizide Er,Glipizide,16,42.3,1270,358.86,,,16,42.3,358.86,1270,*,
1003012410,Tindoc,Lorelane,Pompton Plains,NJ,34,Family Practice,Claim-Specialty,Hydrochlorothiazide,Hydrochlorothiazide,59,169,5070,258.12,24,,59,169,258.12,5070,,24
1003012410,Tindoc,Lorelane,Pompton Plains,NJ,34,Family Practice,Claim-Specialty,Hydrocortisone,Hydrocortisone,18,18,406,248.45,,,18,18,248.45,406,*,
1003012410,Tindoc,Lorelane,Pompton Plains,NJ,34,Family Practice,Claim-Specialty,Ipratropium Bromide,Ipratropium Bromide,11,21.7,626,584.79,,,11,21.7,584.79,626,*,
1003012410,Tindoc,Lorelane,Pompton Plains,NJ,34,Family Practice,Claim-Specialty,Janumet,Sitagliptin Phos/Metformin Hcl,12,18,540,10510.82,,,12,18,10510.82,540,*,
1003012410,Tindoc,Lorelane,Pompton Plains,NJ,34,Family Practice,Claim-Specialty,Januvia,Sitagliptin Phosphate,14,24.3,650,12257.18,,,14,24.3,12257.18,650,*,
1003012410,Tindoc,Lorelane,Pompton Plains,NJ,34,Family Practice,Claim-Specialty,Lantus Solostar,"Insulin Glargine,hum.Rec.Anlog",21,63.9,1883,10729.17,,,21,63.9,10729.17,1883,*,
1003012410,Tindoc,Lorelane,Pompton Plains,NJ,34,Family Practice,Claim-Specialty,Levetiracetam,Levetiracetam,11,17,402,279.85,,,11,17,279.85,402,*,
1003012410,Tindoc,Lorelane,Pompton Plains,NJ,34,Family Practice,Claim-Specialty,Levothyroxine Sodium,Levothyroxine Sodium,234,575.4,17190,4398.07,86,#,,,,,#,
1003012410,Tindoc,Lorelane,Pompton Plains,NJ,34,Family Practice,Claim-Specialty,Lisinopril,Lisinopril,93,259.9,7781,889.54,35,#,,,,,#,
1003012410,Tindoc,Lorelane,Pompton Plains,NJ,34,Family Practice,Claim-Specialty,Lisinopril-Hydrochlorothiazide,Lisinopril/Hydrochlorothiazide,14,40.7,1220,183.94,,,14,40.7,183.94,1220,*,
1003012410,Tindoc,Lorelane,Pompton Plains,NJ,34,Family Practice,Claim-Specialty,Lorazepam,Lorazepam,81,85,1948,1205.51,27,,81,85,1205.51,1948,,27
1003012410,Tindoc,Lorelane,Pompton Plains,NJ,34,Family Practice,Claim-Specialty,Losartan Potassium,Losartan Potassium,93,269.3,8074,1645.53,40,,93,269.3,1645.53,8074,,40
1003012410,Tindoc,Lorelane,Pompton Plains,NJ,34,Family Practice,Claim-Specialty,Losartan-Hydrochlorothiazide,Losartan/Hydrochlorothiazide,12,36.7,1100,343.36,,,12,36.7,343.36,1100,*,
1003012410,Tindoc,Lorelane,Pompton Plains,NJ,34,Family Practice,Claim-Specialty,Meclizine Hcl,Meclizine Hcl,14,14,400,152.59,,,14,14,152.59,400,*,
1003012410,Tindoc,Lorelane,Pompton Plains,NJ,34,Family Practice,Claim-Specialty,Meloxicam,Meloxicam,67,97.3,2917,404.68,27,#,,,,,#,
1003012410,Tindoc,Lorelane,Pompton Plains,NJ,34,Family Practice,Claim-Specialty,Memantine Hcl,Memantine Hcl,27,59,1770,1042.89,12,,27,59,1042.89,1770,,12
1003012410,Tindoc,Lorelane,Pompton Plains,NJ,34,Family Practice,Claim-Specialty,Metformin Hcl,Metformin Hcl,107,252,7545,1323.56,47,#,,,,,#,
1003012410,Tindoc,Lorelane,Pompton Plains,NJ,34,Family Practice,Claim-Specialty,Metformin Hcl Er,Metformin Hcl,31,83,2483,692.47,11,,31,83,692.47,2483,,11
1003012410,Tindoc,Lorelane,Pompton Plains,NJ,34,Family Practice,Claim-Specialty,Methenamine Hippurate,Methenamine Hippurate,24,40,1092,2555.76,,,24,40,2555.76,1092,*,
1003012410,Tindoc,Lorelane,Pompton Plains,NJ,34,Family Practice,Claim-Specialty,Metolazone,Metolazone,15,22,605,498.78,,,15,22,498.78,605,*,
1003012410,Tindoc,Lorelane,Pompton Plains,NJ,34,Family Practice,Claim-Specialty,Metoprolol Succinate,Metoprolol Succinate,97,245,7320,2346.1,41,,97,245,2346.1,7320,,41
1003012410,Tindoc,Lorelane,Pompton Plains,NJ,34,Family Practice,Claim-Specialty,Metoprolol Tartrate,Metoprolol Tartrate,65,151,4511,615.13,23,,65,151,615.13,4511,,23
1003012410,Tindoc,Lorelane,Pompton Plains,NJ,34,Family Practice,Claim-Specialty,Mirtazapine,Mirtazapine,40,86.2,2537,1161.28,19,,40,86.2,1161.28,2537,,19
1003012410,Tindoc,Lorelane,Pompton Plains,NJ,34,Family Practice,Claim-Specialty,Mometasone Furoate,Mometasone Furoate,15,30,835,2401.54,,,15,30,2401.54,835,*,
1003012410,Tindoc,Lorelane,Pompton Plains,NJ,34,Family Practice,Claim-Specialty,Montelukast Sodium,Montelukast Sodium,103,207.7,6230,1981.4,34,#,,,,,#,
1003012410,Tindoc,Lorelane,Pompton Plains,NJ,34,Family Practice,Claim-Specialty,Mupirocin,Mupirocin,14,14,201,148.56,,#,,,,,*,
1003012410,Tindoc,Lorelane,Pompton Plains,NJ,34,Family Practice,Claim-Specialty,Nebivolol Hcl,Nebivolol Hcl,14,38,1140,1302.87,,,14,38,1302.87,1140,*,
1003012410,Tindoc,Lorelane,Pompton Plains,NJ,34,Family Practice,Claim-Specialty,Nitrofurantoin Mono-Macro,Nitrofurantoin Monohyd/M-Cryst,28,28,196,575.37,23,,28,28,575.37,196,,23
1003012410,Tindoc,Lorelane,Pompton Plains,NJ,34,Family Practice,Claim-Specialty,Olmesartan Medoxomil,Olmesartan Medoxomil,28,62,1860,550.13,,,28,62,550.13,1860,*,
1003012410,Tindoc,Lorelane,Pompton Plains,NJ,34,Family Practice,Claim-Specialty,Omeprazole,Omeprazole,88,193.7,5796,1828.79,34,,88,193.7,1828.79,5796,,34
1003012410,Tindoc,Lorelane,Pompton Plains,NJ,34,Family Practice,Claim-Specialty,Oxybutynin Chloride Er,Oxybutynin Chloride,14,29,870,335.47,,,14,29,335.47,870,*,
1003012410,Tindoc,Lorelane,Pompton Plains,NJ,34,Family Practice,Claim-Specialty,Pantoprazole Sodium,Pantoprazole Sodium,55,151,4504,1085.53,24,,55,151,1085.53,4504,,24
1003012410,Tindoc,Lorelane,Pompton Plains,NJ,34,Family Practice,Claim-Specialty,Paxlovid (Eua),Nirmatrelvir/Ritonavir,14,14,70,149,14,,14,14,149,70,,14
1003012410,Tindoc,Lorelane,Pompton Plains,NJ,34,Family Practice,Claim-Specialty,Potassium Chloride,Potassium Chloride,46,97.3,2893,887.39,14,,46,97.3,887.39,2893,,14
1003012410,Tindoc,Lorelane,Pompton Plains,NJ,34,Family Practice,Claim-Specialty,Pravastatin Sodium,Pravastatin Sodium,26,54.7,1640,399.15,,,26,54.7,399.15,1640,*,
1003012410,Tindoc,Lorelane,Pompton Plains,NJ,34,Family Practice,Claim-Specialty,Prednisone,Prednisone,47,59,1392,383.71,26,#,,,,,#,
1003012410,Tindoc,Lorelane,Pompton Plains,NJ,34,Family Practice,Claim-Specialty,Pregabalin,Pregabalin,14,30,900,610.18,,,14,30,610.18,900,*,
1003012410,Tindoc,Lorelane,Pompton Plains,NJ,34,Family Practice,Claim-Specialty,Quetiapine Fumarate,Quetiapine Fumarate,18,40,1177,924.67,,#,,,,,*,
1003012410,Tindoc,Lorelane,Pompton Plains,NJ,34,Family Practice,Claim-Specialty,Rabeprazole Sodium,Rabeprazole Sodium,13,19,570,374.23,,,13,19,374.23,570,*,
1003012410,Tindoc,Lorelane,Pompton Plains,NJ,34,Family Practice,Claim-Specialty,Raloxifene Hcl,Raloxifene Hcl,11,19,556,1049.92,,,11,19,1049.92,556,*,
1003012410,Tindoc,Lorelane,Pompton Plains,NJ,34,Family Practice,Claim-Specialty,Rosuvastatin Calcium,Rosuvastatin Calcium,136,319,9570,2560.46,43,#,,,,,#,
1003012410,Tindoc,Lorelane,Pompton Plains,NJ,34,Family Practice,Claim-Specialty,Sertraline Hcl,Sertraline Hcl,67,125,3738,812.38,26,,67,125,812.38,3738,,26
1003012410,Tindoc,Lorelane,Pompton Plains,NJ,34,Family Practice,Claim-Specialty,Simvastatin,Simvastatin,85,238.3,7112,1209.43,37,,85,238.3,1209.43,7112,,37
1003012410,Tindoc,Lorelane,Pompton Plains,NJ,34,Family Practice,Claim-Specialty,Spironolactone,Spironolactone,14,42.3,1270,164.12,,,14,42.3,164.12,1270,*,
1003012410,Tindoc,Lorelane,Pompton Plains,NJ,34,Family Practice,Claim-Specialty,Synthroid,Levothyroxine Sodium,39,117,3510,2436.58,,,39,117,2436.58,3510,*,
1003012410,Tindoc,Lorelane,Pompton Plains,NJ,34,Family Practice,Claim-Specialty,Tamsulosin Hcl,Tamsulosin Hcl,69,185.7,5535,1437.06,31,,69,185.7,1437.06,5535,,31
1003012410,Tindoc,Lorelane,Pompton Plains,NJ,34,Family Practice,Claim-Specialty,Temazepam,Temazepam,11,11,330,154.54,,,11,11,154.54,330,*,
1003012410,Tindoc,Lorelane,Pompton Plains,NJ,34,Family Practice,Claim-Specialty,Torsemide,Torsemide,14,30,887,306.73,,,14,30,306.73,887,*,
1003012410,Tindoc,Lorelane,Pompton Plains,NJ,34,Family Practice,Claim-Specialty,Tramadol Hcl,Tramadol Hcl,54,54,905,455.39,24,,54,54,455.39,905,,24
1003012410,Tindoc,Lorelane,Pompton Plains,NJ,34,Family Practice,Claim-Specialty,Trazodone Hcl,Trazodone Hcl,59,103,3085,637.85,24,,59,103,637.85,3085,,24
1003012410,Tindoc,Lorelane,Pompton Plains,NJ,34,Family Practice,Claim-Specialty,Trelegy Ellipta,Fluticasone/Umeclidin/Vilanter,13,23,690,12243.9,,,13,23,12243.9,690,*,
1003012410,Tindoc,Lorelane,Pompton Plains,NJ,34,Family Practice,Claim-Specialty,Triamterene-Hydrochlorothiazid,Triamterene/Hydrochlorothiazid,17,52.3,1570,383.57,,,17,52.3,383.57,1570,*,
1003012410,Tindoc,Lorelane,Pompton Plains,NJ,34,Family Practice,Claim-Specialty,Valsartan,Valsartan,13,35,1048,496.56,,,13,35,496.56,1048,*,
1003012410,Tindoc,Lorelane,Pompton Plains,NJ,34,Family Practice,Claim-Specialty,Valsartan-Hydrochlorothiazide,Valsartan/Hydrochlorothiazide,12,36,1080,669.13,,,12,36,669.13,1080,*,
1003012410,Tindoc,Lorelane,Pompton Plains,NJ,34,Family Practice,Claim-Specialty,Warfarin Sodium,Warfarin Sodium,20,36,1068,305.64,,,20,36,305.64,1068,*,
1003012410,Tindoc,Lorelane,Pompton Plains,NJ,34,Family Practice,Claim-Specialty,Xarelto,Rivaroxaban,18,42.7,1280,24248.58,,,18,42.7,24248.58,1280,*,
1003012410,Tindoc,Lorelane,Pompton Plains,NJ,34,Family Practice,Claim-Specialty,Zolpidem Tartrate,Zolpidem Tartrate,39,57,1695,229.21,12,,39,57,229.21,1695,,12
1003012428,Patel,Viral,Crittenden,KY,21,Family Practice,Claim-Specialty,Albuterol Sulfate Hfa,Albuterol Sulfate,225,251.5,5235,9896.09,80,,138,156.5,5494.88,3256,,52
1003012428,Patel,Viral,Crittenden,KY,21,Family Practice,Claim-Specialty,Alendronate Sodium,Alendronate Sodium,92,225.8,6736,840.74,29,,80,203,652.62,6064,#,
1003012428,Patel,Viral,Crittenden,KY,21,Family Practice,Claim-Specialty,Alfuzosin Hcl Er,Alfuzosin Hcl,11,31,903,908.87,,,11,31,908.87,903,*,
1003012428,Patel,Viral,Crittenden,KY,21,Family Practice,Claim-Specialty,Allopurinol,Allopurinol,126,346,10380,1879.72,37,#,,,,,#,
1003012428,Patel,Viral,Crittenden,KY,21,Family Practice,Claim-Specialty,Alprazolam,Alprazolam,170,173,4908,1601.1,18,,114,117,628.45,3288,#,
1003012428,Patel,Viral,Crittenden,KY,21,Family Practice,Claim-Specialty,Amitriptyline Hcl,Amitriptyline Hcl,97,199,5970,1864.59,23,,36,104,859.47,3120,,12
1003012428,Patel,Viral,Crittenden,KY,21,Family Practice,Claim-Specialty,Amlodipine Besylate,Amlodipine Besylate,410,1054.9,31551,2221.87,123,,330,854,1812.35,25524,,102
1003012428,Patel,Viral,Crittenden,KY,21,Family Practice,Claim-Specialty,Amoxicillin,Amoxicillin,56,56,539,323.1,52,,35,35,208.61,338,,33
1003012428,Patel,Viral,Crittenden,KY,21,Family Practice,Claim-Specialty,Amoxicillin-Clavulanate Potass,Amoxicillin/Potassium Clav,30,30,263,290.24,24,#,,,,,#,
1003012428,Patel,Viral,Crittenden,KY,21,Family Practice,Claim-Specialty,Aripiprazole,Aripiprazole,15,45,1350,3317.38,,*,,,,,*,
1003012428,Patel,Viral,Crittenden,KY,21,Family Practice,Claim-Specialty,Atenolol,Atenolol,39,107,3187,456.47,12,#,,,,,*,
1003012428,Patel,Viral,Crittenden,KY,21,Family Practice,Claim-Specialty,Atorvastatin Calcium,Atorvastatin Calcium,851,2290.6,68635,9241.56,245,,645,1765.5,6442.3,52935,,191
1003012428,Patel,Viral,Crittenden,KY,21,Family Practice,Claim-Specialty,Azithromycin,Azithromycin,124,124,617,638.88,93,,88,88,471.62,437,,71
1003012428,Patel,Viral,Crittenden,KY,21,Family Practice,Claim-Specialty,Baclofen,Baclofen,63,97.5,2925,1053.5,18,,44,76.5,751.97,2295,#,
1003012428,Patel,Viral,Crittenden,KY,21,Family Practice,Claim-Specialty,Basaglar Kwikpen U-100,"Insulin Glargine,hum.Rec.Anlog",11,18.9,565,3792.84,,*,,,,,*,
1003012428,Patel,Viral,Crittenden,KY,21,Family Practice,Claim-Specialty,Benazepril Hcl,Benazepril Hcl,14,40,1200,190.11,,,14,40,190.11,1200,*,
1003012428,Patel,Viral,Crittenden,KY,21,Family Practice,Claim-Specialty,Bisoprolol Fumarate,Bisoprolol Fumarate,27,65,1940,878.92,,#,,,,,*,
1003012428,Patel,Viral,Crittenden,KY,21,Family Practice,Claim-Specialty,Breo Ellipta,Fluticasone/Vilanterol,36,67,2010,28719.72,,#,,,,,*,
1003012428,Patel,Viral,Crittenden,KY,21,Family Practice,Claim-Specialty,Bupropion Xl,Bupropion Hcl,61,139,4170,1333.88,20,,46,100,1028.51,3000,#,
1003012428,Patel,Viral,Crittenden,KY,21,Family Practice,Claim-Specialty,Buspirone Hcl,Buspirone Hcl,89,203.5,6085,1223.28,29,,51,125,651.31,3750,,18
1003012428,Patel,Viral,Crittenden,KY,21,Family Practice,Claim-Specialty,Butalbital-Acetaminophen-Caffe,Butalb/Acetaminophen/Caffeine,26,26,531,476.49,,*,,,,,*,
1003012428,Patel,Viral,Crittenden,KY,21,Family Practice,Claim-Specialty,Calcitriol,Calcitriol,12,19.2,522,266.66,,,12,19.2,266.66,522,*,
1003012428,Patel,Viral,Crittenden,KY,21,Family Practice,Claim-Specialty,Carvedilol,Carvedilol,93,245.9,7338,1056.38,27,,69,199,538.65,5947,#,
1003012428,Patel,Viral,Crittenden,KY,21,Family Practice,Claim-Specialty,Celecoxib,Celecoxib,45,101.5,3045,1449.45,16,#,,,,,#,
1003012428,Patel,Viral,Crittenden,KY,21,Family Practice,Claim-Specialty,Cephalexin,Cephalexin,110,110,837,821.41,82,,86,86,613.11,656,,64
1003012428,Patel,Viral,Crittenden,KY,21,Family Practice,Claim-Specialty,Ciprofloxacin Hcl,Ciprofloxacin Hcl,40,40,300,208.64,33,#,,,,,#,
1003012428,Patel,Viral,Crittenden,KY,21,Family Practice,Claim-Specialty,Citalopram Hbr,Citalopram Hydrobromide,54,134,4020,370.61,14,#,,,,,#,
1003012428,Patel,Viral,Crittenden,KY,21,Family Practice,Claim-Specialty,Clindamycin Hcl,Clindamycin Hcl,23,23,224,330.05,18,#,,,,,#,
1003012428,Patel,Viral,Crittenden,KY,21,Family Practice,Claim-Specialty,Clonazepam,Clonazepam,127,127,3714,793.66,16,,86,86,423.3,2534,#,
1003012428,Patel,Viral,Crittenden,KY,21,Family Practice,Claim-Specialty,Clopidogrel,Clopidogrel Bisulfate,114,271.2,8120,1472.75,35,,90,237.2,1204.98,7100,#,
1003012428,Patel,Viral,Crittenden,KY,21,Family Practice,Claim-Specialty,Clotrimazole,Clotrimazole,15,15,216,443.6,11,#,,,,,*,
1003012428,Patel,Viral,Crittenden,KY,21,Family Practice,Claim-Specialty,Clotrimazole-Betamethasone,Clotrimazole/Betamethasone Dip,25,25.5,470,409.58,17,#,,,,,#,
1003012428,Patel,Viral,Crittenden,KY,21,Family Practice,Claim-Specialty,Colestipol Hcl,Colestipol Hcl,11,17,510,612.79,,,11,17,612.79,510,*,
1003012428,Patel,Viral,Crittenden,KY,21,Family Practice,Claim-Specialty,Cyclobenzaprine Hcl,Cyclobenzaprine Hcl,170,252,7132,1625.4,60,,120,180.3,985.86,5065,,45
1003012428,Patel,Viral,Crittenden,KY,21,Family Practice,Claim-Specialty,Dextroamphetamine-Amphet Er,Dextroamphetamine/Amphetamine,11,11,330,316.5,,,11,11,316.5,330,*,
1003012428,Patel,Viral,Crittenden,KY,21,Family Practice,Claim-Specialty,Diazepam,Diazepam,130,130,3630,610.73,20,,64,64,257.45,1895,*,
1003012428,Patel,Viral,Crittenden,KY,21,Family Practice,Claim-Specialty,Diclofenac Sodium,Diclofenac Sodium,91,150.3,3994,3047.98,30,,61,100.2,1835.55,2616,#,
1003012428,Patel,Viral,Crittenden,KY,21,Family Practice,Claim-Specialty,Dicyclomine Hcl,Dicyclomine Hcl,109,183,5084,2032.16,25,,61,121,1285.2,3348,#,
1003012428,Patel,Viral,Crittenden,KY,21,Family Practice,Claim-Specialty,Diltiazem 24hr Er (Cd),Diltiazem Hcl,20,60,1800,836.44,,#,,,,,*,
1003012428,Patel,Viral,Crittenden,KY,21,Family Practice,Claim-Specialty,Divalproex Sodium,Divalproex Sodium,13,29,870,431.09,,*,,,,,*,
1003012428,Patel,Viral,Crittenden,KY,21,Family Practice,Claim-Specialty,Donepezil Hcl,Donepezil Hcl,44,94,2803,529.92,12,,44,94,529.92,2803,,12
1003012428,Patel,Viral,Crittenden,KY,21,Family Practice,Claim-Specialty,Doxazosin Mesylate,Doxazosin Mesylate,12,21,630,215.21,,,12,21,215.21,630,*,
1003012428,Patel,Viral,Crittenden,KY,21,Family Practice,Claim-Specialty,Doxycycline Hyclate,Doxycycline Hyclate,35,41,570,419.19,25,#,,,,,#,
1003012428,Patel,Viral,Crittenden,KY,21,Family Practice,Claim-Specialty,Droplet Pen Needle,"Pen Needle, Diabetic",13,37.3,1115,678.02,,,13,37.3,678.02,1115,*,
1003012428,Patel,Viral,Crittenden,KY,21,Family Practice,Claim-Specialty,Duloxetine Hcl,Duloxetine Hcl,177,440,13200,5417.09,56,,115,291,2709.36,8730,,36
1003012428,Patel,Viral,Crittenden,KY,21,Family Practice,Claim-Specialty,Eliquis,Apixaban,118,162,4831,98600.59,24,,101,133,80747.47,3961,#,
1003012428,Patel,Viral,Crittenden,KY,21,Family Practice,Claim-Specialty,Emgality Pen,Galcanezumab-Gnlm,11,11,330,6773.84,,,11,11,6773.84,330,*,
1003012428,Patel,Viral,Crittenden,KY,21,Family Practice,Claim-Specialty,Escitalopram Oxalate,Escitalopram Oxalate,92,240,7200,1419.44,25,,78,214,1282.11,6420,#,
1003012428,Patel,Viral,Crittenden,KY,21,Family Practice,Claim-Specialty,Esomeprazole Magnesium,Esomeprazole Magnesium,46,106,3180,2518.35,13,,34,76,1262.84,2280,*,
1003012428,Patel,Viral,Crittenden,KY,21,Family Practice,Claim-Specialty,Estradiol,Estradiol,25,71,2130,408.76,,*,,,,,*,
1003012428,Patel,Viral,Crittenden,KY,21,Family Practice,Claim-Specialty,Etodolac,Etodolac,46,66,1980,2014.79,12,,16,24,333.96,720,*,
1003012428,Patel,Viral,Crittenden,KY,21,Family Practice,Claim-Specialty,Ezetimibe,Ezetimibe,40,102,3060,692.94,12,#,,,,,#,
1003012428,Patel,Viral,Crittenden,KY,21,Family Practice,Claim-Specialty,Famotidine,Famotidine,44,104,3120,580.81,19,#,,,,,#,
1003012428,Patel,Viral,Crittenden,KY,21,Family Practice,Claim-Specialty,Farxiga,Dapagliflozin Propanediol,25,47,1410,28404.47,11,#,,,,,*,
1003012428,Patel,Viral,Crittenden,KY,21,Family Practice,Claim-Specialty,Fenofibrate,Fenofibrate,16,44,1320,535.12,,#,,,,,*,
1003012428,Patel,Viral,Crittenden,KY,21,Family Practice,Claim-Specialty,Fenofibrate,Fenofibrate Nanocrystallized,17,45,1350,777.1,,#,,,,,*,
1003012428,Patel,Viral,Crittenden,KY,21,Family Practice,Claim-Specialty,Finasteride,Finasteride,33,91,2730,422.08,11,,33,91,422.08,2730,,11
1003012428,Patel,Viral,Crittenden,KY,21,Family Practice,Claim-Specialty,Fluconazole,Fluconazole,61,69,596,385.33,38,,42,50,308.37,561,,26
1003012428,Patel,Viral,Crittenden,KY,21,Family Practice,Claim-Specialty,Fluoxetine Hcl,Fluoxetine Hcl,119,284.5,8477,1329.61,36,,69,174.5,789.21,5197,,24
1003012428,Patel,Viral,Crittenden,KY,21,Family Practice,Claim-Specialty,Fluticasone Propionate,Fluticasone Propionate,64,131,3924,760.37,36,,50,107,382.4,3204,#,
1003012428,Patel,Viral,Crittenden,KY,21,Family Practice,Claim-Specialty,Fluticasone-Salmeterol,Fluticasone Propion/Salmeterol,16,24,720,3243.6,,,16,24,3243.6,720,*,
1003012428,Patel,Viral,Crittenden,KY,21,Family Practice,Claim-Specialty,Fluvoxamine Maleate,Fluvoxamine Maleate,15,33,990,876.71,,*,,,,,*,
1003012428,Patel,Viral,Crittenden,KY,21,Family Practice,Claim-Specialty,Furosemide,Furosemide,193,459.4,13691,972.63,71,,139,342.9,648.6,10221,,56
1003012428,Patel,Viral,Crittenden,KY,21,Family Practice,Claim-Specialty,Gabapentin,Gabapentin,423,471,13965,5374.22,69,,343,383,4232.78,11331,,53
1003012428,Patel,Viral,Crittenden,KY,21,Family Practice,Claim-Specialty,Gentamicin Sulfate,Gentamicin Sulfate,12,12.1,188,68.08,11,*,,,,,*,
1003012428,Patel,Viral,Crittenden,KY,21,Family Practice,Claim-Specialty,Glimepiride,Glimepiride,122,352.5,10560,1173.73,39,,105,309,954.11,9270,#,
1003012428,Patel,Viral,Crittenden,KY,21,Family Practice,Claim-Specialty,Glipizide,Glipizide,45,112,3330,339.25,17,,21,50,71.93,1500,*,
1003012428,Patel,Viral,Crittenden,KY,21,Family Practice,Claim-Specialty,Hydralazine Hcl,Hydralazine Hcl,63,102,3060,975.27,13,#,,,,,#,
1003012428,Patel,Viral,Crittenden,KY,21,Family Practice,Claim-Specialty,Hydrochlorothiazide,Hydrochlorothiazide,234,605,18104,654.57,77,,174,459,501.98,13747,,60
1003012428,Patel,Viral,Crittenden,KY,21,Family Practice,Claim-Specialty,Hydrocodone-Acetaminophen,Hydrocodone/Acetaminophen,47,47,1181,794.32,16,#,,,,,#,
1003012428,Patel,Viral,Crittenden,KY,21,Family Practice,Claim-Specialty,Hydrocortisone,Hydrocortisone,35,39,1036,1308.85,15,#,,,,,#,
1003012428,Patel,Viral,Crittenden,KY,21,Family Practice,Claim-Specialty,Hydroxyzine Hcl,Hydroxyzine Hcl,95,101,2856,970.88,30,,70,72,629.08,2104,#,
1003012428,Patel,Viral,Crittenden,KY,21,Family Practice,Claim-Specialty,Ibu,Ibuprofen,20,31,930,327.89,,*,,,,,*,
1003012428,Patel,Viral,Crittenden,KY,21,Family Practice,Claim-Specialty,Ibuprofen,Ibuprofen,47,55.5,1585,740.98,16,,17,19,345.26,525,*,
1003012428,Patel,Viral,Crittenden,KY,21,Family Practice,Claim-Specialty,Isosorbide Mononitrate Er,Isosorbide Mononitrate,26,74,2205,624.04,,#,,,,,*,
1003012428,Patel,Viral,Crittenden,KY,21,Family Practice,Claim-Specialty,Jardiance,Empagliflozin,26,54,1620,33537.71,,#,,,,,*,
1003012428,Patel,Viral,Crittenden,KY,21,Family Practice,Claim-Specialty,Klor-Con M20,Potassium Chloride,17,51,1530,1008.22,,#,,,,,*,
1003012428,Patel,Viral,Crittenden,KY,21,Family Practice,Claim-Specialty,Lansoprazole,Lansoprazole,23,57,1710,945.46,,#,,,,,*,
1003012428,Patel,Viral,Crittenden,KY,21,Family Practice,Claim-Specialty,Lantus Solostar,"Insulin Glargine,hum.Rec.Anlog",30,78.5,2334,21946.21,14,,18,50.7,14008.16,1515,*,
1003012428,Patel,Viral,Crittenden,KY,21,Family Practice,Claim-Specialty,Levemir,Insulin Detemir,11,13,340,4619.44,,,11,13,4619.44,340,*,
1003012428,Patel,Viral,Crittenden,KY,21,Family Practice,Claim-Specialty,Levetiracetam,Levetiracetam,17,43,1290,720.42,,*,,,,,*,
1003012428,Patel,Viral,Crittenden,KY,21,Family Practice,Claim-Specialty,Levofloxacin,Levofloxacin,61,61,577,371.15,58,,43,43,273.71,408,,40
1003012428,Patel,Viral,Crittenden,KY,21,Family Practice,Claim-Specialty,Levothyroxine Sodium,Levothyroxine Sodium,540,1426.2,42732,7768.99,148,,426,1129.7,5719.75,33860,,118
1003012428,Patel,Viral,Crittenden,KY,21,Family Practice,Claim-Specialty,Lisinopril,Lisinopril,448,1170,35085,3028.56,129,,344,919,2305.51,27570,,100
1003012428,Patel,Viral,Crittenden,KY,21,Family Practice,Claim-Specialty,Lisinopril-Hydrochlorothiazide,Lisinopril/Hydrochlorothiazide,70,196.1,5859,757.52,22,#,,,,,#,
1003012428,Patel,Viral,Crittenden,KY,21,Family Practice,Claim-Specialty,Loperamide,Loperamide Hcl,12,12.1,292,269.65,,*,,,,,*,
1003012428,Patel,Viral,Crittenden,KY,21,Family Practice,Claim-Specialty,Lorazepam,Lorazepam,171,171,4420,1099.91,31,,128,128,727.32,3262,#,
1003012428,Patel,Viral,Crittenden,KY,21,Family Practice,Claim-Specialty,Losartan Potassium,Losartan Potassium,364,952,28489,4639.49,109,,296,786,3430.96,23519,,92
1003012428,Patel,Viral,Crittenden,KY,21,Family Practice,Claim-Specialty,Losartan-Hydrochlorothiazide,Losartan/Hydrochlorothiazide,51,137,4110,651.33,15,,51,137,651.33,4110,,15
1003012428,Patel,Viral,Crittenden,KY,21,Family Practice,Claim-Specialty,Lovastatin,Lovastatin,15,45,1350,113.1,,,15,45,113.1,1350,*,
1003012428,Patel,Viral,Crittenden,KY,21,Family Practice,Claim-Specialty,Meclizine Hcl,Meclizine Hcl,64,68,1247,381.67,24,,53,57,322.02,1116,#,
1003012428,Patel,Viral,Crittenden,KY,21,Family Practice,Claim-Specialty,Meloxicam,Meloxicam,168,353.3,10441,913.72,60,,129,292.3,748.21,8701,,48
1003012428,Patel,Viral,Crittenden,KY,21,Family Practice,Claim-Specialty,Memantine Hcl,Memantine Hcl,52,100,3000,1645.55,11,#,,,,,*,
1003012428,Patel,Viral,Crittenden,KY,21,Family Practice,Claim-Specialty,Metformin Hcl,Metformin Hcl,265,717,21434,2511.16,82,,216,608,2003.91,18239,,67
1003012428,Patel,Viral,Crittenden,KY,21,Family Practice,Claim-Specialty,Metformin Hcl Er,Metformin Hcl,96,227.5,6811,747.93,29,,80,195.5,681.05,5851,#,
1003012428,Patel,Viral,Crittenden,KY,21,Family Practice,Claim-Specialty,Methocarbamol,Methocarbamol,72,96,2634,1136.77,26,,32,50,513.99,1413,,15
1003012428,Patel,Viral,Crittenden,KY,21,Family Practice,Claim-Specialty,Methylprednisolone,Methylprednisolone,64,64,369,470.66,59,,51,51,371.48,296,,47
1003012428,Patel,Viral,Crittenden,KY,21,Family Practice,Claim-Specialty,Metoprolol Succinate,Metoprolol Succinate,229,617,18510,3902.2,73,,170,472,2896.45,14160,,57
1003012428,Patel,Viral,Crittenden,KY,21,Family Practice,Claim-Specialty,Metoprolol Tartrate,Metoprolol Tartrate,233,599.5,17985,1213.69,56,,199,507.5,1046.71,15225,#,
1003012428,Patel,Viral,Crittenden,KY,21,Family Practice,Claim-Specialty,Metronidazole,Metronidazole,11,11,115,170.78,,,11,11,170.78,115,*,
1003012428,Patel,Viral,Crittenden,KY,21,Family Practice,Claim-Specialty,Mirtazapine,Mirtazapine,15,35,1050,490.84,,#,,,,,*,
1003012428,Patel,Viral,Crittenden,KY,21,Family Practice,Claim-Specialty,Mometasone Furoate,Mometasone Furoate,13,21,630,1925.04,,,13,21,1925.04,630,*,
1003012428,Patel,Viral,Crittenden,KY,21,Family Practice,Claim-Specialty,Montelukast Sodium,Montelukast Sodium,99,244.7,7340,1275.06,29,,80,191.3,1028.17,5740,#,
1003012428,Patel,Viral,Crittenden,KY,21,Family Practice,Claim-Specialty,Mounjaro,Tirzepatide,18,21.6,620,24169.28,,*,,,,,*,
1003012428,Patel,Viral,Crittenden,KY,21,Family Practice,Claim-Specialty,Mupirocin,Mupirocin,49,49,592,454.64,37,,31,31,298.69,338,#,
1003012428,Patel,Viral,Crittenden,KY,21,Family Practice,Claim-Specialty,Nano 2nd Gen Pen Needle,"Pen Needle, Diabetic",14,23.9,710,860.1,,,14,23.9,860.1,710,*,
1003012428,Patel,Viral,Crittenden,KY,21,Family Practice,Claim-Specialty,Naproxen,Naproxen,15,45,1350,205.08,,#,,,,,*,
1003012428,Patel,Viral,Crittenden,KY,21,Family Practice,Claim-Specialty,Nifedipine Er,Nifedipine,12,24,720,207.45,,*,,,,,*,
1003012428,Patel,Viral,Crittenden,KY,21,Family Practice,Claim-Specialty,Nitrofurantoin Mono-Macro,Nitrofurantoin Monohyd/M-Cryst,21,21,157,459.27,15,#,,,,,#,
1003012428,Patel,Viral,Crittenden,KY,21,Family Practice,Claim-Specialty,Nitroglycerin,Nitroglycerin,13,13,159,126.31,,*,,,,,*,
1003012428,Patel,Viral,Crittenden,KY,21,Family Practice,Claim-Specialty,Nortriptyline Hcl,Nortriptyline Hcl,21,43,1290,390.35,,*,,,,,*,
1003012428,Patel,Viral,Crittenden,KY,21,Family Practice,Claim-Specialty,Nurtec Odt,Rimegepant Sulfate,15,15,262,15591.54,,*,,,,,*,
1003012428,Patel,Viral,Crittenden,KY,21,Family Practice,Claim-Specialty,Nystatin,Nystatin,16,16,196,178.49,,*,,,,,*,
1003012428,Patel,Viral,Crittenden,KY,21,Family Practice,Claim-Specialty,Olmesartan Medoxomil,Olmesartan Medoxomil,39,101,3030,608.85,11,,25,67,367.67,2010,*,
1003012428,Patel,Viral,Crittenden,KY,21,Family Practice,Claim-Specialty,Omeprazole,Omeprazole,398,994,29788,5895.36,124,,302,792,3952.31,23760,,95
1003012428,Patel,Viral,Crittenden,KY,21,Family Practice,Claim-Specialty,Ondansetron Hcl,Ondansetron Hcl,54,54.7,791,1100.02,31,,30,30,464.19,431,,18
1003012428,Patel,Viral,Crittenden,KY,21,Family Practice,Claim-Specialty,Ondansetron Odt,Ondansetron,30,30,602,467.77,,*,,,,,*,
1003012428,Patel,Viral,Crittenden,KY,21,Family Practice,Claim-Specialty,Oxybutynin Chloride Er,Oxybutynin Chloride,28,58,1740,468.69,,,16,34,168.26,1020,*,
1003012428,Patel,Viral,Crittenden,KY,21,Family Practice,Claim-Specialty,Oxycodone Hcl,Oxycodone Hcl,46,46,1291,1562.21,11,,28,28,996.13,784,*,
1003012428,Patel,Viral,Crittenden,KY,21,Family Practice,Claim-Specialty,Oxycodone-Acetaminophen,Oxycodone Hcl/Acetaminophen,127,127,3074,2983.15,31,,102,102,2550.3,2534,#,
1003012428,Patel,Viral,Crittenden,KY,21,Family Practice,Claim-Specialty,Ozempic,Semaglutide,31,49.6,1456,49671.84,,#,,,,,*,
1003012428,Patel,Viral,Crittenden,KY,21,Family Practice,Claim-Specialty,Pantoprazole Sodium,Pantoprazole Sodium,307,775,23202,4984.29,99,,222,582,3329.97,17412,,71
1003012428,Patel,Viral,Crittenden,KY,21,Family Practice,Claim-Specialty,Paroxetine Hcl,Paroxetine Hcl,28,74,2220,463.4,,,17,43,191.38,1290,*,
1003012428,Patel,Viral,Crittenden,KY,21,Family Practice,Claim-Specialty,Paxlovid (Eua),Nirmatrelvir/Ritonavir,15,15,75,150.51,15,#,,,,,#,
1003012428,Patel,Viral,Crittenden,KY,21,Family Practice,Claim-Specialty,Pioglitazone Hcl,Pioglitazone Hcl,19,54.8,1620,484.24,,#,,,,,*,
1003012428,Patel,Viral,Crittenden,KY,21,Family Practice,Claim-Specialty,Potassium Chloride,Potassium Chloride,127,225,6278,3395.55,35,,76,154,2463.21,4577,,24
1003012428,Patel,Viral,Crittenden,KY,21,Family Practice,Claim-Specialty,Pramipexole Dihydrochloride,Pramipexole Di-Hcl,27,65,1950,270.62,,#,,,,,*,
1003012428,Patel,Viral,Crittenden,KY,21,Family Practice,Claim-Specialty,Pravastatin Sodium,Pravastatin Sodium,105,305.7,9170,2350.42,33,,93,269.7,2014.15,8090,#,
1003012428,Patel,Viral,Crittenden,KY,21,Family Practice,Claim-Specialty,Prednisone,Prednisone,329,329,1697,465.5,232,,257,257,354.28,1329,,177
1003012428,Patel,Viral,Crittenden,KY,21,Family Practice,Claim-Specialty,Pregabalin,Pregabalin,39,50,1500,2431.56,,,18,29,587.44,870,*,
1003012428,Patel,Viral,Crittenden,KY,21,Family Practice,Claim-Specialty,Primidone,Primidone,29,67,2010,451.48,,#,,,,,*,
1003012428,Patel,Viral,Crittenden,KY,21,Family Practice,Claim-Specialty,Promethazine Hcl,Promethazine Hcl,91,91,815,402.61,22,,39,39,163.21,328,*,
1003012428,Patel,Viral,Crittenden,KY,21,Family Practice,Claim-Specialty,Propranolol Hcl,Propranolol Hcl,11,29,870,532.61,,*,,,,,*,
1003012428,Patel,Viral,Crittenden,KY,21,Family Practice,Claim-Specialty,Quetiapine Fumarate,Quetiapine Fumarate,20,43.1,1270,252.73,,#,,,,,*,
1003012428,Patel,Viral,Crittenden,KY,21,Family Practice,Claim-Specialty,Ramelteon,Ramelteon,11,13,390,1018.55,,,11,13,1018.55,390,*,
1003012428,Patel,Viral,Crittenden,KY,21,Family Practice,Claim-Specialty,Ramipril,Ramipril,14,41,1230,170.3,,#,,,,,*,
1003012428,Patel,Viral,Crittenden,KY,21,Family Practice,Claim-Specialty,Risperidone,Risperidone,17,40.5,1215,133.22,,,17,40.5,133.22,1215,*,
1003012428,Patel,Viral,Crittenden,KY,21,Family Practice,Claim-Specialty,Rizatriptan,Rizatriptan Benzoate,23,23,397,730.04,,*,,,,,*,
1003012428,Patel,Viral,Crittenden,KY,21,Family Practice,Claim-Specialty,Ropinirole Hcl,Ropinirole Hcl,73,176.3,5290,2520.43,22,,57,132,2300.81,3960,#,
1003012428,Patel,Viral,Crittenden,KY,21,Family Practice,Claim-Specialty,Rosuvastatin Calcium,Rosuvastatin Calcium,214,567,17010,2907.62,72,,172,461,2357.22,13830,,58
1003012428,Patel,Viral,Crittenden,KY,21,Family Practice,Claim-Specialty,Rybelsus,Semaglutide,39,50,1500,50595.97,,,25,36,36667,1080,*,
1003012428,Patel,Viral,Crittenden,KY,21,Family Practice,Claim-Specialty,Sertraline Hcl,Sertraline Hcl,121,322,9660,851.68,36,,99,260,640.03,7800,#,
1003012428,Patel,Viral,Crittenden,KY,21,Family Practice,Claim-Specialty,Simvastatin,Simvastatin,146,400,11966,1263.63,41,,104,278,1014.86,8306,#,
1003012428,Patel,Viral,Crittenden,KY,21,Family Practice,Claim-Specialty,Sodium Chloride,0.9 % Sodium Chloride,39,39,254,502.6,,,0,0,0,0,#,
1003012428,Patel,Viral,Crittenden,KY,21,Family Practice,Claim-Specialty,Spironolactone,Spironolactone,80,198,5940,1133.93,24,,55,147,555.83,4410,#,
1003012428,Patel,Viral,Crittenden,KY,21,Family Practice,Claim-Specialty,Sucralfate,Sucralfate,29,43,1250,944.03,,,11,19,320.33,570,*,
1003012428,Patel,Viral,Crittenden,KY,21,Family Practice,Claim-Specialty,Sulfamethoxazole-Trimethoprim,Sulfamethoxazole/Trimethoprim,22,38,839,282.53,16,#,,,,,*,
1003012428,Patel,Viral,Crittenden,KY,21,Family Practice,Claim-Specialty,Sumatriptan Succinate,Sumatriptan Succinate,18,20,447,327.34,,#,,,,,*,
1003012428,Patel,Viral,Crittenden,KY,21,Family Practice,Claim-Specialty,Symbicort,Budesonide/Formoterol Fumarate,57,81,2430,33510.3,12,,46,54,22207.52,1620,*,
1003012428,Patel,Viral,Crittenden,KY,21,Family Practice,Claim-Specialty,Synthroid,Levothyroxine Sodium,67,159,4755,3056.43,16,,55,137,2518.97,4110,#,
1003012428,Patel,Viral,Crittenden,KY,21,Family Practice,Claim-Specialty,Tamsulosin Hcl,Tamsulosin Hcl,125,331,9907,2422.45,42,#,,,,,#,
1003012428,Patel,Viral,Crittenden,KY,21,Family Practice,Claim-Specialty,Temazepam,Temazepam,33,33,990,409.16,,,19,19,280.92,570,*,
1003012428,Patel,Viral,Crittenden,KY,21,Family Practice,Claim-Specialty,Testosterone Cypionate,Testosterone Cypionate,11,11.3,322,308.66,,,0,0,0,0,#,
1003012428,Patel,Viral,Crittenden,KY,21,Family Practice,Claim-Specialty,Tizanidine Hcl,Tizanidine Hcl,155,238,7080,2101.96,36,,50,94,580.57,2820,,14
1003012428,Patel,Viral,Crittenden,KY,21,Family Practice,Claim-Specialty,Topiramate,Topiramate,35,89.8,2693,690.94,,,24,58.8,504.97,1763,*,
1003012428,Patel,Viral,Crittenden,KY,21,Family Practice,Claim-Specialty,Torsemide,Torsemide,23,41,1200,449.32,,#,,,,,*,
1003012428,Patel,Viral,Crittenden,KY,21,Family Practice,Claim-Specialty,Tramadol Hcl,Tramadol Hcl,120,120,2735,474.85,25,#,,,,,#,
1003012428,Patel,Viral,Crittenden,KY,21,Family Practice,Claim-Specialty,Trazodone Hcl,Trazodone Hcl,169,375,11250,1859.33,48,,125,291,1249.73,8730,#,
1003012428,Patel,Viral,Crittenden,KY,21,Family Practice,Claim-Specialty,Trelegy Ellipta,Fluticasone/Umeclidin/Vilanter,54,93,2790,64096.93,11,,38,73,50176.91,2190,*,
1003012428,Patel,Viral,Crittenden,KY,21,Family Practice,Claim-Specialty,Triamcinolone Acetonide,Triamcinolone Acetonide,44,53,1382,317.7,31,,32,39.7,216.73,1051,#,
1003012428,Patel,Viral,Crittenden,KY,21,Family Practice,Claim-Specialty,Trintellix,Vortioxetine Hydrobromide,11,11,330,5758.58,,,11,11,5758.58,330,*,
1003012428,Patel,Viral,Crittenden,KY,21,Family Practice,Claim-Specialty,Trulicity,Dulaglutide,12,22.8,672,24256,,,0,0,0,0,#,
1003012428,Patel,Viral,Crittenden,KY,21,Family Practice,Claim-Specialty,Ubrelvy,Ubrogepant,25,25,408,34435.79,,#,,,,,*,
1003012428,Patel,Viral,Crittenden,KY,21,Family Practice,Claim-Specialty,Valacyclovir,Valacyclovir Hcl,39,39.4,359,770.59,21,,19,19,334.77,155,#,
1003012428,Patel,Viral,Crittenden,KY,21,Family Practice,Claim-Specialty,Venlafaxine Hcl Er,Venlafaxine Hcl,68,169.3,5078,2046.35,22,,44,107,1100.2,3210,#,
1003012428,Patel,Viral,Crittenden,KY,21,Family Practice,Claim-Specialty,Ventolin Hfa,Albuterol Sulfate,30,34.4,767,2369.63,,#,,,,,*,
1003012428,Patel,Viral,Crittenden,KY,21,Family Practice,Claim-Specialty,Verapamil Er,Verapamil Hcl,37,98,2940,935.41,,#,,,,,*,
1003012428,Patel,Viral,Crittenden,KY,21,Family Practice,Claim-Specialty,Victoza 3-Pak,Liraglutide,12,19,570,22370.65,,*,,,,,*,
1003012428,Patel,Viral,Crittenden,KY,21,Family Practice,Claim-Specialty,Warfarin Sodium,Warfarin Sodium,50,123,3689,551.72,11,,21,59,130.91,1770,*,
1003012428,Patel,Viral,Crittenden,KY,21,Family Practice,Claim-Specialty,Xarelto,Rivaroxaban,78,108,3180,62420.75,17,,66,84,48440.57,2465,#,
1003012428,Patel,Viral,Crittenden,KY,21,Family Practice,Claim-Specialty,Zolpidem Tartrate,Zolpidem Tartrate,101,105,3105,369.58,15,,87,91,337.24,2701,#,
1003012428,Patel,Viral,Crittenden,KY,21,Family Practice,Claim-Specialty,Zolpidem Tartrate Er,Zolpidem Tartrate,14,14,388,1406.74,,*,,,,,*,
1003012493,Gilmore,Carl,Albuquerque,NM,35,Orthopedic Surgery,Claim-Specialty,Amoxicillin,Amoxicillin,69,69,75,73.85,37,#,,,,,#,
1003012493,Gilmore,Carl,Albuquerque,NM,35,Orthopedic Surgery,Claim-Specialty,Gabapentin,Gabapentin,64,66.8,1906,397.08,50,#,,,,,#,
1003012493,Gilmore,Carl,Albuquerque,NM,35,Orthopedic Surgery,Claim-Specialty,Hydrocodone-Acetaminophen,Hydrocodone/Acetaminophen,24,24,108,99.72,23,#,,,,,#,
1003012493,Gilmore,Carl,Albuquerque,NM,35,Orthopedic Surgery,Claim-Specialty,Meloxicam,Meloxicam,160,207.2,5896,802.29,98,,147,192.2,744.74,5494,#,
1003012493,Gilmore,Carl,Albuquerque,NM,35,Orthopedic Surgery,Claim-Specialty,Mupirocin,Mupirocin,24,24,263,181.12,23,#,,,,,#,
1003012493,Gilmore,Carl,Albuquerque,NM,35,Orthopedic Surgery,Claim-Specialty,Ondansetron Hcl,Ondansetron Hcl,11,11,55,54.54,,*,,,,,*,
1003012493,Gilmore,Carl,Albuquerque,NM,35,Orthopedic Surgery,Claim-Specialty,Oxycodone Hcl,Oxycodone Hcl,89,89,579,424.35,73,,77,77,373.37,514,#,
1003012493,Gilmore,Carl,Albuquerque,NM,35,Orthopedic Surgery,Claim-Specialty,Tramadol Hcl,Tramadol Hcl,100,100,678,257,76,#,,,,,#,
1003012592,Mccord,Timothy,Lawrence,KS,20,Psychiatry,Claim-Specialty,Aripiprazole,Aripiprazole,20,20.1,585,9088.65,,,0,0,0,0,#,
1003012592,Mccord,Timothy,Lawrence,KS,20,Psychiatry,Claim-Specialty,Loxapine,Loxapine Succinate,12,12,360,329.21,,,0,0,0,0,#,
1003012592,Mccord,Timothy,Lawrence,KS,20,Psychiatry,Claim-Specialty,Methylphenidate Er,Methylphenidate Hcl,16,16,480,2779.12,,,0,0,0,0,#,
1003012592,Mccord,Timothy,Lawrence,KS,20,Psychiatry,Claim-Specialty,Sertraline Hcl,Sertraline Hcl,13,13,388,178.5,,,0,0,0,0,#,
1003012642,Mazloom,Narges,Bethlehem,PA,42,Otolaryngology,Claim-Specialty,Amoxicillin,Amoxicillin,26,26,262,162.47,24,#,,,,,#,
1003012642,Mazloom,Narges,Bethlehem,PA,42,Otolaryngology,Claim-Specialty,Amoxicillin-Clavulanate Potass,Amoxicillin/Potassium Clav,18,18,213,230.58,17,#,,,,,#,
1003012642,Mazloom,Narges,Bethlehem,PA,42,Otolaryngology,Claim-Specialty,Azelastine Hcl,Azelastine Hcl,305,457.4,12959,10657.43,156,,278,415.9,9179.67,11734,#,
1003012642,Mazloom,Narges,Bethlehem,PA,42,Otolaryngology,Claim-Specialty,Cephalexin,Cephalexin,23,23,230,222.11,22,#,,,,,#,
1003012642,Mazloom,Narges,Bethlehem,PA,42,Otolaryngology,Claim-Specialty,Chlorhexidine Gluconate,Chlorhexidine Gluconate,13,13,281,51.77,,,13,13,51.77,281,*,
1003012642,Mazloom,Narges,Bethlehem,PA,42,Otolaryngology,Claim-Specialty,Ciprofloxacin-Dexamethasone,Ciprofloxacin Hcl/Dexameth,21,21,242,2506.9,18,#,,,,,#,
1003012642,Mazloom,Narges,Bethlehem,PA,42,Otolaryngology,Claim-Specialty,Clindamycin Hcl,Clindamycin Hcl,13,13,131,170.46,12,#,,,,,#,
1003012642,Mazloom,Narges,Bethlehem,PA,42,Otolaryngology,Claim-Specialty,Clotrimazole,Clotrimazole,11,11,158,438.69,,*,,,,,*,
1003012642,Mazloom,Narges,Bethlehem,PA,42,Otolaryngology,Claim-Specialty,Doxycycline Hyclate,Doxycycline Hyclate,71,71,1266,1860.35,63,#,,,,,#,
1003012642,Mazloom,Narges,Bethlehem,PA,42,Otolaryngology,Claim-Specialty,Famotidine,Famotidine,196,355.3,10511,2905.31,79,,169,324.3,2463.43,9581,#,
1003012642,Mazloom,Narges,Bethlehem,PA,42,Otolaryngology,Claim-Specialty,Fluocinolone Acetonide Oil,Fluocinolone Acetonide Oil,53,63.5,1580,2889.54,50,#,,,,,#,
1003012642,Mazloom,Narges,Bethlehem,PA,42,Otolaryngology,Claim-Specialty,Fluticasone Propionate,Fluticasone Propionate,362,632,18958,7034.6,183,,323,563,6081.15,16890,,164
1003012642,Mazloom,Narges,Bethlehem,PA,42,Otolaryngology,Claim-Specialty,Hydrocodone-Acetaminophen,Hydrocodone/Acetaminophen,32,32,120,342.98,28,#,,,,,#,
1003012642,Mazloom,Narges,Bethlehem,PA,42,Otolaryngology,Claim-Specialty,Ipratropium Bromide,Ipratropium Bromide,85,127.2,3412,3116.47,43,#,,,,,#,
1003012642,Mazloom,Narges,Bethlehem,PA,42,Otolaryngology,Claim-Specialty,Methylprednisolone,Methylprednisolone,30,30,186,342.37,29,#,,,,,#,
1003012642,Mazloom,Narges,Bethlehem,PA,42,Otolaryngology,Claim-Specialty,Mupirocin,Mupirocin,80,80,1350,684.98,58,#,,,,,#,
1003012642,Mazloom,Narges,Bethlehem,PA,42,Otolaryngology,Claim-Specialty,Ofloxacin,Ofloxacin,49,50.5,550,2108.27,36,,49,50.5,2108.27,550,,36
1003012642,Mazloom,Narges,Bethlehem,PA,42,Otolaryngology,Claim-Specialty,Pantoprazole Sodium,Pantoprazole Sodium,25,47,1410,230.72,,,25,47,230.72,1410,*,
1003012642,Mazloom,Narges,Bethlehem,PA,42,Otolaryngology,Claim-Specialty,Prednisone,Prednisone,86,86,1177,500.37,77,#,,,,,#,
1003012667,Nienow,Cherie,Roseville,MN,27,Nurse Practitioner,Claim-Specialty,Brilinta,Ticagrelor,18,19,486,7512.46,,#,,,,,*,
1003012667,Nienow,Cherie,Roseville,MN,27,Nurse Practitioner,Claim-Specialty,Oxycodone Hcl,Oxycodone Hcl,13,13,29,47.01,12,#,,,,,#,
1003012733,Gannon,Lauren,Pleasant Hill,CA,06,Internal Medicine,Claim-Specialty,Albuterol Sulfate Hfa,Albuterol Sulfate,31,40.1,994,1299.3,17,#,,,,,#,
1003012733,Gannon,Lauren,Pleasant Hill,CA,06,Internal Medicine,Claim-Specialty,Alendronate Sodium,Alendronate Sodium,26,72.8,2184,425.69,,,26,72.8,425.69,2184,*,
1003012733,Gannon,Lauren,Pleasant Hill,CA,06,Internal Medicine,Claim-Specialty,Allopurinol,Allopurinol,24,70,2080,517.53,,,24,70,517.53,2080,*,
1003012733,Gannon,Lauren,Pleasant Hill,CA,06,Internal Medicine,Claim-Specialty,Amlodipine Besylate,Amlodipine Besylate,105,303,9090,1270.43,35,#,,,,,#,
1003012733,Gannon,Lauren,Pleasant Hill,CA,06,Internal Medicine,Claim-Specialty,Atenolol,Atenolol,37,83.5,2453,499.03,,,24,70.3,278.43,2110,*,
1003012733,Gannon,Lauren,Pleasant Hill,CA,06,Internal Medicine,Claim-Specialty,Atorvastatin Calcium,Atorvastatin Calcium,162,480,14360,1816.05,52,#,,,,,#,
1003012733,Gannon,Lauren,Pleasant Hill,CA,06,Internal Medicine,Claim-Specialty,Azelastine Hcl,Azelastine Hcl,11,13,343,504.93,,*,,,,,*,
1003012733,Gannon,Lauren,Pleasant Hill,CA,06,Internal Medicine,Claim-Specialty,Baclofen,Baclofen,61,86.5,2268,412.37,21,,48,65.5,342.18,1638,#,
1003012733,Gannon,Lauren,Pleasant Hill,CA,06,Internal Medicine,Claim-Specialty,Bupropion Xl,Bupropion Hcl,29,79.9,2398,1219.91,,,29,79.9,1219.91,2398,*,
1003012733,Gannon,Lauren,Pleasant Hill,CA,06,Internal Medicine,Claim-Specialty,Carvedilol,Carvedilol,17,45,1350,207.8,,,17,45,207.8,1350,*,
1003012733,Gannon,Lauren,Pleasant Hill,CA,06,Internal Medicine,Claim-Specialty,Cephalexin,Cephalexin,22,22,152,112.51,20,#,,,,,#,
1003012733,Gannon,Lauren,Pleasant Hill,CA,06,Internal Medicine,Claim-Specialty,Chlorthalidone,Chlorthalidone,14,38,1140,299.51,,,14,38,299.51,1140,*,
1003012733,Gannon,Lauren,Pleasant Hill,CA,06,Internal Medicine,Claim-Specialty,Citalopram Hbr,Citalopram Hydrobromide,28,68.6,2057,167.86,,,28,68.6,167.86,2057,*,
1003012733,Gannon,Lauren,Pleasant Hill,CA,06,Internal Medicine,Claim-Specialty,Clopidogrel,Clopidogrel Bisulfate,16,44,1304,386.75,,,16,44,386.75,1304,*,
1003012733,Gannon,Lauren,Pleasant Hill,CA,06,Internal Medicine,Claim-Specialty,Cyclobenzaprine Hcl,Cyclobenzaprine Hcl,12,14,420,145.9,,,12,14,145.9,420,*,
1003012733,Gannon,Lauren,Pleasant Hill,CA,06,Internal Medicine,Claim-Specialty,Diclofenac Sodium,Diclofenac Sodium,11,11,215,306.2,,*,,,,,*,
1003012733,Gannon,Lauren,Pleasant Hill,CA,06,Internal Medicine,Claim-Specialty,Doxycycline Monohydrate,Doxycycline Monohydrate,12,12,185,273.77,,*,,,,,*,
1003012733,Gannon,Lauren,Pleasant Hill,CA,06,Internal Medicine,Claim-Specialty,Duloxetine Hcl,Duloxetine Hcl,16,36,1080,504.09,,,16,36,504.09,1080,*,
1003012733,Gannon,Lauren,Pleasant Hill,CA,06,Internal Medicine,Claim-Specialty,Escitalopram Oxalate,Escitalopram Oxalate,59,151.6,4478,1056.8,21,,46,131.8,950.38,3954,#,
1003012733,Gannon,Lauren,Pleasant Hill,CA,06,Internal Medicine,Claim-Specialty,Estradiol,Estradiol,19,44.1,1324,2065.57,,,19,44.1,2065.57,1324,*,
1003012733,Gannon,Lauren,Pleasant Hill,CA,06,Internal Medicine,Claim-Specialty,Famotidine,Famotidine,11,27.5,825,316.84,,,11,27.5,316.84,825,*,
1003012733,Gannon,Lauren,Pleasant Hill,CA,06,Internal Medicine,Claim-Specialty,Fluconazole,Fluconazole,12,12,33,44.37,,,12,12,44.37,33,*,
1003012733,Gannon,Lauren,Pleasant Hill,CA,06,Internal Medicine,Claim-Specialty,Fluoxetine Hcl,Fluoxetine Hcl,18,52,1560,859.21,,,18,52,859.21,1560,*,
1003012733,Gannon,Lauren,Pleasant Hill,CA,06,Internal Medicine,Claim-Specialty,Fluticasone Propionate,Fluticasone Propionate,34,78,2340,1086.98,18,,34,78,1086.98,2340,,18
1003012733,Gannon,Lauren,Pleasant Hill,CA,06,Internal Medicine,Claim-Specialty,Furosemide,Furosemide,23,57,1710,144.24,,,23,57,144.24,1710,*,
1003012733,Gannon,Lauren,Pleasant Hill,CA,06,Internal Medicine,Claim-Specialty,Gabapentin,Gabapentin,48,117.5,3525,1245.46,19,#,,,,,#,
1003012733,Gannon,Lauren,Pleasant Hill,CA,06,Internal Medicine,Claim-Specialty,Glipizide,Glipizide,14,42,1260,226.2,,,14,42,226.2,1260,*,
1003012733,Gannon,Lauren,Pleasant Hill,CA,06,Internal Medicine,Claim-Specialty,Hydrochlorothiazide,Hydrochlorothiazide,30,90.3,2710,97.51,,,30,90.3,97.51,2710,*,
1003012733,Gannon,Lauren,Pleasant Hill,CA,06,Internal Medicine,Claim-Specialty,Hydrocodone-Acetaminophen,Hydrocodone/Acetaminophen,55,55,708,487.83,15,,55,55,487.83,708,,15
1003012733,Gannon,Lauren,Pleasant Hill,CA,06,Internal Medicine,Claim-Specialty,Lantus Solostar,"Insulin Glargine,hum.Rec.Anlog",11,20.5,608,8688.09,,,11,20.5,8688.09,608,*,
1003012733,Gannon,Lauren,Pleasant Hill,CA,06,Internal Medicine,Claim-Specialty,Levothyroxine Sodium,Levothyroxine Sodium,185,491.9,14750,3343.63,49,,185,491.9,3343.63,14750,,49
1003012733,Gannon,Lauren,Pleasant Hill,CA,06,Internal Medicine,Claim-Specialty,Lisinopril,Lisinopril,91,262.3,7835,902.19,29,,91,262.3,902.19,7835,,29
1003012733,Gannon,Lauren,Pleasant Hill,CA,06,Internal Medicine,Claim-Specialty,Lorazepam,Lorazepam,36,38,863,115.14,19,#,,,,,#,
1003012733,Gannon,Lauren,Pleasant Hill,CA,06,Internal Medicine,Claim-Specialty,Losartan Potassium,Losartan Potassium,95,275.3,8260,1094.41,30,#,,,,,#,
1003012733,Gannon,Lauren,Pleasant Hill,CA,06,Internal Medicine,Claim-Specialty,Meloxicam,Meloxicam,29,56,1679,212.44,,,29,56,212.44,1679,*,
1003012733,Gannon,Lauren,Pleasant Hill,CA,06,Internal Medicine,Claim-Specialty,Metformin Hcl,Metformin Hcl,37,112,3360,486.97,12,#,,,,,#,
1003012733,Gannon,Lauren,Pleasant Hill,CA,06,Internal Medicine,Claim-Specialty,Metformin Hcl Er,Metformin Hcl,28,84.3,2530,255.58,,,28,84.3,255.58,2530,*,
1003012733,Gannon,Lauren,Pleasant Hill,CA,06,Internal Medicine,Claim-Specialty,Metoprolol Succinate,Metoprolol Succinate,32,92,2760,501.38,13,#,,,,,#,
1003012733,Gannon,Lauren,Pleasant Hill,CA,06,Internal Medicine,Claim-Specialty,Metoprolol Tartrate,Metoprolol Tartrate,21,60,1800,97.76,,#,,,,,*,
1003012733,Gannon,Lauren,Pleasant Hill,CA,06,Internal Medicine,Claim-Specialty,Montelukast Sodium,Montelukast Sodium,21,63,1890,412.16,,,21,63,412.16,1890,*,
1003012733,Gannon,Lauren,Pleasant Hill,CA,06,Internal Medicine,Claim-Specialty,Olmesartan Medoxomil,Olmesartan Medoxomil,20,60.3,1810,336.28,,,20,60.3,336.28,1810,*,
1003012733,Gannon,Lauren,Pleasant Hill,CA,06,Internal Medicine,Claim-Specialty,Omeprazole,Omeprazole,44,130,3900,829.55,18,#,,,,,#,
1003012733,Gannon,Lauren,Pleasant Hill,CA,06,Internal Medicine,Claim-Specialty,Pantoprazole Sodium,Pantoprazole Sodium,47,121,3630,660.99,15,,47,121,660.99,3630,,15
1003012733,Gannon,Lauren,Pleasant Hill,CA,06,Internal Medicine,Claim-Specialty,Paroxetine Hcl,Paroxetine Hcl,11,31,903,210.95,,,11,31,210.95,903,*,
1003012733,Gannon,Lauren,Pleasant Hill,CA,06,Internal Medicine,Claim-Specialty,Pravastatin Sodium,Pravastatin Sodium,14,42,1260,180.48,,,14,42,180.48,1260,*,
1003012733,Gannon,Lauren,Pleasant Hill,CA,06,Internal Medicine,Claim-Specialty,Propranolol Hcl,Propranolol Hcl,20,48.3,1450,672.36,,,20,48.3,672.36,1450,*,
1003012733,Gannon,Lauren,Pleasant Hill,CA,06,Internal Medicine,Claim-Specialty,Rosuvastatin Calcium,Rosuvastatin Calcium,60,179,5370,1638.81,21,,60,179,1638.81,5370,,21
1003012733,Gannon,Lauren,Pleasant Hill,CA,06,Internal Medicine,Claim-Specialty,Sertraline Hcl,Sertraline Hcl,23,55.2,1656,226.22,,#,,,,,*,
1003012733,Gannon,Lauren,Pleasant Hill,CA,06,Internal Medicine,Claim-Specialty,Simvastatin,Simvastatin,31,93.3,2800,294.89,11,,31,93.3,294.89,2800,,11
1003012733,Gannon,Lauren,Pleasant Hill,CA,06,Internal Medicine,Claim-Specialty,Synthroid,Levothyroxine Sodium,29,77,2310,3258.64,,,29,77,3258.64,2310,*,
1003012733,Gannon,Lauren,Pleasant Hill,CA,06,Internal Medicine,Claim-Specialty,Tamsulosin Hcl,Tamsulosin Hcl,16,46,1359,407.89,,,16,46,407.89,1359,*,
1003012733,Gannon,Lauren,Pleasant Hill,CA,06,Internal Medicine,Claim-Specialty,Tramadol Hcl,Tramadol Hcl,19,25,453,50.83,,,19,25,50.83,453,*,
1003012733,Gannon,Lauren,Pleasant Hill,CA,06,Internal Medicine,Claim-Specialty,Trazodone Hcl,Trazodone Hcl,61,126,3771,663.27,25,,61,126,663.27,3771,,25
1003012733,Gannon,Lauren,Pleasant Hill,CA,06,Internal Medicine,Claim-Specialty,Valacyclovir,Valacyclovir Hcl,16,26,537,603.82,12,#,,,,,*,
1003012733,Gannon,Lauren,Pleasant Hill,CA,06,Internal Medicine,Claim-Specialty,Zolpidem Tartrate,Zolpidem Tartrate,16,16,420,46.62,,,16,16,46.62,420,*,
1003012766,Kano,Zachary,Brookline,MA,25,Dentist,NPPES-Taxonomy,Amoxicillin,Amoxicillin,18,18,149,44.86,18,,18,18,44.86,149,,18
1003012840,Shaw-Dressler,Sarah,Tulsa,OK,40,Cardiology,Claim-Specialty,Amiodarone Hcl,Amiodarone Hcl,31,75.5,2266,795.63,12,,31,75.5,795.63,2266,,12
1003012840,Shaw-Dressler,Sarah,Tulsa,OK,40,Cardiology,Claim-Specialty,Amlodipine Besylate,Amlodipine Besylate,234,446.3,13368,1792.68,45,,234,446.3,1792.68,13368,,45
1003012840,Shaw-Dressler,Sarah,Tulsa,OK,40,Cardiology,Claim-Specialty,Amoxicillin,Amoxicillin,12,12,12,10.09,,,12,12,10.09,12,*,
1003012840,Shaw-Dressler,Sarah,Tulsa,OK,40,Cardiology,Claim-Specialty,Atenolol,Atenolol,12,24,720,73.41,,,12,24,73.41,720,*,
1003012840,Shaw-Dressler,Sarah,Tulsa,OK,40,Cardiology,Claim-Specialty,Atorvastatin Calcium,Atorvastatin Calcium,177,453.7,13611,3333.35,48,,158,398.7,2924.02,11961,#,
1003012840,Shaw-Dressler,Sarah,Tulsa,OK,40,Cardiology,Claim-Specialty,Bumetanide,Bumetanide,50,94.2,2723,1285.33,15,,38,67.2,1088.16,1940,*,
1003012840,Shaw-Dressler,Sarah,Tulsa,OK,40,Cardiology,Claim-Specialty,Carvedilol,Carvedilol,94,180,5358,818.67,24,#,,,,,#,
1003012840,Shaw-Dressler,Sarah,Tulsa,OK,40,Cardiology,Claim-Specialty,Cilostazol,Cilostazol,13,13,360,322.75,,,13,13,322.75,360,*,
1003012840,Shaw-Dressler,Sarah,Tulsa,OK,40,Cardiology,Claim-Specialty,Clopidogrel,Clopidogrel Bisulfate,110,236,7052,1816.43,29,#,,,,,#,
1003012840,Shaw-Dressler,Sarah,Tulsa,OK,40,Cardiology,Claim-Specialty,Dabigatran Etexilate,Dabigatran Etexilate Mesylate,19,23,690,3941.31,,,19,23,3941.31,690,*,
1003012840,Shaw-Dressler,Sarah,Tulsa,OK,40,Cardiology,Claim-Specialty,Diltiazem 24hr Er (Cd),Diltiazem Hcl,37,60,1800,1211.44,,#,,,,,*,
1003012840,Shaw-Dressler,Sarah,Tulsa,OK,40,Cardiology,Claim-Specialty,Doxazosin Mesylate,Doxazosin Mesylate,51,77,2310,1233.23,,,51,77,1233.23,2310,*,
1003012840,Shaw-Dressler,Sarah,Tulsa,OK,40,Cardiology,Claim-Specialty,Eliquis,Apixaban,305,448,13250,255299.89,53,#,,,,,#,
1003012840,Shaw-Dressler,Sarah,Tulsa,OK,40,Cardiology,Claim-Specialty,Entresto,Sacubitril/Valsartan,84,110,3300,76980.05,15,#,,,,,#,
1003012840,Shaw-Dressler,Sarah,Tulsa,OK,40,Cardiology,Claim-Specialty,Ezetimibe,Ezetimibe,59,104,3120,3524.17,12,#,,,,,#,
1003012840,Shaw-Dressler,Sarah,Tulsa,OK,40,Cardiology,Claim-Specialty,Farxiga,Dapagliflozin Propanediol,22,24,720,14236.67,,,22,24,14236.67,720,*,
1003012840,Shaw-Dressler,Sarah,Tulsa,OK,40,Cardiology,Claim-Specialty,Fenofibrate,Fenofibrate Nanocrystallized,46,72,2160,1223.63,,#,,,,,*,
1003012840,Shaw-Dressler,Sarah,Tulsa,OK,40,Cardiology,Claim-Specialty,Flecainide Acetate,Flecainide Acetate,27,35,1026,808.57,,,27,35,808.57,1026,*,
1003012840,Shaw-Dressler,Sarah,Tulsa,OK,40,Cardiology,Claim-Specialty,Furosemide,Furosemide,133,239,6981,704.77,44,#,,,,,#,
1003012840,Shaw-Dressler,Sarah,Tulsa,OK,40,Cardiology,Claim-Specialty,Hydralazine Hcl,Hydralazine Hcl,63,104.7,3126,1572.97,23,#,,,,,#,
1003012840,Shaw-Dressler,Sarah,Tulsa,OK,40,Cardiology,Claim-Specialty,Hydrochlorothiazide,Hydrochlorothiazide,47,93,2790,161.45,12,,47,93,161.45,2790,,12
1003012840,Shaw-Dressler,Sarah,Tulsa,OK,40,Cardiology,Claim-Specialty,Isosorbide Mononitrate Er,Isosorbide Mononitrate,40,72,2092,451.6,11,#,,,,,*,
1003012840,Shaw-Dressler,Sarah,Tulsa,OK,40,Cardiology,Claim-Specialty,Jardiance,Empagliflozin,12,26,780,16647.79,,#,,,,,*,
1003012840,Shaw-Dressler,Sarah,Tulsa,OK,40,Cardiology,Claim-Specialty,Lisinopril,Lisinopril,88,197.3,5920,973.43,28,#,,,,,#,
1003012840,Shaw-Dressler,Sarah,Tulsa,OK,40,Cardiology,Claim-Specialty,Losartan Potassium,Losartan Potassium,173,443.6,13290,2654.1,55,#,,,,,#,
1003012840,Shaw-Dressler,Sarah,Tulsa,OK,40,Cardiology,Claim-Specialty,Losartan-Hydrochlorothiazide,Losartan/Hydrochlorothiazide,20,34,1020,322.3,,,20,34,322.3,1020,*,
1003012840,Shaw-Dressler,Sarah,Tulsa,OK,40,Cardiology,Claim-Specialty,Metoprolol Succinate,Metoprolol Succinate,277,553.3,16592,5901.43,63,#,,,,,#,
1003012840,Shaw-Dressler,Sarah,Tulsa,OK,40,Cardiology,Claim-Specialty,Metoprolol Tartrate,Metoprolol Tartrate,142,275,8194,986.42,34,,131,247,894.91,7380,#,
1003012840,Shaw-Dressler,Sarah,Tulsa,OK,40,Cardiology,Claim-Specialty,Midodrine Hcl,Midodrine Hcl,11,23,690,701.07,,,11,23,701.07,690,*,
1003012840,Shaw-Dressler,Sarah,Tulsa,OK,40,Cardiology,Claim-Specialty,Potassium Chloride,Potassium Chloride,109,194,5698,1608.45,32,#,,,,,#,
1003012840,Shaw-Dressler,Sarah,Tulsa,OK,40,Cardiology,Claim-Specialty,Praluent Pen,Alirocumab,20,32.6,952,15908.47,,#,,,,,*,
1003012840,Shaw-Dressler,Sarah,Tulsa,OK,40,Cardiology,Claim-Specialty,Pravastatin Sodium,Pravastatin Sodium,18,30,900,245.07,,#,,,,,*,
1003012840,Shaw-Dressler,Sarah,Tulsa,OK,40,Cardiology,Claim-Specialty,Propafenone Hcl Er,Propafenone Hcl,17,26.9,806,9685.49,,#,,,,,*,
1003012840,Shaw-Dressler,Sarah,Tulsa,OK,40,Cardiology,Claim-Specialty,Ranolazine Er,Ranolazine,17,28,840,2000.05,,*,,,,,*,
1003012840,Shaw-Dressler,Sarah,Tulsa,OK,40,Cardiology,Claim-Specialty,Repatha Sureclick,Evolocumab,21,23.7,672,13632.45,,#,,,,,*,
1003012840,Shaw-Dressler,Sarah,Tulsa,OK,40,Cardiology,Claim-Specialty,Rosuvastatin Calcium,Rosuvastatin Calcium,123,343.3,10250,10976.68,36,#,,,,,#,
1003012840,Shaw-Dressler,Sarah,Tulsa,OK,40,Cardiology,Claim-Specialty,Sotalol,Sotalol Hcl,13,21.3,640,478.3,,,13,21.3,478.3,640,*,
1003012840,Shaw-Dressler,Sarah,Tulsa,OK,40,Cardiology,Claim-Specialty,Spironolactone,Spironolactone,25,69,2061,287.47,11,#,,,,,*,
1003012840,Shaw-Dressler,Sarah,Tulsa,OK,40,Cardiology,Claim-Specialty,Torsemide,Torsemide,19,50.5,1500,513.73,,#,,,,,*,
1003012840,Shaw-Dressler,Sarah,Tulsa,OK,40,Cardiology,Claim-Specialty,Valsartan,Valsartan,26,54.3,1580,1363,,,26,54.3,1363,1580,*,
1003012840,Shaw-Dressler,Sarah,Tulsa,OK,40,Cardiology,Claim-Specialty,Verapamil Er,Verapamil Hcl,21,43,1290,859.45,,,21,43,859.45,1290,*,
1003012840,Shaw-Dressler,Sarah,Tulsa,OK,40,Cardiology,Claim-Specialty,Warfarin Sodium,Warfarin Sodium,12,16.5,475,151.03,,*,,,,,*,
1003012840,Shaw-Dressler,Sarah,Tulsa,OK,40,Cardiology,Claim-Specialty,Xarelto,Rivaroxaban,82,124,3720,66481.67,14,#,,,,,#,
1003012857,Hussainy,Mirwais,Santa Ana,CA,06,Oral Surgery (Dentist only),NPPES-Specialty,Acetaminophen-Codeine,Acetaminophen With Codeine,21,21,110,231.79,21,#,,,,,#,
1003012857,Hussainy,Mirwais,Santa Ana,CA,06,Oral Surgery (Dentist only),NPPES-Specialty,Amoxicillin,Amoxicillin,139,139,1132,715.88,125,#,,,,,#,
1003012857,Hussainy,Mirwais,Santa Ana,CA,06,Oral Surgery (Dentist only),NPPES-Specialty,Chlorhexidine Gluconate,Chlorhexidine Gluconate,81,81.1,1313,513.58,69,#,,,,,#,
1003012857,Hussainy,Mirwais,Santa Ana,CA,06,Oral Surgery (Dentist only),NPPES-Specialty,Clindamycin Hcl,Clindamycin Hcl,36,36,258,264.78,31,#,,,,,#,
1003012857,Hussainy,Mirwais,Santa Ana,CA,06,Oral Surgery (Dentist only),NPPES-Specialty,Hydrocodone-Acetaminophen,Hydrocodone/Acetaminophen,126,126,763,902.27,115,#,,,,,#,
1003012857,Hussainy,Mirwais,Santa Ana,CA,06,Oral Surgery (Dentist only),NPPES-Specialty,Ibuprofen,Ibuprofen,112,112,806,536.17,104,#,,,,,#,
1003012915,John,Jayashree,Columbus,GA,13,Psychiatry,Claim-Specialty,Alprazolam,Alprazolam,201,202.5,5954,1438.07,30,,93,94.5,518.92,2714,,16
1003012915,John,Jayashree,Columbus,GA,13,Psychiatry,Claim-Specialty,Aripiprazole,Aripiprazole,239,324.5,9688,27367.15,41,,168,229.5,16807.23,6838,,26
1003012915,John,Jayashree,Columbus,GA,13,Psychiatry,Claim-Specialty,Atomoxetine Hcl,Atomoxetine Hcl,20,26,780,3503.86,,*,,,,,*,
1003012915,John,Jayashree,Columbus,GA,13,Psychiatry,Claim-Specialty,Benztropine Mesylate,Benztropine Mesylate,29,33,983,265.99,,,0,0,0,0,#,
1003012915,John,Jayashree,Columbus,GA,13,Psychiatry,Claim-Specialty,Bupropion Hcl Sr,Bupropion Hcl,16,22,660,445.81,,,0,0,0,0,#,
1003012915,John,Jayashree,Columbus,GA,13,Psychiatry,Claim-Specialty,Bupropion Xl,Bupropion Hcl,134,194,5788,3470.42,24,,60,102,1261.09,3028,,11
1003012915,John,Jayashree,Columbus,GA,13,Psychiatry,Claim-Specialty,Buspirone Hcl,Buspirone Hcl,178,255.4,7580,2511.27,29,,99,148,687.6,4400,,16
1003012915,John,Jayashree,Columbus,GA,13,Psychiatry,Claim-Specialty,Citalopram Hbr,Citalopram Hydrobromide,35,49,1470,74.66,,,19,33,41.58,990,*,
1003012915,John,Jayashree,Columbus,GA,13,Psychiatry,Claim-Specialty,Clonazepam,Clonazepam,169,172,5070,1837.64,33,,77,78,712.1,2310,,13
1003012915,John,Jayashree,Columbus,GA,13,Psychiatry,Claim-Specialty,Clonidine Hcl,Clonidine Hcl,12,12,360,62.1,,,0,0,0,0,#,
1003012915,John,Jayashree,Columbus,GA,13,Psychiatry,Claim-Specialty,Dextroamphetamine-Amphet Er,Dextroamphetamine/Amphetamine,36,36,1064,2384.24,,,13,13,1327.85,390,*,
1003012915,John,Jayashree,Columbus,GA,13,Psychiatry,Claim-Specialty,Dextroamphetamine-Amphetamine,Dextroamphetamine/Amphetamine,38,38,1110,801.95,,,26,26,526.49,750,*,
1003012915,John,Jayashree,Columbus,GA,13,Psychiatry,Claim-Specialty,Diazepam,Diazepam,14,14,420,61.03,,,0,0,0,0,#,
1003012915,John,Jayashree,Columbus,GA,13,Psychiatry,Claim-Specialty,Divalproex Sodium,Divalproex Sodium,21,34.2,1027,714.03,,*,,,,,*,
1003012915,John,Jayashree,Columbus,GA,13,Psychiatry,Claim-Specialty,Divalproex Sodium Er,Divalproex Sodium,40,60,1770,1036.7,,,29,47,572.17,1410,*,
1003012915,John,Jayashree,Columbus,GA,13,Psychiatry,Claim-Specialty,Donepezil Hcl,Donepezil Hcl,14,30,862,629.61,,*,,,,,*,
1003012915,John,Jayashree,Columbus,GA,13,Psychiatry,Claim-Specialty,Doxepin Hcl,Doxepin Hcl,44,55,1625,5507.1,,,16,17,1069.56,510,*,
1003012915,John,Jayashree,Columbus,GA,13,Psychiatry,Claim-Specialty,Duloxetine Hcl,Duloxetine Hcl,352,499,14841,7690.5,49,,236,322,4587.1,9546,,31
1003012915,John,Jayashree,Columbus,GA,13,Psychiatry,Claim-Specialty,Escitalopram Oxalate,Escitalopram Oxalate,131,202,6030,2205.79,26,,100,161,1589.93,4815,#,
1003012915,John,Jayashree,Columbus,GA,13,Psychiatry,Claim-Specialty,Eszopiclone,Eszopiclone,50,58,1717,631.23,,,37,45,532.08,1350,*,
1003012915,John,Jayashree,Columbus,GA,13,Psychiatry,Claim-Specialty,Fetzima,Levomilnacipran Hcl,11,11,330,5677.65,,,11,11,5677.65,330,*,
1003012915,John,Jayashree,Columbus,GA,13,Psychiatry,Claim-Specialty,Fluoxetine Hcl,Fluoxetine Hcl,95,128,3800,1354.48,19,,34,47,262.25,1408,*,
1003012915,John,Jayashree,Columbus,GA,13,Psychiatry,Claim-Specialty,Gabapentin,Gabapentin,34,35.5,1034,493.96,,*,,,,,*,
1003012915,John,Jayashree,Columbus,GA,13,Psychiatry,Claim-Specialty,Haloperidol,Haloperidol,21,24,695,393.23,,*,,,,,*,
1003012915,John,Jayashree,Columbus,GA,13,Psychiatry,Claim-Specialty,Hydroxyzine Hcl,Hydroxyzine Hcl,197,235.4,6384,5307.33,43,,50,64.7,876.4,1880,,15
1003012915,John,Jayashree,Columbus,GA,13,Psychiatry,Claim-Specialty,Hydroxyzine Pamoate,Hydroxyzine Pamoate,16,16,435,150.24,,#,,,,,*,
1003012915,John,Jayashree,Columbus,GA,13,Psychiatry,Claim-Specialty,Lamotrigine,Lamotrigine,177,302,8971,3213.27,34,,83,156,871.39,4593,,15
1003012915,John,Jayashree,Columbus,GA,13,Psychiatry,Claim-Specialty,Latuda,Lurasidone Hcl,13,13,390,20353.33,,*,,,,,*,
1003012915,John,Jayashree,Columbus,GA,13,Psychiatry,Claim-Specialty,Lithium Carbonate,Lithium Carbonate,19,23,680,98.6,,,0,0,0,0,#,
1003012915,John,Jayashree,Columbus,GA,13,Psychiatry,Claim-Specialty,Lorazepam,Lorazepam,144,151.2,4459,948.87,28,,73,80.2,321.5,2329,,14
1003012915,John,Jayashree,Columbus,GA,13,Psychiatry,Claim-Specialty,Lurasidone Hcl,Lurasidone Hcl,77,89,2654,16689.19,,,13,15,1743.59,450,*,
1003012915,John,Jayashree,Columbus,GA,13,Psychiatry,Claim-Specialty,Memantine Hcl,Memantine Hcl,32,44,1307,516.85,,,32,44,516.85,1307,*,
1003012915,John,Jayashree,Columbus,GA,13,Psychiatry,Claim-Specialty,Methylphenidate Er,Methylphenidate Hcl,46,46,1376,3239.36,,,20,20,2183.98,600,*,
1003012915,John,Jayashree,Columbus,GA,13,Psychiatry,Claim-Specialty,Methylphenidate Hcl,Methylphenidate Hcl,21,23,690,303.02,,#,,,,,*,
1003012915,John,Jayashree,Columbus,GA,13,Psychiatry,Claim-Specialty,Mirtazapine,Mirtazapine,82,112.2,3305,1024.93,17,,47,75,660.41,2220,*,
1003012915,John,Jayashree,Columbus,GA,13,Psychiatry,Claim-Specialty,Modafinil,Modafinil,18,18,540,364.8,,,18,18,364.8,540,*,
1003012915,John,Jayashree,Columbus,GA,13,Psychiatry,Claim-Specialty,Olanzapine,Olanzapine,43,49,1385,934.36,,,43,49,934.36,1385,*,
1003012915,John,Jayashree,Columbus,GA,13,Psychiatry,Claim-Specialty,Oxcarbazepine,Oxcarbazepine,66,85,2535,2528.78,12,,0,0,0,0,,0
1003012915,John,Jayashree,Columbus,GA,13,Psychiatry,Claim-Specialty,Paroxetine Hcl,Paroxetine Hcl,37,53.5,1594,243.7,,,14,26,63.86,780,*,
1003012915,John,Jayashree,Columbus,GA,13,Psychiatry,Claim-Specialty,Prazosin Hcl,Prazosin Hcl,26,51,1530,909.65,,,0,0,0,0,#,
1003012915,John,Jayashree,Columbus,GA,13,Psychiatry,Claim-Specialty,Propranolol Hcl,Propranolol Hcl,28,45,1329,704.74,,*,,,,,*,
1003012915,John,Jayashree,Columbus,GA,13,Psychiatry,Claim-Specialty,Quetiapine Fumarate,Quetiapine Fumarate,200,274,8169,3196.26,32,,106,170,2231.84,5049,,20
1003012915,John,Jayashree,Columbus,GA,13,Psychiatry,Claim-Specialty,Risperidone,Risperidone,20,30.7,920,199.82,,*,,,,,*,
1003012915,John,Jayashree,Columbus,GA,13,Psychiatry,Claim-Specialty,Sertraline Hcl,Sertraline Hcl,53,98,2900,888.63,12,,35,50,638.94,1460,*,
1003012915,John,Jayashree,Columbus,GA,13,Psychiatry,Claim-Specialty,Trazodone Hcl,Trazodone Hcl,432,628.5,18592,5622.86,89,,213,339.5,2901.44,9995,,46
1003012915,John,Jayashree,Columbus,GA,13,Psychiatry,Claim-Specialty,Trihexyphenidyl Hcl,Trihexyphenidyl Hcl,43,57,1636,364.44,,,14,22,27.03,616,*,
1003012915,John,Jayashree,Columbus,GA,13,Psychiatry,Claim-Specialty,Trintellix,Vortioxetine Hydrobromide,56,68,1963,32456.27,11,,15,27,12726.32,810,*,
1003012915,John,Jayashree,Columbus,GA,13,Psychiatry,Claim-Specialty,Venlafaxine Hcl Er,Venlafaxine Hcl,164,220.2,6544,3246.31,14,,89,123,1160.24,3670,*,
1003012915,John,Jayashree,Columbus,GA,13,Psychiatry,Claim-Specialty,Vilazodone Hcl,Vilazodone Hcl,18,18,540,1214.1,,#,,,,,*,
1003012915,John,Jayashree,Columbus,GA,13,Psychiatry,Claim-Specialty,Vraylar,Cariprazine Hcl,148,152,4434,220642.59,18,,14,16,23344.06,480,*,
1003012915,John,Jayashree,Columbus,GA,13,Psychiatry,Claim-Specialty,Vyvanse,Lisdexamfetamine Dimesylate,35,35,1050,13982.55,,,16,16,6352.91,480,*,
1003012915,John,Jayashree,Columbus,GA,13,Psychiatry,Claim-Specialty,Ziprasidone Hcl,Ziprasidone Hcl,15,21,630,1803.99,,*,,,,,*,
1003012915,John,Jayashree,Columbus,GA,13,Psychiatry,Claim-Specialty,Zolpidem Tartrate,Zolpidem Tartrate,76,80,2381,836.43,14,,37,41,407.86,1211,*,
1003012931,Lopez,Niceto,Walnut Creek,CA,06,Internal Medicine,Claim-Specialty,Acarbose,Acarbose,12,12.4,372,717.32,,,12,12.4,717.32,372,*,
1003012931,Lopez,Niceto,Walnut Creek,CA,06,Internal Medicine,Claim-Specialty,Albuterol Sulfate,Albuterol Sulfate,15,15,177,774.48,,#,,,,,*,
1003012931,Lopez,Niceto,Walnut Creek,CA,06,Internal Medicine,Claim-Specialty,Albuterol Sulfate Hfa,Albuterol Sulfate,22,22.7,538,1015.91,14,#,,,,,#,
1003012931,Lopez,Niceto,Walnut Creek,CA,06,Internal Medicine,Claim-Specialty,Alendronate Sodium,Alendronate Sodium,28,28,793,305.78,,,28,28,305.78,793,*,
1003012931,Lopez,Niceto,Walnut Creek,CA,06,Internal Medicine,Claim-Specialty,Allopurinol,Allopurinol,61,61.3,1105,610.08,,,61,61.3,610.08,1105,*,
1003012931,Lopez,Niceto,Walnut Creek,CA,06,Internal Medicine,Claim-Specialty,Alogliptin,Alogliptin Benzoate,11,11,154,1063.94,,,11,11,1063.94,154,*,
1003012931,Lopez,Niceto,Walnut Creek,CA,06,Internal Medicine,Claim-Specialty,Alprazolam,Alprazolam,37,37,935,242.34,,,37,37,242.34,935,*,
1003012931,Lopez,Niceto,Walnut Creek,CA,06,Internal Medicine,Claim-Specialty,Amiodarone Hcl,Amiodarone Hcl,38,38.2,835,875.73,,,38,38.2,875.73,835,*,
1003012931,Lopez,Niceto,Walnut Creek,CA,06,Internal Medicine,Claim-Specialty,Amitriptyline Hcl,Amitriptyline Hcl,25,25,366,162.92,,,25,25,162.92,366,*,
1003012931,Lopez,Niceto,Walnut Creek,CA,06,Internal Medicine,Claim-Specialty,Amlodipine Besylate,Amlodipine Besylate,420,430.5,10538,3385.33,70,,386,396,3094.97,9572,#,
1003012931,Lopez,Niceto,Walnut Creek,CA,06,Internal Medicine,Claim-Specialty,Atenolol,Atenolol,15,15,419,69.72,,,15,15,69.72,419,*,
1003012931,Lopez,Niceto,Walnut Creek,CA,06,Internal Medicine,Claim-Specialty,Atorvastatin Calcium,Atorvastatin Calcium,445,455.4,11683,6604.13,78,,386,396.1,5884.39,10227,#,
1003012931,Lopez,Niceto,Walnut Creek,CA,06,Internal Medicine,Claim-Specialty,Azithromycin,Azithromycin,14,14,111,138.54,,,14,14,138.54,111,*,
1003012931,Lopez,Niceto,Walnut Creek,CA,06,Internal Medicine,Claim-Specialty,Baclofen,Baclofen,28,28,441,387.07,,*,,,,,*,
1003012931,Lopez,Niceto,Walnut Creek,CA,06,Internal Medicine,Claim-Specialty,Basaglar Kwikpen U-100,"Insulin Glargine,hum.Rec.Anlog",34,36.2,728,3845.82,,#,,,,,*,
1003012931,Lopez,Niceto,Walnut Creek,CA,06,Internal Medicine,Claim-Specialty,Benztropine Mesylate,Benztropine Mesylate,75,75.7,1515,821.83,,,59,59.7,728.13,1286,*,
1003012931,Lopez,Niceto,Walnut Creek,CA,06,Internal Medicine,Claim-Specialty,Breo Ellipta,Fluticasone/Vilanterol,36,36,680,8251.78,,,36,36,8251.78,680,*,
1003012931,Lopez,Niceto,Walnut Creek,CA,06,Internal Medicine,Claim-Specialty,Brilinta,Ticagrelor,23,23,431,6622.17,,#,,,,,*,
1003012931,Lopez,Niceto,Walnut Creek,CA,06,Internal Medicine,Claim-Specialty,Bumetanide,Bumetanide,21,21,340,498.45,,,21,21,498.45,340,*,
1003012931,Lopez,Niceto,Walnut Creek,CA,06,Internal Medicine,Claim-Specialty,Buspirone Hcl,Buspirone Hcl,32,32,477,254.67,,,32,32,254.67,477,*,
1003012931,Lopez,Niceto,Walnut Creek,CA,06,Internal Medicine,Claim-Specialty,Calcium Acetate,Calcium Acetate,31,31.1,533,1006.83,,#,,,,,*,
1003012931,Lopez,Niceto,Walnut Creek,CA,06,Internal Medicine,Claim-Specialty,Carvedilol,Carvedilol,197,200.7,4433,1380.59,33,,184,187.7,1307.26,4218,#,
1003012931,Lopez,Niceto,Walnut Creek,CA,06,Internal Medicine,Claim-Specialty,Cephalexin,Cephalexin,14,14,94,220.57,13,#,,,,,#,
1003012931,Lopez,Niceto,Walnut Creek,CA,06,Internal Medicine,Claim-Specialty,Chlorthalidone,Chlorthalidone,20,20.1,386,295.1,,*,,,,,*,
1003012931,Lopez,Niceto,Walnut Creek,CA,06,Internal Medicine,Claim-Specialty,Ciprofloxacin Hcl,Ciprofloxacin Hcl,16,16,112,188.06,14,#,,,,,#,
1003012931,Lopez,Niceto,Walnut Creek,CA,06,Internal Medicine,Claim-Specialty,Citalopram Hbr,Citalopram Hydrobromide,19,19.2,545,199.38,,,19,19.2,199.38,545,*,
1003012931,Lopez,Niceto,Walnut Creek,CA,06,Internal Medicine,Claim-Specialty,Clonazepam,Clonazepam,11,11,315,45.04,,*,,,,,*,
1003012931,Lopez,Niceto,Walnut Creek,CA,06,Internal Medicine,Claim-Specialty,Clonidine Hcl,Clonidine Hcl,33,33.2,416,188.38,15,#,,,,,#,
1003012931,Lopez,Niceto,Walnut Creek,CA,06,Internal Medicine,Claim-Specialty,Clopidogrel,Clopidogrel Bisulfate,81,81.5,2128,1140.88,14,,60,60.5,627.55,1562,#,
1003012931,Lopez,Niceto,Walnut Creek,CA,06,Internal Medicine,Claim-Specialty,Creon,Lipase/Protease/Amylase,29,29,384,9830.48,,,29,29,9830.48,384,*,
1003012931,Lopez,Niceto,Walnut Creek,CA,06,Internal Medicine,Claim-Specialty,Dexlansoprazole Dr,Dexlansoprazole,16,16.1,396,3278.66,,,16,16.1,3278.66,396,*,
1003012931,Lopez,Niceto,Walnut Creek,CA,06,Internal Medicine,Claim-Specialty,Diclofenac Sodium,Diclofenac Sodium,52,52.1,1046,2122.62,17,,39,39.1,1650.52,783,#,
1003012931,Lopez,Niceto,Walnut Creek,CA,06,Internal Medicine,Claim-Specialty,Digoxin,Digoxin,29,29.2,632,483.31,,,17,17.2,281.03,488,*,
1003012931,Lopez,Niceto,Walnut Creek,CA,06,Internal Medicine,Claim-Specialty,Diltiazem Hcl,Diltiazem Hcl,22,22.4,605,762.11,,,22,22.4,762.11,605,*,
1003012931,Lopez,Niceto,Walnut Creek,CA,06,Internal Medicine,Claim-Specialty,Divalproex Sodium,Divalproex Sodium,36,36.3,929,1466.54,,#,,,,,*,
1003012931,Lopez,Niceto,Walnut Creek,CA,06,Internal Medicine,Claim-Specialty,Divalproex Sodium Er,Divalproex Sodium,30,30.3,676,1481.49,,,19,19.3,1180.82,522,*,
1003012931,Lopez,Niceto,Walnut Creek,CA,06,Internal Medicine,Claim-Specialty,Donepezil Hcl,Donepezil Hcl,119,121,3318,2449.76,17,,119,121,2449.76,3318,,17
1003012931,Lopez,Niceto,Walnut Creek,CA,06,Internal Medicine,Claim-Specialty,Dorzolamide-Timolol,Dorzolamide Hcl/Timolol Maleat,15,15.1,428,825.8,,,15,15.1,825.8,428,*,
1003012931,Lopez,Niceto,Walnut Creek,CA,06,Internal Medicine,Claim-Specialty,Doxycycline Hyclate,Doxycycline Hyclate,13,13,109,393.94,11,#,,,,,*,
1003012931,Lopez,Niceto,Walnut Creek,CA,06,Internal Medicine,Claim-Specialty,Duloxetine Hcl,Duloxetine Hcl,33,33.6,936,1917.42,,#,,,,,*,
1003012931,Lopez,Niceto,Walnut Creek,CA,06,Internal Medicine,Claim-Specialty,Eliquis,Apixaban,298,298.1,4109,82072.41,46,,266,266.1,74270.1,3718,#,
1003012931,Lopez,Niceto,Walnut Creek,CA,06,Internal Medicine,Claim-Specialty,Enoxaparin Sodium,Enoxaparin Sodium,16,16,135,1326.52,,*,,,,,*,
1003012931,Lopez,Niceto,Walnut Creek,CA,06,Internal Medicine,Claim-Specialty,Entresto,Sacubitril/Valsartan,48,48,892,19900.39,,#,,,,,*,
1003012931,Lopez,Niceto,Walnut Creek,CA,06,Internal Medicine,Claim-Specialty,Epogen,Epoetin Alfa,35,35,247,24018.58,,,35,35,24018.58,247,*,
1003012931,Lopez,Niceto,Walnut Creek,CA,06,Internal Medicine,Claim-Specialty,Escitalopram Oxalate,Escitalopram Oxalate,59,59.5,1553,644.02,11,#,,,,,*,
1003012931,Lopez,Niceto,Walnut Creek,CA,06,Internal Medicine,Claim-Specialty,Esomeprazole Magnesium,Esomeprazole Magnesium,32,32.1,875,542.79,,,32,32.1,542.79,875,*,
1003012931,Lopez,Niceto,Walnut Creek,CA,06,Internal Medicine,Claim-Specialty,Famotidine,Famotidine,263,265.1,5901,2432.16,45,,198,200,1930.23,4809,#,
1003012931,Lopez,Niceto,Walnut Creek,CA,06,Internal Medicine,Claim-Specialty,Farxiga,Dapagliflozin Propanediol,34,34,526,10453.71,,#,,,,,*,
1003012931,Lopez,Niceto,Walnut Creek,CA,06,Internal Medicine,Claim-Specialty,Finasteride,Finasteride,34,34.2,865,829.88,,,34,34.2,829.88,865,*,
1003012931,Lopez,Niceto,Walnut Creek,CA,06,Internal Medicine,Claim-Specialty,Fludrocortisone Acetate,Fludrocortisone Acetate,27,27,394,283.22,,,27,27,283.22,394,*,
1003012931,Lopez,Niceto,Walnut Creek,CA,06,Internal Medicine,Claim-Specialty,Fluoxetine Hcl,Fluoxetine Hcl,47,47.4,885,525.25,,,34,34.4,445.31,704,*,
1003012931,Lopez,Niceto,Walnut Creek,CA,06,Internal Medicine,Claim-Specialty,Fluticasone Propionate,Fluticasone Propionate,41,41,1221,972.21,14,#,,,,,#,
1003012931,Lopez,Niceto,Walnut Creek,CA,06,Internal Medicine,Claim-Specialty,Folic Acid,Folic Acid,20,20.1,424,110.94,,,20,20.1,110.94,424,*,
1003012931,Lopez,Niceto,Walnut Creek,CA,06,Internal Medicine,Claim-Specialty,Furosemide,Furosemide,245,254.7,5420,1493.29,39,,221,230.7,1363.78,5054,#,
1003012931,Lopez,Niceto,Walnut Creek,CA,06,Internal Medicine,Claim-Specialty,Gabapentin,Gabapentin,330,333.8,7817,4076.43,49,,302,305.6,3774.38,7171,#,
1003012931,Lopez,Niceto,Walnut Creek,CA,06,Internal Medicine,Claim-Specialty,Glipizide,Glipizide,123,124,2952,1206.67,17,#,,,,,#,
1003012931,Lopez,Niceto,Walnut Creek,CA,06,Internal Medicine,Claim-Specialty,Glipizide Er,Glipizide,20,20.1,586,200.73,,,20,20.1,200.73,586,*,
1003012931,Lopez,Niceto,Walnut Creek,CA,06,Internal Medicine,Claim-Specialty,Glucagon Emergency Kit,Glucagon Hcl,13,13,380,3893.11,,,13,13,3893.11,380,*,
1003012931,Lopez,Niceto,Walnut Creek,CA,06,Internal Medicine,Claim-Specialty,Glycopyrrolate,Glycopyrrolate,11,11.1,317,347.64,,,11,11.1,347.64,317,*,
1003012931,Lopez,Niceto,Walnut Creek,CA,06,Internal Medicine,Claim-Specialty,Heparin Sodium,"Heparin Sodium,porcine",52,52,696,3468.01,,#,,,,,*,
1003012931,Lopez,Niceto,Walnut Creek,CA,06,Internal Medicine,Claim-Specialty,Humalog Kwikpen U-100,Insulin Lispro,23,26.5,504,3428.76,,#,,,,,*,
1003012931,Lopez,Niceto,Walnut Creek,CA,06,Internal Medicine,Claim-Specialty,Humulin N Kwikpen,Insulin Nph Human Isophane,14,17.7,365,2670.86,,,14,17.7,2670.86,365,*,
1003012931,Lopez,Niceto,Walnut Creek,CA,06,Internal Medicine,Claim-Specialty,Humulin R,"Insulin Regular, Human",50,50,628,3147.3,,,50,50,3147.3,628,*,
1003012931,Lopez,Niceto,Walnut Creek,CA,06,Internal Medicine,Claim-Specialty,Hydralazine Hcl,Hydralazine Hcl,213,214.1,4204,4084.73,34,,181,181.9,3541.72,3657,#,
1003012931,Lopez,Niceto,Walnut Creek,CA,06,Internal Medicine,Claim-Specialty,Hydrochlorothiazide,Hydrochlorothiazide,31,31.2,707,165.73,,#,,,,,*,
1003012931,Lopez,Niceto,Walnut Creek,CA,06,Internal Medicine,Claim-Specialty,Hydrocodone-Acetaminophen,Hydrocodone/Acetaminophen,107,107,1249,1994.27,25,#,,,,,#,
1003012931,Lopez,Niceto,Walnut Creek,CA,06,Internal Medicine,Claim-Specialty,Hydroxychloroquine Sulfate,Hydroxychloroquine Sulfate,29,29,486,2018.21,,,29,29,2018.21,486,*,
1003012931,Lopez,Niceto,Walnut Creek,CA,06,Internal Medicine,Claim-Specialty,Ibuprofen,Ibuprofen,19,19,188,139.67,,#,,,,,*,
1003012931,Lopez,Niceto,Walnut Creek,CA,06,Internal Medicine,Claim-Specialty,Imipramine Hcl,Imipramine Hcl,11,11.2,273,101.07,,,11,11.2,101.07,273,*,
1003012931,Lopez,Niceto,Walnut Creek,CA,06,Internal Medicine,Claim-Specialty,Insulin Glargine-Yfgn,Insulin Glargine-Yfgn,23,23,358,2644.04,,*,,,,,*,
1003012931,Lopez,Niceto,Walnut Creek,CA,06,Internal Medicine,Claim-Specialty,Insulin Lispro,Insulin Lispro,13,13,275,716.69,,*,,,,,*,
1003012931,Lopez,Niceto,Walnut Creek,CA,06,Internal Medicine,Claim-Specialty,Insulin Lispro Kwikpen U-100,Insulin Lispro,92,96,950,4462.18,20,,74,78,3315.19,795,#,
1003012931,Lopez,Niceto,Walnut Creek,CA,06,Internal Medicine,Claim-Specialty,Ipratropium-Albuterol,Ipratropium/Albuterol Sulfate,50,50,458,1134.36,22,#,,,,,#,
1003012931,Lopez,Niceto,Walnut Creek,CA,06,Internal Medicine,Claim-Specialty,Isosorbide Dinitrate,Isosorbide Dinitrate,24,24.5,642,1148.43,,,24,24.5,1148.43,642,*,
1003012931,Lopez,Niceto,Walnut Creek,CA,06,Internal Medicine,Claim-Specialty,Isosorbide Mononitrate,Isosorbide Mononitrate,16,16.2,353,686.29,,,16,16.2,686.29,353,*,
1003012931,Lopez,Niceto,Walnut Creek,CA,06,Internal Medicine,Claim-Specialty,Isosorbide Mononitrate Er,Isosorbide Mononitrate,11,11.1,222,134.29,,*,,,,,*,
1003012931,Lopez,Niceto,Walnut Creek,CA,06,Internal Medicine,Claim-Specialty,Januvia,Sitagliptin Phosphate,21,21,328,6420.93,,,21,21,6420.93,328,*,
1003012931,Lopez,Niceto,Walnut Creek,CA,06,Internal Medicine,Claim-Specialty,Jardiance,Empagliflozin,103,105,1525,32032.62,15,#,,,,,#,
1003012931,Lopez,Niceto,Walnut Creek,CA,06,Internal Medicine,Claim-Specialty,Labetalol Hcl,Labetalol Hcl,31,31.1,545,612.84,,,31,31.1,612.84,545,*,
1003012931,Lopez,Niceto,Walnut Creek,CA,06,Internal Medicine,Claim-Specialty,Lacosamide,Lacosamide,13,13,300,2472.53,,,13,13,2472.53,300,*,
1003012931,Lopez,Niceto,Walnut Creek,CA,06,Internal Medicine,Claim-Specialty,Lactulose,Lactulose,23,23,277,425.95,,#,,,,,*,
1003012931,Lopez,Niceto,Walnut Creek,CA,06,Internal Medicine,Claim-Specialty,Lantus Solostar,"Insulin Glargine,hum.Rec.Anlog",64,69.4,1497,9294.24,20,,51,54.1,7553.55,1151,#,
1003012931,Lopez,Niceto,Walnut Creek,CA,06,Internal Medicine,Claim-Specialty,Latanoprost,Latanoprost,39,39,971,867.53,,#,,,,,*,
1003012931,Lopez,Niceto,Walnut Creek,CA,06,Internal Medicine,Claim-Specialty,Letrozole,Letrozole,11,11.2,334,289.39,,,11,11.2,289.39,334,*,
1003012931,Lopez,Niceto,Walnut Creek,CA,06,Internal Medicine,Claim-Specialty,Levemir Flexpen,Insulin Detemir,17,22.5,475,4347.71,,,17,22.5,4347.71,475,*,
1003012931,Lopez,Niceto,Walnut Creek,CA,06,Internal Medicine,Claim-Specialty,Levetiracetam,Levetiracetam,138,141.4,3612,5077.35,19,,111,114.2,4389.67,3030,#,
1003012931,Lopez,Niceto,Walnut Creek,CA,06,Internal Medicine,Claim-Specialty,Levofloxacin,Levofloxacin,17,17,103,152.49,14,#,,,,,#,
1003012931,Lopez,Niceto,Walnut Creek,CA,06,Internal Medicine,Claim-Specialty,Levothyroxine Sodium,Levothyroxine Sodium,268,269.3,5566,3321,36,,244,245.2,3068.61,5060,#,
1003012931,Lopez,Niceto,Walnut Creek,CA,06,Internal Medicine,Claim-Specialty,Lidocaine,Lidocaine,17,17,360,1670.51,,,17,17,1670.51,360,*,
1003012931,Lopez,Niceto,Walnut Creek,CA,06,Internal Medicine,Claim-Specialty,Lisinopril,Lisinopril,78,86.7,2051,496.2,17,,66,74.5,411.28,1709,#,
1003012931,Lopez,Niceto,Walnut Creek,CA,06,Internal Medicine,Claim-Specialty,Lokelma,Sodium Zirconium Cyclosilicate,30,30,418,7891.97,,,30,30,7891.97,418,*,
1003012931,Lopez,Niceto,Walnut Creek,CA,06,Internal Medicine,Claim-Specialty,Lorazepam,Lorazepam,26,26,295,249.2,,#,,,,,*,
1003012931,Lopez,Niceto,Walnut Creek,CA,06,Internal Medicine,Claim-Specialty,Losartan Potassium,Losartan Potassium,104,104.8,2369,951.51,18,,89,89.6,809.7,1962,#,
1003012931,Lopez,Niceto,Walnut Creek,CA,06,Internal Medicine,Claim-Specialty,Lumigan,Bimatoprost,22,22,549,6649.41,,,22,22,6649.41,549,*,
1003012931,Lopez,Niceto,Walnut Creek,CA,06,Internal Medicine,Claim-Specialty,Meclizine Hcl,Meclizine Hcl,14,14,160,132.47,,*,,,,,*,
1003012931,Lopez,Niceto,Walnut Creek,CA,06,Internal Medicine,Claim-Specialty,Megestrol Acetate,Megestrol Acetate,13,13,266,846.44,,,13,13,846.44,266,*,
1003012931,Lopez,Niceto,Walnut Creek,CA,06,Internal Medicine,Claim-Specialty,Memantine Hcl,Memantine Hcl,70,71,2009,4852.8,11,#,,,,,*,
1003012931,Lopez,Niceto,Walnut Creek,CA,06,Internal Medicine,Claim-Specialty,Metformin Hcl,Metformin Hcl,156,156.8,3425,996.19,27,,118,118.8,788.38,2797,#,
1003012931,Lopez,Niceto,Walnut Creek,CA,06,Internal Medicine,Claim-Specialty,Methenamine Hippurate,Methenamine Hippurate,11,11.2,334,1228.19,,,11,11.2,1228.19,334,*,
1003012931,Lopez,Niceto,Walnut Creek,CA,06,Internal Medicine,Claim-Specialty,Methocarbamol,Methocarbamol,17,17.1,276,180.45,,*,,,,,*,
1003012931,Lopez,Niceto,Walnut Creek,CA,06,Internal Medicine,Claim-Specialty,Metoclopramide Hcl,Metoclopramide Hcl,25,25.2,402,238.52,,,25,25.2,238.52,402,*,
1003012931,Lopez,Niceto,Walnut Creek,CA,06,Internal Medicine,Claim-Specialty,Metolazone,Metolazone,25,25.6,712,1205.68,,,25,25.6,1205.68,712,*,
1003012931,Lopez,Niceto,Walnut Creek,CA,06,Internal Medicine,Claim-Specialty,Metoprolol Succinate,Metoprolol Succinate,53,55.6,1529,934.13,14,#,,,,,#,
1003012931,Lopez,Niceto,Walnut Creek,CA,06,Internal Medicine,Claim-Specialty,Metoprolol Tartrate,Metoprolol Tartrate,197,198.8,4637,1313.91,29,,166,167.5,1112.81,4038,#,
1003012931,Lopez,Niceto,Walnut Creek,CA,06,Internal Medicine,Claim-Specialty,Midodrine Hcl,Midodrine Hcl,38,38.3,788,2153.99,12,,21,21.1,1045.92,399,*,
1003012931,Lopez,Niceto,Walnut Creek,CA,06,Internal Medicine,Claim-Specialty,Mirtazapine,Mirtazapine,137,138.2,3380,2949.14,19,,125,126.2,2473.45,3035,#,
1003012931,Lopez,Niceto,Walnut Creek,CA,06,Internal Medicine,Claim-Specialty,Montelukast Sodium,Montelukast Sodium,31,31.2,617,394.97,,,31,31.2,394.97,617,*,
1003012931,Lopez,Niceto,Walnut Creek,CA,06,Internal Medicine,Claim-Specialty,Morphine Sulfate Er,Morphine Sulfate,14,14,266,342.73,,,14,14,342.73,266,*,
1003012931,Lopez,Niceto,Walnut Creek,CA,06,Internal Medicine,Claim-Specialty,Movantik,Naloxegol Oxalate,15,15,196,2762.44,,,15,15,2762.44,196,*,
1003012931,Lopez,Niceto,Walnut Creek,CA,06,Internal Medicine,Claim-Specialty,Mupirocin,Mupirocin,13,13,159,246.81,,#,,,,,*,
1003012931,Lopez,Niceto,Walnut Creek,CA,06,Internal Medicine,Claim-Specialty,Mycophenolate Mofetil,Mycophenolate Mofetil,13,13.4,403,1657.5,,,13,13.4,1657.5,403,*,
1003012931,Lopez,Niceto,Walnut Creek,CA,06,Internal Medicine,Claim-Specialty,Myrbetriq,Mirabegron,27,27,364,5679.21,,,27,27,5679.21,364,*,
1003012931,Lopez,Niceto,Walnut Creek,CA,06,Internal Medicine,Claim-Specialty,Nifedipine Er,Nifedipine,62,62.8,1476,1780.19,,,42,42.8,1390.64,1118,*,
1003012931,Lopez,Niceto,Walnut Creek,CA,06,Internal Medicine,Claim-Specialty,Nitrofurantoin Mono-Macro,Nitrofurantoin Monohyd/M-Cryst,13,13,70,347.53,,#,,,,,*,
1003012931,Lopez,Niceto,Walnut Creek,CA,06,Internal Medicine,Claim-Specialty,Nitroglycerin,Nitroglycerin,14,14,138,258.23,,,14,14,258.23,138,*,
1003012931,Lopez,Niceto,Walnut Creek,CA,06,Internal Medicine,Claim-Specialty,Nortriptyline Hcl,Nortriptyline Hcl,12,12,344,113.36,,,12,12,113.36,344,*,
1003012931,Lopez,Niceto,Walnut Creek,CA,06,Internal Medicine,Claim-Specialty,Novofine Autocover,"Pen Needle, Diabetic, Safety",16,16,480,1448.58,,#,,,,,*,
1003012931,Lopez,Niceto,Walnut Creek,CA,06,Internal Medicine,Claim-Specialty,Novolin R,"Insulin Regular, Human",35,35,895,5120.93,,,35,35,5120.93,895,*,
1003012931,Lopez,Niceto,Walnut Creek,CA,06,Internal Medicine,Claim-Specialty,Novolin R Flexpen,"Insulin Regular, Human",13,13,354,988.59,,,13,13,988.59,354,*,
1003012931,Lopez,Niceto,Walnut Creek,CA,06,Internal Medicine,Claim-Specialty,Novolog Flexpen,Insulin Aspart,36,38.8,522,5758.28,11,#,,,,,*,
1003012931,Lopez,Niceto,Walnut Creek,CA,06,Internal Medicine,Claim-Specialty,Nystatin,Nystatin,23,23,380,645.41,11,,23,23,645.41,380,,11
1003012931,Lopez,Niceto,Walnut Creek,CA,06,Internal Medicine,Claim-Specialty,Nystatin-Triamcinolone,Nystatin/Triamcinolone Acet,11,11,198,303.4,,,11,11,303.4,198,*,
1003012931,Lopez,Niceto,Walnut Creek,CA,06,Internal Medicine,Claim-Specialty,Nystop,Nystatin,11,11,179,340.01,,,11,11,340.01,179,*,
1003012931,Lopez,Niceto,Walnut Creek,CA,06,Internal Medicine,Claim-Specialty,Olanzapine,Olanzapine,60,61.1,1720,3714.1,,,60,61.1,3714.1,1720,*,
1003012931,Lopez,Niceto,Walnut Creek,CA,06,Internal Medicine,Claim-Specialty,Olmesartan Medoxomil,Olmesartan Medoxomil,25,25,445,1091.7,,*,,,,,*,
1003012931,Lopez,Niceto,Walnut Creek,CA,06,Internal Medicine,Claim-Specialty,Omeprazole,Omeprazole,71,71.8,1951,1209.55,23,#,,,,,#,
1003012931,Lopez,Niceto,Walnut Creek,CA,06,Internal Medicine,Claim-Specialty,Ondansetron Hcl,Ondansetron Hcl,58,58,359,1361.63,25,#,,,,,#,
1003012931,Lopez,Niceto,Walnut Creek,CA,06,Internal Medicine,Claim-Specialty,Oxybutynin Chloride Er,Oxybutynin Chloride,23,23.2,669,859.21,,#,,,,,*,
1003012931,Lopez,Niceto,Walnut Creek,CA,06,Internal Medicine,Claim-Specialty,Oxycodone Hcl,Oxycodone Hcl,28,28,318,351.02,,,28,28,351.02,318,*,
1003012931,Lopez,Niceto,Walnut Creek,CA,06,Internal Medicine,Claim-Specialty,Oxycodone-Acetaminophen,Oxycodone Hcl/Acetaminophen,139,139,1034,3059.55,,,139,139,3059.55,1034,*,
1003012931,Lopez,Niceto,Walnut Creek,CA,06,Internal Medicine,Claim-Specialty,Pantoprazole Sodium,Pantoprazole Sodium,281,283.2,6158,7095.6,44,,263,265,6945.67,5724,#,
1003012931,Lopez,Niceto,Walnut Creek,CA,06,Internal Medicine,Claim-Specialty,Paroxetine Hcl,Paroxetine Hcl,15,15.4,464,175.13,,,15,15.4,175.13,464,*,
1003012931,Lopez,Niceto,Walnut Creek,CA,06,Internal Medicine,Claim-Specialty,Pentoxifylline,Pentoxifylline,15,15.4,462,240.63,,,15,15.4,240.63,462,*,
1003012931,Lopez,Niceto,Walnut Creek,CA,06,Internal Medicine,Claim-Specialty,Perphenazine,Perphenazine,25,25,350,1226.22,,,25,25,1226.22,350,*,
1003012931,Lopez,Niceto,Walnut Creek,CA,06,Internal Medicine,Claim-Specialty,Potassium Chloride,Potassium Chloride,94,96.9,2067,6446.83,20,#,,,,,#,
1003012931,Lopez,Niceto,Walnut Creek,CA,06,Internal Medicine,Claim-Specialty,Pravastatin Sodium,Pravastatin Sodium,50,50.8,1286,1311.52,,,39,39.6,863.55,952,*,
1003012931,Lopez,Niceto,Walnut Creek,CA,06,Internal Medicine,Claim-Specialty,Pregabalin,Pregabalin,27,27,582,2439.38,,#,,,,,*,
1003012931,Lopez,Niceto,Walnut Creek,CA,06,Internal Medicine,Claim-Specialty,Procrit,Epoetin Alfa,11,11,99,4636.45,,,11,11,4636.45,99,*,
1003012931,Lopez,Niceto,Walnut Creek,CA,06,Internal Medicine,Claim-Specialty,Quetiapine Fumarate,Quetiapine Fumarate,130,130.9,2414,3256.88,18,,109,109.9,2867.39,2041,#,
1003012931,Lopez,Niceto,Walnut Creek,CA,06,Internal Medicine,Claim-Specialty,Risperidone,Risperidone,87,88.4,2150,1514.59,16,,74,75.4,1436.14,1972,#,
1003012931,Lopez,Niceto,Walnut Creek,CA,06,Internal Medicine,Claim-Specialty,Rosuvastatin Calcium,Rosuvastatin Calcium,53,55.6,1510,2757.65,12,#,,,,,#,
1003012931,Lopez,Niceto,Walnut Creek,CA,06,Internal Medicine,Claim-Specialty,Santyl,Collagenase Clostridium Hist.,33,33,863,102688.57,18,#,,,,,#,
1003012931,Lopez,Niceto,Walnut Creek,CA,06,Internal Medicine,Claim-Specialty,Sertraline Hcl,Sertraline Hcl,61,61.7,1451,442.2,,,42,42.5,286.23,951,*,
1003012931,Lopez,Niceto,Walnut Creek,CA,06,Internal Medicine,Claim-Specialty,Sevelamer Carbonate,Sevelamer Carbonate,38,38.1,493,11647.51,,,13,13,1413.72,150,*,
1003012931,Lopez,Niceto,Walnut Creek,CA,06,Internal Medicine,Claim-Specialty,Sevelamer Hcl,Sevelamer Hcl,55,55,784,30519.39,,,55,55,30519.39,784,*,
1003012931,Lopez,Niceto,Walnut Creek,CA,06,Internal Medicine,Claim-Specialty,Simvastatin,Simvastatin,35,35.6,996,312.32,,#,,,,,*,
1003012931,Lopez,Niceto,Walnut Creek,CA,06,Internal Medicine,Claim-Specialty,Sodium Chloride,0.9 % Sodium Chloride,27,27,88,774.94,16,#,,,,,#,
1003012931,Lopez,Niceto,Walnut Creek,CA,06,Internal Medicine,Claim-Specialty,Spironolactone,Spironolactone,18,18.1,347,121.48,,#,,,,,*,
1003012931,Lopez,Niceto,Walnut Creek,CA,06,Internal Medicine,Claim-Specialty,Sucralfate,Sucralfate,16,16.2,433,859.6,,,16,16.2,859.6,433,*,
1003012931,Lopez,Niceto,Walnut Creek,CA,06,Internal Medicine,Claim-Specialty,Sulfamethoxazole-Trimethoprim,Sulfamethoxazole/Trimethoprim,11,11,83,75.66,,*,,,,,*,
1003012931,Lopez,Niceto,Walnut Creek,CA,06,Internal Medicine,Claim-Specialty,Tamsulosin Hcl,Tamsulosin Hcl,135,138.8,3788,2744.41,34,#,,,,,#,
1003012931,Lopez,Niceto,Walnut Creek,CA,06,Internal Medicine,Claim-Specialty,Telmisartan,Telmisartan,13,13.3,374,4202.85,,,13,13.3,4202.85,374,*,
1003012931,Lopez,Niceto,Walnut Creek,CA,06,Internal Medicine,Claim-Specialty,Temazepam,Temazepam,23,23,540,182.08,,,23,23,182.08,540,*,
1003012931,Lopez,Niceto,Walnut Creek,CA,06,Internal Medicine,Claim-Specialty,Terazosin Hcl,Terazosin Hcl,22,22.1,608,320.83,,,22,22.1,320.83,608,*,
1003012931,Lopez,Niceto,Walnut Creek,CA,06,Internal Medicine,Claim-Specialty,Timolol Maleate,Timolol Maleate,17,17,414,725.9,,#,,,,,*,
1003012931,Lopez,Niceto,Walnut Creek,CA,06,Internal Medicine,Claim-Specialty,Tizanidine Hcl,Tizanidine Hcl,20,20.2,437,197.64,,#,,,,,*,
1003012931,Lopez,Niceto,Walnut Creek,CA,06,Internal Medicine,Claim-Specialty,Torsemide,Torsemide,24,24,650,322.29,,,24,24,322.29,650,*,
1003012931,Lopez,Niceto,Walnut Creek,CA,06,Internal Medicine,Claim-Specialty,Tradjenta,Linagliptin,36,36,512,9646.55,,,36,36,9646.55,512,*,
1003012931,Lopez,Niceto,Walnut Creek,CA,06,Internal Medicine,Claim-Specialty,Tramadol Hcl,Tramadol Hcl,90,90,1341,814.45,18,#,,,,,#,
1003012931,Lopez,Niceto,Walnut Creek,CA,06,Internal Medicine,Claim-Specialty,Trazodone Hcl,Trazodone Hcl,68,68.8,1564,684.75,,,50,50.5,367.33,1028,*,
1003012931,Lopez,Niceto,Walnut Creek,CA,06,Internal Medicine,Claim-Specialty,Triamcinolone Acetonide,Triamcinolone Acetonide,23,23,288,293.03,11,,23,23,293.03,288,,11
1003012931,Lopez,Niceto,Walnut Creek,CA,06,Internal Medicine,Claim-Specialty,Valproic Acid,Valproic Acid (As Sodium Salt),20,20.1,445,881,,*,,,,,*,
1003012931,Lopez,Niceto,Walnut Creek,CA,06,Internal Medicine,Claim-Specialty,Valsartan,Valsartan,16,16.1,290,309.08,,,16,16.1,309.08,290,*,
1003012931,Lopez,Niceto,Walnut Creek,CA,06,Internal Medicine,Claim-Specialty,Victoza 3-Pak,Liraglutide,16,16,260,8714.33,,#,,,,,*,
1003012931,Lopez,Niceto,Walnut Creek,CA,06,Internal Medicine,Claim-Specialty,Warfarin Sodium,Warfarin Sodium,39,39,189,178.6,,,0,0,0,0,#,
1003012931,Lopez,Niceto,Walnut Creek,CA,06,Internal Medicine,Claim-Specialty,Xarelto,Rivaroxaban,47,49,747,14505.81,,,47,49,14505.81,747,*,
1003012931,Lopez,Niceto,Walnut Creek,CA,06,Internal Medicine,Claim-Specialty,Zolpidem Tartrate,Zolpidem Tartrate,57,57,1313,491.49,,,57,57,491.49,1313,*,
1003012949,Patel-Raval,Pinecca,Cumming,GA,13,Podiatry,Claim-Specialty,Terbinafine Hcl,Terbinafine Hcl,12,14,420,86.37,,,12,14,86.37,420,*,
1003013004,Dajani,Asma,Westerville,OH,39,Family Practice,Claim-Specialty,Losartan Potassium,Losartan Potassium,11,17,510,31.24,,,11,17,31.24,510,*,
1003013152,Davidson,Eric,Pittsburgh,PA,42,Anesthesiology,Claim-Specialty,Buprenorphine-Naloxone,Buprenorphine Hcl/Naloxone Hcl,20,20,409,3318.48,19,*,,,,,*,
1003013160,Grabenstein,William,Clarksville,TN,47,Family Practice,Claim-Specialty,Albuterol Sulfate Hfa,Albuterol Sulfate,38,38.7,798,1633.7,14,,26,26.7,1190.05,578,#,
1003013160,Grabenstein,William,Clarksville,TN,47,Family Practice,Claim-Specialty,Alendronate Sodium,Alendronate Sodium,12,12,336,58.2,,,12,12,58.2,336,*,
1003013160,Grabenstein,William,Clarksville,TN,47,Family Practice,Claim-Specialty,Allopurinol,Allopurinol,45,63,1552,204.73,,#,,,,,*,
1003013160,Grabenstein,William,Clarksville,TN,47,Family Practice,Claim-Specialty,Alprazolam,Alprazolam,219,219,6524,2020.98,30,,195,195,1691.9,5804,#,
1003013160,Grabenstein,William,Clarksville,TN,47,Family Practice,Claim-Specialty,Amitriptyline Hcl,Amitriptyline Hcl,34,54,1620,533.19,,#,,,,,*,
1003013160,Grabenstein,William,Clarksville,TN,47,Family Practice,Claim-Specialty,Amlodipine Besylate,Amlodipine Besylate,91,205,6108,789.67,21,#,,,,,#,
1003013160,Grabenstein,William,Clarksville,TN,47,Family Practice,Claim-Specialty,Amoxicillin,Amoxicillin,21,21,238,154.8,,,21,21,154.8,238,*,
1003013160,Grabenstein,William,Clarksville,TN,47,Family Practice,Claim-Specialty,Amoxicillin-Clavulanate Potass,Amoxicillin/Potassium Clav,78,78,831,1169.94,37,,62,62,973.39,659,#,
1003013160,Grabenstein,William,Clarksville,TN,47,Family Practice,Claim-Specialty,Atenolol,Atenolol,33,74,2198,239.6,,,33,74,239.6,2198,*,
1003013160,Grabenstein,William,Clarksville,TN,47,Family Practice,Claim-Specialty,Atorvastatin Calcium,Atorvastatin Calcium,211,427,12400,2299.73,43,,195,401,2053.06,11620,#,
1003013160,Grabenstein,William,Clarksville,TN,47,Family Practice,Claim-Specialty,Azelastine Hcl,Azelastine Hcl,12,14.2,420,448.08,,,12,14.2,448.08,420,*,
1003013160,Grabenstein,William,Clarksville,TN,47,Family Practice,Claim-Specialty,Azithromycin,Azithromycin,148,148,862,1062.73,78,,128,128,949.93,756,#,
1003013160,Grabenstein,William,Clarksville,TN,47,Family Practice,Claim-Specialty,Basaglar Kwikpen U-100,"Insulin Glargine,hum.Rec.Anlog",14,14.4,397,2941.38,,#,,,,,*,
1003013160,Grabenstein,William,Clarksville,TN,47,Family Practice,Claim-Specialty,Benazepril Hcl,Benazepril Hcl,13,39,1170,194.92,,#,,,,,*,
1003013160,Grabenstein,William,Clarksville,TN,47,Family Practice,Claim-Specialty,Bupropion Hcl Sr,Bupropion Hcl,29,39,1118,224.41,,,29,39,224.41,1118,*,
1003013160,Grabenstein,William,Clarksville,TN,47,Family Practice,Claim-Specialty,Bupropion Xl,Bupropion Hcl,66,102,3036,1610.35,12,,53,85,1425.79,2526,*,
1003013160,Grabenstein,William,Clarksville,TN,47,Family Practice,Claim-Specialty,Carvedilol,Carvedilol,27,53,1590,298.06,,,27,53,298.06,1590,*,
1003013160,Grabenstein,William,Clarksville,TN,47,Family Practice,Claim-Specialty,Cefuroxime,Cefuroxime Axetil,13,13,125,227.97,,,13,13,227.97,125,*,
1003013160,Grabenstein,William,Clarksville,TN,47,Family Practice,Claim-Specialty,Celecoxib,Celecoxib,22,30,853,548.52,,,22,30,548.52,853,*,
1003013160,Grabenstein,William,Clarksville,TN,47,Family Practice,Claim-Specialty,Cephalexin,Cephalexin,26,26,265,250.49,20,#,,,,,#,
1003013160,Grabenstein,William,Clarksville,TN,47,Family Practice,Claim-Specialty,Ciprofloxacin Hcl,Ciprofloxacin Hcl,23,23,215,154.4,13,#,,,,,#,
1003013160,Grabenstein,William,Clarksville,TN,47,Family Practice,Claim-Specialty,Clarithromycin,Clarithromycin,13,13,125,261.04,,*,,,,,*,
1003013160,Grabenstein,William,Clarksville,TN,47,Family Practice,Claim-Specialty,Clonazepam,Clonazepam,62,62,1800,488.82,12,,49,49,287.81,1410,*,
1003013160,Grabenstein,William,Clarksville,TN,47,Family Practice,Claim-Specialty,Clonidine Hcl,Clonidine Hcl,11,23,690,130.48,,,11,23,130.48,690,*,
1003013160,Grabenstein,William,Clarksville,TN,47,Family Practice,Claim-Specialty,Clopidogrel,Clopidogrel Bisulfate,62,106,3072,494.57,11,,62,106,494.57,3072,,11
1003013160,Grabenstein,William,Clarksville,TN,47,Family Practice,Claim-Specialty,Colchicine,Colchicine,27,31,618,750.79,,#,,,,,*,
1003013160,Grabenstein,William,Clarksville,TN,47,Family Practice,Claim-Specialty,Cyclobenzaprine Hcl,Cyclobenzaprine Hcl,15,25,714,237,,,15,25,237,714,*,
1003013160,Grabenstein,William,Clarksville,TN,47,Family Practice,Claim-Specialty,Dextroamphetamine-Amphetamine,Dextroamphetamine/Amphetamine,50,52,1560,2749.16,,,19,21,817.66,630,*,
1003013160,Grabenstein,William,Clarksville,TN,47,Family Practice,Claim-Specialty,Diazepam,Diazepam,104,104,3100,752.78,18,#,,,,,#,
1003013160,Grabenstein,William,Clarksville,TN,47,Family Practice,Claim-Specialty,Dicyclomine Hcl,Dicyclomine Hcl,12,12,294,171.36,,,12,12,171.36,294,*,
1003013160,Grabenstein,William,Clarksville,TN,47,Family Practice,Claim-Specialty,Digoxin,Digoxin,23,23,378,59.49,,,23,23,59.49,378,*,
1003013160,Grabenstein,William,Clarksville,TN,47,Family Practice,Claim-Specialty,Diltiazem 24hr Er (Cd),Diltiazem Hcl,12,36,1080,176.4,,,12,36,176.4,1080,*,
1003013160,Grabenstein,William,Clarksville,TN,47,Family Practice,Claim-Specialty,Donepezil Hcl,Donepezil Hcl,13,21,630,59.2,,,13,21,59.2,630,*,
1003013160,Grabenstein,William,Clarksville,TN,47,Family Practice,Claim-Specialty,Doxycycline Hyclate,Doxycycline Hyclate,11,11,168,171.89,,,11,11,171.89,168,*,
1003013160,Grabenstein,William,Clarksville,TN,47,Family Practice,Claim-Specialty,Duloxetine Hcl,Duloxetine Hcl,55,99,2946,1347.74,12,#,,,,,#,
1003013160,Grabenstein,William,Clarksville,TN,47,Family Practice,Claim-Specialty,Eliquis,Apixaban,110,124,3402,62537.86,14,#,,,,,#,
1003013160,Grabenstein,William,Clarksville,TN,47,Family Practice,Claim-Specialty,Escitalopram Oxalate,Escitalopram Oxalate,17,27,786,406.67,,,17,27,406.67,786,*,
1003013160,Grabenstein,William,Clarksville,TN,47,Family Practice,Claim-Specialty,Estradiol,Estradiol,19,48.9,1467,431.21,,#,,,,,*,
1003013160,Grabenstein,William,Clarksville,TN,47,Family Practice,Claim-Specialty,Famotidine,Famotidine,99,198,5907,2664.11,26,,99,198,2664.11,5907,,26
1003013160,Grabenstein,William,Clarksville,TN,47,Family Practice,Claim-Specialty,Farxiga,Dapagliflozin Propanediol,24,26,780,15723.22,,,24,26,15723.22,780,*,
1003013160,Grabenstein,William,Clarksville,TN,47,Family Practice,Claim-Specialty,Fentanyl,Fentanyl,12,12,360,2215.19,,,12,12,2215.19,360,*,
1003013160,Grabenstein,William,Clarksville,TN,47,Family Practice,Claim-Specialty,Finasteride,Finasteride,13,13,364,113.24,,,13,13,113.24,364,*,
1003013160,Grabenstein,William,Clarksville,TN,47,Family Practice,Claim-Specialty,Fluconazole,Fluconazole,46,52,752,571.57,21,#,,,,,#,
1003013160,Grabenstein,William,Clarksville,TN,47,Family Practice,Claim-Specialty,Fluoxetine Hcl,Fluoxetine Hcl,87,160.3,4612,982.99,15,,68,119.3,506,3382,#,
1003013160,Grabenstein,William,Clarksville,TN,47,Family Practice,Claim-Specialty,Fluticasone Propionate,Fluticasone Propionate,59,93,2790,1230.25,20,#,,,,,#,
1003013160,Grabenstein,William,Clarksville,TN,47,Family Practice,Claim-Specialty,Furosemide,Furosemide,94,169,4689,388.59,21,,94,169,388.59,4689,,21
1003013160,Grabenstein,William,Clarksville,TN,47,Family Practice,Claim-Specialty,Gabapentin,Gabapentin,163,199,5893,1984.19,25,,136,172,1739.76,5083,#,
1003013160,Grabenstein,William,Clarksville,TN,47,Family Practice,Claim-Specialty,Glimepiride,Glimepiride,39,111,3330,805.29,,#,,,,,*,
1003013160,Grabenstein,William,Clarksville,TN,47,Family Practice,Claim-Specialty,Hydrochlorothiazide,Hydrochlorothiazide,62,132,3948,508.4,14,,62,132,508.4,3948,,14
1003013160,Grabenstein,William,Clarksville,TN,47,Family Practice,Claim-Specialty,Hydrocodone-Acetaminophen,Hydrocodone/Acetaminophen,156,156,4161,6439.47,23,,144,144,6031.64,3821,#,
1003013160,Grabenstein,William,Clarksville,TN,47,Family Practice,Claim-Specialty,Hydromorphone Hcl,Hydromorphone Hcl,24,24,592,897.96,,,12,12,263.42,232,*,
1003013160,Grabenstein,William,Clarksville,TN,47,Family Practice,Claim-Specialty,Ibuprofen,Ibuprofen,16,16,460,104.69,,#,,,,,*,
1003013160,Grabenstein,William,Clarksville,TN,47,Family Practice,Claim-Specialty,Irbesartan,Irbesartan,19,54,1620,394.92,,,19,54,394.92,1620,*,
1003013160,Grabenstein,William,Clarksville,TN,47,Family Practice,Claim-Specialty,Januvia,Sitagliptin Phosphate,25,41,1230,23418.12,,,25,41,23418.12,1230,*,
1003013160,Grabenstein,William,Clarksville,TN,47,Family Practice,Claim-Specialty,Lansoprazole,Lansoprazole,14,14,396,214.34,,,14,14,214.34,396,*,
1003013160,Grabenstein,William,Clarksville,TN,47,Family Practice,Claim-Specialty,Levofloxacin,Levofloxacin,25,25,246,153.26,14,#,,,,,#,
1003013160,Grabenstein,William,Clarksville,TN,47,Family Practice,Claim-Specialty,Levothyroxine Sodium,Levothyroxine Sodium,259,512.1,15021,3052.1,50,,244,467.1,2664.29,13671,#,
1003013160,Grabenstein,William,Clarksville,TN,47,Family Practice,Claim-Specialty,Liothyronine Sodium,Liothyronine Sodium,41,41,1204,556,,,41,41,556,1204,*,
1003013160,Grabenstein,William,Clarksville,TN,47,Family Practice,Claim-Specialty,Lisinopril,Lisinopril,112,232.5,6578,673.33,23,#,,,,,#,
1003013160,Grabenstein,William,Clarksville,TN,47,Family Practice,Claim-Specialty,Lisinopril-Hydrochlorothiazide,Lisinopril/Hydrochlorothiazide,41,105,3120,610.44,,,41,105,610.44,3120,*,
1003013160,Grabenstein,William,Clarksville,TN,47,Family Practice,Claim-Specialty,Lorazepam,Lorazepam,63,63,1890,738.3,,,63,63,738.3,1890,*,
1003013160,Grabenstein,William,Clarksville,TN,47,Family Practice,Claim-Specialty,Losartan Potassium,Losartan Potassium,108,222,6629,1192.59,25,,108,222,1192.59,6629,,25
1003013160,Grabenstein,William,Clarksville,TN,47,Family Practice,Claim-Specialty,Losartan-Hydrochlorothiazide,Losartan/Hydrochlorothiazide,45,117,3510,909.51,12,#,,,,,#,
1003013160,Grabenstein,William,Clarksville,TN,47,Family Practice,Claim-Specialty,Meclizine Hcl,Meclizine Hcl,11,11,230,123.83,,,11,11,123.83,230,*,
1003013160,Grabenstein,William,Clarksville,TN,47,Family Practice,Claim-Specialty,Meloxicam,Meloxicam,63,151,4530,610.08,22,#,,,,,#,
1003013160,Grabenstein,William,Clarksville,TN,47,Family Practice,Claim-Specialty,Metformin Hcl,Metformin Hcl,96,202,6018,925.49,19,#,,,,,#,
1003013160,Grabenstein,William,Clarksville,TN,47,Family Practice,Claim-Specialty,Metformin Hcl Er,Metformin Hcl,14,28,825,131.16,,,14,28,131.16,825,*,
1003013160,Grabenstein,William,Clarksville,TN,47,Family Practice,Claim-Specialty,Methylprednisolone,Methylprednisolone,11,11,66,151.88,,,11,11,151.88,66,*,
1003013160,Grabenstein,William,Clarksville,TN,47,Family Practice,Claim-Specialty,Metoprolol Succinate,Metoprolol Succinate,99,266.5,7996,2313.03,27,#,,,,,#,
1003013160,Grabenstein,William,Clarksville,TN,47,Family Practice,Claim-Specialty,Metoprolol Tartrate,Metoprolol Tartrate,25,57,1692,283.52,,#,,,,,*,
1003013160,Grabenstein,William,Clarksville,TN,47,Family Practice,Claim-Specialty,Mirtazapine,Mirtazapine,49,65,1924,537.39,,,49,65,537.39,1924,*,
1003013160,Grabenstein,William,Clarksville,TN,47,Family Practice,Claim-Specialty,Montelukast Sodium,Montelukast Sodium,59,93,2756,819.09,,,47,81,703.85,2396,*,
1003013160,Grabenstein,William,Clarksville,TN,47,Family Practice,Claim-Specialty,Morphine Sulfate Er,Morphine Sulfate,26,26,780,1415.9,,,13,13,840.99,390,*,
1003013160,Grabenstein,William,Clarksville,TN,47,Family Practice,Claim-Specialty,Mupirocin,Mupirocin,22,22,259,234.23,19,#,,,,,#,
1003013160,Grabenstein,William,Clarksville,TN,47,Family Practice,Claim-Specialty,Nebivolol Hcl,Nebivolol Hcl,15,21,630,1015.28,,,15,21,1015.28,630,*,
1003013160,Grabenstein,William,Clarksville,TN,47,Family Practice,Claim-Specialty,Nitrofurantoin Mono-Macro,Nitrofurantoin Monohyd/M-Cryst,13,13,143,252.81,,,13,13,252.81,143,*,
1003013160,Grabenstein,William,Clarksville,TN,47,Family Practice,Claim-Specialty,Nitroglycerin,Nitroglycerin,14,14,420,186.54,,,14,14,186.54,420,*,
1003013160,Grabenstein,William,Clarksville,TN,47,Family Practice,Claim-Specialty,Omeprazole,Omeprazole,62,124,3664,503.1,14,,62,124,503.1,3664,,14
1003013160,Grabenstein,William,Clarksville,TN,47,Family Practice,Claim-Specialty,Ondansetron Odt,Ondansetron,20,20,387,555.63,,,20,20,555.63,387,*,
1003013160,Grabenstein,William,Clarksville,TN,47,Family Practice,Claim-Specialty,Oxybutynin Chloride,Oxybutynin Chloride,12,30,900,275.64,,,12,30,275.64,900,*,
1003013160,Grabenstein,William,Clarksville,TN,47,Family Practice,Claim-Specialty,Oxycodone Hcl,Oxycodone Hcl,55,55,1564,3891.74,,,18,18,426.74,504,*,
1003013160,Grabenstein,William,Clarksville,TN,47,Family Practice,Claim-Specialty,Oxycodone-Acetaminophen,Oxycodone Hcl/Acetaminophen,75,75,2177,2785.54,13,,49,49,1748.49,1400,*,
1003013160,Grabenstein,William,Clarksville,TN,47,Family Practice,Claim-Specialty,Pantoprazole Sodium,Pantoprazole Sodium,74,160,4772,1296.4,18,#,,,,,#,
1003013160,Grabenstein,William,Clarksville,TN,47,Family Practice,Claim-Specialty,Paroxetine Hcl,Paroxetine Hcl,16,24,720,106.59,,*,,,,,*,
1003013160,Grabenstein,William,Clarksville,TN,47,Family Practice,Claim-Specialty,Phenytoin Sodium Extended,Phenytoin Sodium Extended,11,13,390,934.19,,,0,0,0,0,#,
1003013160,Grabenstein,William,Clarksville,TN,47,Family Practice,Claim-Specialty,Potassium Chloride,Potassium Chloride,18,52,1561,698.44,,,18,52,698.44,1561,*,
1003013160,Grabenstein,William,Clarksville,TN,47,Family Practice,Claim-Specialty,Pravastatin Sodium,Pravastatin Sodium,33,67,2010,528.3,,#,,,,,*,
1003013160,Grabenstein,William,Clarksville,TN,47,Family Practice,Claim-Specialty,Prednisone,Prednisone,279,282.2,4520,1281.69,108,#,,,,,#,
1003013160,Grabenstein,William,Clarksville,TN,47,Family Practice,Claim-Specialty,Pregabalin,Pregabalin,27,30,588,108.86,,,27,30,108.86,588,*,
1003013160,Grabenstein,William,Clarksville,TN,47,Family Practice,Claim-Specialty,Premarin,"Estrogens, Conjugated",28,44.7,1342,10418.08,,#,,,,,*,
1003013160,Grabenstein,William,Clarksville,TN,47,Family Practice,Claim-Specialty,Primidone,Primidone,14,24,720,136.83,,,14,24,136.83,720,*,
1003013160,Grabenstein,William,Clarksville,TN,47,Family Practice,Claim-Specialty,Promethazine Hcl,Promethazine Hcl,15,15,367,358.37,,,15,15,358.37,367,*,
1003013160,Grabenstein,William,Clarksville,TN,47,Family Practice,Claim-Specialty,Propranolol Hcl,Propranolol Hcl,14,22,660,158.42,,,14,22,158.42,660,*,
1003013160,Grabenstein,William,Clarksville,TN,47,Family Practice,Claim-Specialty,Rosuvastatin Calcium,Rosuvastatin Calcium,29,75.5,2265,548.91,,#,,,,,*,
1003013160,Grabenstein,William,Clarksville,TN,47,Family Practice,Claim-Specialty,Sertraline Hcl,Sertraline Hcl,49,95,2827,274.77,,,36,82,255.27,2437,*,
1003013160,Grabenstein,William,Clarksville,TN,47,Family Practice,Claim-Specialty,Simvastatin,Simvastatin,83,179,5348,643.24,17,#,,,,,#,
1003013160,Grabenstein,William,Clarksville,TN,47,Family Practice,Claim-Specialty,Spironolactone,Spironolactone,54,94,2508,342.55,,,54,94,342.55,2508,*,
1003013160,Grabenstein,William,Clarksville,TN,47,Family Practice,Claim-Specialty,Sulfamethoxazole-Trimethoprim,Sulfamethoxazole/Trimethoprim,19,21,326,129.05,16,#,,,,,#,
1003013160,Grabenstein,William,Clarksville,TN,47,Family Practice,Claim-Specialty,Synthroid,Levothyroxine Sodium,19,35,1032,1487.75,,,19,35,1487.75,1032,*,
1003013160,Grabenstein,William,Clarksville,TN,47,Family Practice,Claim-Specialty,Tamsulosin Hcl,Tamsulosin Hcl,61,134,3975,919.59,20,#,,,,,#,
1003013160,Grabenstein,William,Clarksville,TN,47,Family Practice,Claim-Specialty,Temazepam,Temazepam,18,18,520,137.64,,,18,18,137.64,520,*,
1003013160,Grabenstein,William,Clarksville,TN,47,Family Practice,Claim-Specialty,Topiramate,Topiramate,14,24,702,298.11,,,14,24,298.11,702,*,
1003013160,Grabenstein,William,Clarksville,TN,47,Family Practice,Claim-Specialty,Tramadol Hcl,Tramadol Hcl,73,73,1870,744.96,11,,73,73,744.96,1870,,11
1003013160,Grabenstein,William,Clarksville,TN,47,Family Practice,Claim-Specialty,Trazodone Hcl,Trazodone Hcl,23,58.2,1740,358.24,,,23,58.2,358.24,1740,*,
1003013160,Grabenstein,William,Clarksville,TN,47,Family Practice,Claim-Specialty,Trelegy Ellipta,Fluticasone/Umeclidin/Vilanter,13,19,570,13146.27,,#,,,,,*,
1003013160,Grabenstein,William,Clarksville,TN,47,Family Practice,Claim-Specialty,Triamterene-Hydrochlorothiazid,Triamterene/Hydrochlorothiazid,38,89.8,2648,326.7,,#,,,,,*,
1003013160,Grabenstein,William,Clarksville,TN,47,Family Practice,Claim-Specialty,Triazolam,Triazolam,12,12,360,249,,,12,12,249,360,*,
1003013160,Grabenstein,William,Clarksville,TN,47,Family Practice,Claim-Specialty,Valacyclovir,Valacyclovir Hcl,15,15,297,871.42,,#,,,,,*,
1003013160,Grabenstein,William,Clarksville,TN,47,Family Practice,Claim-Specialty,Venlafaxine Hcl Er,Venlafaxine Hcl,11,27,810,295.15,,,11,27,295.15,810,*,
1003013160,Grabenstein,William,Clarksville,TN,47,Family Practice,Claim-Specialty,Verapamil Er,Verapamil Hcl,12,12,336,311.76,,,12,12,311.76,336,*,
1003013160,Grabenstein,William,Clarksville,TN,47,Family Practice,Claim-Specialty,Viibryd,Vilazodone Hcl,12,13,390,9198.86,,,12,13,9198.86,390,*,
1003013160,Grabenstein,William,Clarksville,TN,47,Family Practice,Claim-Specialty,Zolpidem Tartrate,Zolpidem Tartrate,135,135,4050,1426.13,16,,118,118,1390.27,3540,#,
1003013210,Strand,Daniel,Charlottesville,VA,51,Gastroenterology,Claim-Specialty,Ciprofloxacin Hcl,Ciprofloxacin Hcl,29,29,142,98.77,20,#,,,,,#,
1003013210,Strand,Daniel,Charlottesville,VA,51,Gastroenterology,Claim-Specialty,Creon,Lipase/Protease/Amylase,53,71,2056,155578.59,16,,35,47,105836.04,1370,#,
1003013210,Strand,Daniel,Charlottesville,VA,51,Gastroenterology,Claim-Specialty,Gavilyte-G,"Peg3350/Sod Sulf,bicarb,cl/Kcl",21,21,23,389.77,19,#,,,,,#,
1003013210,Strand,Daniel,Charlottesville,VA,51,Gastroenterology,Claim-Specialty,Omeprazole,Omeprazole,65,155.5,4639,1838.26,25,,45,126,1578.09,3780,#,
1003013210,Strand,Daniel,Charlottesville,VA,51,Gastroenterology,Claim-Specialty,Oxycodone Hcl,Oxycodone Hcl,12,12,44,46.08,,*,,,,,*,
1003013210,Strand,Daniel,Charlottesville,VA,51,Gastroenterology,Claim-Specialty,Sucralfate,Sucralfate,31,44.3,891,2935.6,,,31,44.3,2935.6,891,*,
1003013210,Strand,Daniel,Charlottesville,VA,51,Gastroenterology,Claim-Specialty,Zenpep,Lipase/Protease/Amylase,12,16,423,38112.07,,#,,,,,*,
1003013236,Ostaszewski,Mary,Sugar Hill,GA,13,Nurse Practitioner,Claim-Specialty,Acyclovir,Acyclovir,15,31,900,325.46,,#,,,,,*,
1003013236,Ostaszewski,Mary,Sugar Hill,GA,13,Nurse Practitioner,Claim-Specialty,Albuterol Sulfate Hfa,Albuterol Sulfate,42,49.6,1346,1178.66,25,#,,,,,#,
1003013236,Ostaszewski,Mary,Sugar Hill,GA,13,Nurse Practitioner,Claim-Specialty,Alendronate Sodium,Alendronate Sodium,41,79,2330,352.06,14,#,,,,,#,
1003013236,Ostaszewski,Mary,Sugar Hill,GA,13,Nurse Practitioner,Claim-Specialty,Allopurinol,Allopurinol,42,124,3720,567.3,23,#,,,,,#,
1003013236,Ostaszewski,Mary,Sugar Hill,GA,13,Nurse Practitioner,Claim-Specialty,Alprazolam,Alprazolam,27,41,1162,219.07,15,,27,41,219.07,1162,,15
1003013236,Ostaszewski,Mary,Sugar Hill,GA,13,Nurse Practitioner,Claim-Specialty,Amitriptyline Hcl,Amitriptyline Hcl,14,36,1080,368.17,,#,,,,,*,
1003013236,Ostaszewski,Mary,Sugar Hill,GA,13,Nurse Practitioner,Claim-Specialty,Amlodipine Besylate,Amlodipine Besylate,333,910.3,27276,2007.29,156,,311,852.3,1878.25,25536,,145
1003013236,Ostaszewski,Mary,Sugar Hill,GA,13,Nurse Practitioner,Claim-Specialty,Amlodipine Besylate-Benazepril,Amlodipine Besylate/Benazepril,17,49.6,1487,335.31,,,17,49.6,335.31,1487,*,
1003013236,Ostaszewski,Mary,Sugar Hill,GA,13,Nurse Practitioner,Claim-Specialty,Amoxicillin-Clavulanate Potass,Amoxicillin/Potassium Clav,49,49,383,485.15,39,#,,,,,#,
1003013236,Ostaszewski,Mary,Sugar Hill,GA,13,Nurse Practitioner,Claim-Specialty,Atenolol,Atenolol,53,157,4700,302.35,26,,53,157,302.35,4700,,26
1003013236,Ostaszewski,Mary,Sugar Hill,GA,13,Nurse Practitioner,Claim-Specialty,Atorvastatin Calcium,Atorvastatin Calcium,287,778.3,23255,3208.88,131,,276,757.3,3090.71,22637,#,
1003013236,Ostaszewski,Mary,Sugar Hill,GA,13,Nurse Practitioner,Claim-Specialty,Azithromycin,Azithromycin,79,80.8,475,489.6,73,#,,,,,#,
1003013236,Ostaszewski,Mary,Sugar Hill,GA,13,Nurse Practitioner,Claim-Specialty,Benazepril Hcl,Benazepril Hcl,11,31,910,91.64,,,11,31,91.64,910,*,
1003013236,Ostaszewski,Mary,Sugar Hill,GA,13,Nurse Practitioner,Claim-Specialty,Bupropion Hcl Sr,Bupropion Hcl,15,41.3,1232,540.25,12,,15,41.3,540.25,1232,,12
1003013236,Ostaszewski,Mary,Sugar Hill,GA,13,Nurse Practitioner,Claim-Specialty,Bupropion Xl,Bupropion Hcl,16,42,1260,434.88,11,#,,,,,*,
1003013236,Ostaszewski,Mary,Sugar Hill,GA,13,Nurse Practitioner,Claim-Specialty,Buspirone Hcl,Buspirone Hcl,30,66,1980,647.54,11,,30,66,647.54,1980,,11
1003013236,Ostaszewski,Mary,Sugar Hill,GA,13,Nurse Practitioner,Claim-Specialty,Carvedilol,Carvedilol,62,173,5189,1082.13,32,#,,,,,#,
1003013236,Ostaszewski,Mary,Sugar Hill,GA,13,Nurse Practitioner,Claim-Specialty,Celecoxib,Celecoxib,31,84.3,2530,2388.38,14,#,,,,,#,
1003013236,Ostaszewski,Mary,Sugar Hill,GA,13,Nurse Practitioner,Claim-Specialty,Ciprofloxacin Hcl,Ciprofloxacin Hcl,17,17,114,85.69,15,,17,17,85.69,114,,15
1003013236,Ostaszewski,Mary,Sugar Hill,GA,13,Nurse Practitioner,Claim-Specialty,Citalopram Hbr,Citalopram Hydrobromide,49,145,4335,460.66,18,#,,,,,#,
1003013236,Ostaszewski,Mary,Sugar Hill,GA,13,Nurse Practitioner,Claim-Specialty,Clonazepam,Clonazepam,17,30.8,924,77.95,,,17,30.8,77.95,924,*,
1003013236,Ostaszewski,Mary,Sugar Hill,GA,13,Nurse Practitioner,Claim-Specialty,Clopidogrel,Clopidogrel Bisulfate,28,82,2460,431.88,17,,28,82,431.88,2460,,17
1003013236,Ostaszewski,Mary,Sugar Hill,GA,13,Nurse Practitioner,Claim-Specialty,Colchicine,Colchicine,15,17,280,648.42,11,,15,17,648.42,280,,11
1003013236,Ostaszewski,Mary,Sugar Hill,GA,13,Nurse Practitioner,Claim-Specialty,Cyclobenzaprine Hcl,Cyclobenzaprine Hcl,34,60,1720,238.35,23,#,,,,,#,
1003013236,Ostaszewski,Mary,Sugar Hill,GA,13,Nurse Practitioner,Claim-Specialty,Diclofenac Sodium,Diclofenac Sodium,37,56.5,1530,749.16,23,#,,,,,#,
1003013236,Ostaszewski,Mary,Sugar Hill,GA,13,Nurse Practitioner,Claim-Specialty,Donepezil Hcl,Donepezil Hcl,21,59,1770,261.71,12,,21,59,261.71,1770,,12
1003013236,Ostaszewski,Mary,Sugar Hill,GA,13,Nurse Practitioner,Claim-Specialty,Duloxetine Hcl,Duloxetine Hcl,53,154.1,4624,1862.37,22,,37,106.1,1368.57,3184,#,
1003013236,Ostaszewski,Mary,Sugar Hill,GA,13,Nurse Practitioner,Claim-Specialty,Eliquis,Apixaban,54,107.8,3210,63681.89,21,#,,,,,#,
1003013236,Ostaszewski,Mary,Sugar Hill,GA,13,Nurse Practitioner,Claim-Specialty,Escitalopram Oxalate,Escitalopram Oxalate,52,156,4680,938.15,26,#,,,,,#,
1003013236,Ostaszewski,Mary,Sugar Hill,GA,13,Nurse Practitioner,Claim-Specialty,Estradiol,Estradiol,20,47.9,1436,1370.87,,#,,,,,*,
1003013236,Ostaszewski,Mary,Sugar Hill,GA,13,Nurse Practitioner,Claim-Specialty,Ezetimibe,Ezetimibe,41,95.3,2860,790.61,18,,41,95.3,790.61,2860,,18
1003013236,Ostaszewski,Mary,Sugar Hill,GA,13,Nurse Practitioner,Claim-Specialty,Famotidine,Famotidine,35,105,3150,363.36,24,#,,,,,#,
1003013236,Ostaszewski,Mary,Sugar Hill,GA,13,Nurse Practitioner,Claim-Specialty,Fenofibrate,Fenofibrate,22,66,1980,803.88,14,,22,66,803.88,1980,,14
1003013236,Ostaszewski,Mary,Sugar Hill,GA,13,Nurse Practitioner,Claim-Specialty,Finasteride,Finasteride,17,51,1530,187.89,,#,,,,,*,
1003013236,Ostaszewski,Mary,Sugar Hill,GA,13,Nurse Practitioner,Claim-Specialty,Fluoxetine Hcl,Fluoxetine Hcl,45,107,3191,491.77,16,#,,,,,#,
1003013236,Ostaszewski,Mary,Sugar Hill,GA,13,Nurse Practitioner,Claim-Specialty,Fluticasone Propionate,Fluticasone Propionate,27,55,1650,574.85,15,#,,,,,#,
1003013236,Ostaszewski,Mary,Sugar Hill,GA,13,Nurse Practitioner,Claim-Specialty,Furosemide,Furosemide,57,151.7,4535,219.54,31,#,,,,,#,
1003013236,Ostaszewski,Mary,Sugar Hill,GA,13,Nurse Practitioner,Claim-Specialty,Gabapentin,Gabapentin,130,349.5,10437,3436.49,69,,114,309.5,2857.32,9255,#,
1003013236,Ostaszewski,Mary,Sugar Hill,GA,13,Nurse Practitioner,Claim-Specialty,Glimepiride,Glimepiride,26,75.1,2253,232.84,16,#,,,,,#,
1003013236,Ostaszewski,Mary,Sugar Hill,GA,13,Nurse Practitioner,Claim-Specialty,Glipizide,Glipizide,23,67,2010,306.5,13,#,,,,,#,
1003013236,Ostaszewski,Mary,Sugar Hill,GA,13,Nurse Practitioner,Claim-Specialty,Glipizide Er,Glipizide,16,48,1440,472.97,,,16,48,472.97,1440,*,
1003013236,Ostaszewski,Mary,Sugar Hill,GA,13,Nurse Practitioner,Claim-Specialty,Hydralazine Hcl,Hydralazine Hcl,48,114,3395,428.03,18,,48,114,428.03,3395,,18
1003013236,Ostaszewski,Mary,Sugar Hill,GA,13,Nurse Practitioner,Claim-Specialty,Hydrochlorothiazide,Hydrochlorothiazide,139,383.5,11504,720.04,62,,127,357.5,659.77,10724,#,
1003013236,Ostaszewski,Mary,Sugar Hill,GA,13,Nurse Practitioner,Claim-Specialty,Hydroxyzine Hcl,Hydroxyzine Hcl,17,43,1275,209.32,11,,17,43,209.32,1275,,11
1003013236,Ostaszewski,Mary,Sugar Hill,GA,13,Nurse Practitioner,Claim-Specialty,Januvia,Sitagliptin Phosphate,17,41,1230,23484.17,,,17,41,23484.17,1230,*,
1003013236,Ostaszewski,Mary,Sugar Hill,GA,13,Nurse Practitioner,Claim-Specialty,Jardiance,Empagliflozin,38,97.3,2920,61658.03,23,#,,,,,#,
1003013236,Ostaszewski,Mary,Sugar Hill,GA,13,Nurse Practitioner,Claim-Specialty,Levetiracetam,Levetiracetam,18,28,810,188.09,,,18,28,188.09,810,*,
1003013236,Ostaszewski,Mary,Sugar Hill,GA,13,Nurse Practitioner,Claim-Specialty,Levocetirizine Dihydrochloride,Levocetirizine Dihydrochloride,19,55,1650,180.8,,#,,,,,*,
1003013236,Ostaszewski,Mary,Sugar Hill,GA,13,Nurse Practitioner,Claim-Specialty,Levothyroxine Sodium,Levothyroxine Sodium,367,997.3,29785,5652.29,167,,351,949.3,5379.95,28345,#,
1003013236,Ostaszewski,Mary,Sugar Hill,GA,13,Nurse Practitioner,Claim-Specialty,Linzess,Linaclotide,17,38,1140,20963.92,,#,,,,,*,
1003013236,Ostaszewski,Mary,Sugar Hill,GA,13,Nurse Practitioner,Claim-Specialty,Lisinopril,Lisinopril,288,822.7,24623,2519.85,139,,277,789.7,2409,23633,#,
1003013236,Ostaszewski,Mary,Sugar Hill,GA,13,Nurse Practitioner,Claim-Specialty,Lisinopril-Hydrochlorothiazide,Lisinopril/Hydrochlorothiazide,53,151.7,4540,489.47,27,#,,,,,#,
1003013236,Ostaszewski,Mary,Sugar Hill,GA,13,Nurse Practitioner,Claim-Specialty,Lorazepam,Lorazepam,16,24,720,249.81,,*,,,,,*,
1003013236,Ostaszewski,Mary,Sugar Hill,GA,13,Nurse Practitioner,Claim-Specialty,Losartan Potassium,Losartan Potassium,165,471.1,14132,2230.54,86,#,,,,,#,
1003013236,Ostaszewski,Mary,Sugar Hill,GA,13,Nurse Practitioner,Claim-Specialty,Losartan-Hydrochlorothiazide,Losartan/Hydrochlorothiazide,56,162,4860,1090.51,27,#,,,,,#,
1003013236,Ostaszewski,Mary,Sugar Hill,GA,13,Nurse Practitioner,Claim-Specialty,Lovastatin,Lovastatin,22,64,1920,328.88,16,,22,64,328.88,1920,,16
1003013236,Ostaszewski,Mary,Sugar Hill,GA,13,Nurse Practitioner,Claim-Specialty,Meloxicam,Meloxicam,34,82,2445,179.75,20,#,,,,,#,
1003013236,Ostaszewski,Mary,Sugar Hill,GA,13,Nurse Practitioner,Claim-Specialty,Memantine Hcl,Memantine Hcl,23,43,1267,551.19,,,23,43,551.19,1267,*,
1003013236,Ostaszewski,Mary,Sugar Hill,GA,13,Nurse Practitioner,Claim-Specialty,Metformin Hcl,Metformin Hcl,159,442,13215,1348.45,79,#,,,,,#,
1003013236,Ostaszewski,Mary,Sugar Hill,GA,13,Nurse Practitioner,Claim-Specialty,Metformin Hcl Er,Metformin Hcl,27,81,2430,389.41,18,,27,81,389.41,2430,,18
1003013236,Ostaszewski,Mary,Sugar Hill,GA,13,Nurse Practitioner,Claim-Specialty,Methylprednisolone,Methylprednisolone,32,32,192,238.38,31,#,,,,,#,
1003013236,Ostaszewski,Mary,Sugar Hill,GA,13,Nurse Practitioner,Claim-Specialty,Metoprolol Succinate,Metoprolol Succinate,83,229.3,6880,1469.9,44,#,,,,,#,
1003013236,Ostaszewski,Mary,Sugar Hill,GA,13,Nurse Practitioner,Claim-Specialty,Metoprolol Tartrate,Metoprolol Tartrate,72,182,5447,611.9,29,#,,,,,#,
1003013236,Ostaszewski,Mary,Sugar Hill,GA,13,Nurse Practitioner,Claim-Specialty,Mirtazapine,Mirtazapine,26,60,1777,257.88,12,#,,,,,*,
1003013236,Ostaszewski,Mary,Sugar Hill,GA,13,Nurse Practitioner,Claim-Specialty,Montelukast Sodium,Montelukast Sodium,130,379.8,11385,2239.3,60,#,,,,,#,
1003013236,Ostaszewski,Mary,Sugar Hill,GA,13,Nurse Practitioner,Claim-Specialty,Mounjaro,Tirzepatide,12,15.6,448,17624.89,,*,,,,,*,
1003013236,Ostaszewski,Mary,Sugar Hill,GA,13,Nurse Practitioner,Claim-Specialty,Mupirocin,Mupirocin,11,14.9,299,99.26,,*,,,,,*,
1003013236,Ostaszewski,Mary,Sugar Hill,GA,13,Nurse Practitioner,Claim-Specialty,Myrbetriq,Mirabegron,28,68,2040,31969.14,13,,28,68,31969.14,2040,,13
1003013236,Ostaszewski,Mary,Sugar Hill,GA,13,Nurse Practitioner,Claim-Specialty,Naproxen,Naproxen,14,20,540,87.45,,#,,,,,*,
1003013236,Ostaszewski,Mary,Sugar Hill,GA,13,Nurse Practitioner,Claim-Specialty,Nitrofurantoin Mono-Macro,Nitrofurantoin Monohyd/M-Cryst,22,22,160,333.31,20,#,,,,,#,
1003013236,Ostaszewski,Mary,Sugar Hill,GA,13,Nurse Practitioner,Claim-Specialty,Olmesartan Medoxomil,Olmesartan Medoxomil,22,48.3,1420,239.45,,#,,,,,*,
1003013236,Ostaszewski,Mary,Sugar Hill,GA,13,Nurse Practitioner,Claim-Specialty,Omeprazole,Omeprazole,113,309,9260,2044.34,56,#,,,,,#,
1003013236,Ostaszewski,Mary,Sugar Hill,GA,13,Nurse Practitioner,Claim-Specialty,Oxybutynin Chloride Er,Oxybutynin Chloride,14,36.3,1090,306.24,,#,,,,,*,
1003013236,Ostaszewski,Mary,Sugar Hill,GA,13,Nurse Practitioner,Claim-Specialty,Ozempic,Semaglutide,12,13.3,378,12100.54,,,12,13.3,12100.54,378,*,
1003013236,Ostaszewski,Mary,Sugar Hill,GA,13,Nurse Practitioner,Claim-Specialty,Pantoprazole Sodium,Pantoprazole Sodium,94,278,8340,1439.72,43,#,,,,,#,
1003013236,Ostaszewski,Mary,Sugar Hill,GA,13,Nurse Practitioner,Claim-Specialty,Paroxetine Hcl,Paroxetine Hcl,19,51,1530,316.73,,,19,51,316.73,1530,*,
1003013236,Ostaszewski,Mary,Sugar Hill,GA,13,Nurse Practitioner,Claim-Specialty,Pioglitazone Hcl,Pioglitazone Hcl,35,105,3150,661.52,22,#,,,,,#,
1003013236,Ostaszewski,Mary,Sugar Hill,GA,13,Nurse Practitioner,Claim-Specialty,Potassium Chloride,Potassium Chloride,29,58,1678,575.6,15,#,,,,,#,
1003013236,Ostaszewski,Mary,Sugar Hill,GA,13,Nurse Practitioner,Claim-Specialty,Pravastatin Sodium,Pravastatin Sodium,145,432.8,12984,3028.55,70,#,,,,,#,
1003013236,Ostaszewski,Mary,Sugar Hill,GA,13,Nurse Practitioner,Claim-Specialty,Pregabalin,Pregabalin,19,38,1140,818.06,,,19,38,818.06,1140,*,
1003013236,Ostaszewski,Mary,Sugar Hill,GA,13,Nurse Practitioner,Claim-Specialty,Raloxifene Hcl,Raloxifene Hcl,14,39,1170,935.27,,,14,39,935.27,1170,*,
1003013236,Ostaszewski,Mary,Sugar Hill,GA,13,Nurse Practitioner,Claim-Specialty,Rosuvastatin Calcium,Rosuvastatin Calcium,223,627.7,18760,4037.62,106,,205,573.7,3820.17,17140,#,
1003013236,Ostaszewski,Mary,Sugar Hill,GA,13,Nurse Practitioner,Claim-Specialty,Rybelsus,Semaglutide,11,21,630,20151.94,,,11,21,20151.94,630,*,
1003013236,Ostaszewski,Mary,Sugar Hill,GA,13,Nurse Practitioner,Claim-Specialty,Sertraline Hcl,Sertraline Hcl,72,177.8,5310,693.13,25,,56,143.8,540.98,4290,#,
1003013236,Ostaszewski,Mary,Sugar Hill,GA,13,Nurse Practitioner,Claim-Specialty,Simvastatin,Simvastatin,53,138,4132,497.55,22,,42,119,398.01,3562,#,
1003013236,Ostaszewski,Mary,Sugar Hill,GA,13,Nurse Practitioner,Claim-Specialty,Spironolactone,Spironolactone,22,62,1860,275.77,13,,22,62,275.77,1860,,13
1003013236,Ostaszewski,Mary,Sugar Hill,GA,13,Nurse Practitioner,Claim-Specialty,Tamsulosin Hcl,Tamsulosin Hcl,82,232,6935,1174.3,47,#,,,,,#,
1003013236,Ostaszewski,Mary,Sugar Hill,GA,13,Nurse Practitioner,Claim-Specialty,Tizanidine Hcl,Tizanidine Hcl,23,55,1620,446.71,17,#,,,,,#,
1003013236,Ostaszewski,Mary,Sugar Hill,GA,13,Nurse Practitioner,Claim-Specialty,Tolterodine Tartrate,Tolterodine Tartrate,11,29,845,1041.59,,,11,29,1041.59,845,*,
1003013236,Ostaszewski,Mary,Sugar Hill,GA,13,Nurse Practitioner,Claim-Specialty,Tramadol Hcl,Tramadol Hcl,63,77,2003,415.55,25,,50,54,349.21,1313,#,
1003013236,Ostaszewski,Mary,Sugar Hill,GA,13,Nurse Practitioner,Claim-Specialty,Trazodone Hcl,Trazodone Hcl,111,317,9500,1392.13,54,,100,288,1287.71,8630,#,
1003013236,Ostaszewski,Mary,Sugar Hill,GA,13,Nurse Practitioner,Claim-Specialty,Trelegy Ellipta,Fluticasone/Umeclidin/Vilanter,28,48,1440,33369.76,13,#,,,,,*,
1003013236,Ostaszewski,Mary,Sugar Hill,GA,13,Nurse Practitioner,Claim-Specialty,Triamcinolone Acetonide,Triamcinolone Acetonide,27,27,510,168.68,20,#,,,,,#,
1003013236,Ostaszewski,Mary,Sugar Hill,GA,13,Nurse Practitioner,Claim-Specialty,Valacyclovir,Valacyclovir Hcl,19,24,400,874.66,17,#,,,,,#,
1003013236,Ostaszewski,Mary,Sugar Hill,GA,13,Nurse Practitioner,Claim-Specialty,Valsartan,Valsartan,16,48,1440,638.79,,#,,,,,*,
1003013236,Ostaszewski,Mary,Sugar Hill,GA,13,Nurse Practitioner,Claim-Specialty,Venlafaxine Hcl Er,Venlafaxine Hcl,33,87,2587,1130.01,14,,22,66,625.53,1980,#,
1003013236,Ostaszewski,Mary,Sugar Hill,GA,13,Nurse Practitioner,Claim-Specialty,Verapamil Er,Verapamil Hcl,12,18,524,775,,,12,18,775,524,*,
1003013236,Ostaszewski,Mary,Sugar Hill,GA,13,Nurse Practitioner,Claim-Specialty,Xarelto,Rivaroxaban,12,24,720,13159.21,,,12,24,13159.21,720,*,
1003013236,Ostaszewski,Mary,Sugar Hill,GA,13,Nurse Practitioner,Claim-Specialty,Zolpidem Tartrate,Zolpidem Tartrate,44,124,3720,822.05,23,#,,,,,#,
1003013269,Chelson,Jillian,Santa Cruz,CA,06,Physician Assistant,Claim-Specialty,Albuterol Sulfate Hfa,Albuterol Sulfate,26,30.8,812,744.66,13,#,,,,,#,
1003013269,Chelson,Jillian,Santa Cruz,CA,06,Physician Assistant,Claim-Specialty,Armour Thyroid,"Thyroid,pork",12,18,540,592.14,,,12,18,592.14,540,*,
1003013269,Chelson,Jillian,Santa Cruz,CA,06,Physician Assistant,Claim-Specialty,Atorvastatin Calcium,Atorvastatin Calcium,30,72,2160,548.96,13,,30,72,548.96,2160,,13
1003013269,Chelson,Jillian,Santa Cruz,CA,06,Physician Assistant,Claim-Specialty,Estradiol,Estradiol,20,44.9,1346,1719.03,12,,20,44.9,1719.03,1346,,12
1003013269,Chelson,Jillian,Santa Cruz,CA,06,Physician Assistant,Claim-Specialty,Fluoxetine Hcl,Fluoxetine Hcl,12,29,870,82.83,,,12,29,82.83,870,*,
1003013269,Chelson,Jillian,Santa Cruz,CA,06,Physician Assistant,Claim-Specialty,Fluticasone Propionate,Fluticasone Propionate,13,23,675,372.29,,,13,23,372.29,675,*,
1003013269,Chelson,Jillian,Santa Cruz,CA,06,Physician Assistant,Claim-Specialty,Gabapentin,Gabapentin,20,24,612,274.9,,#,,,,,*,
1003013269,Chelson,Jillian,Santa Cruz,CA,06,Physician Assistant,Claim-Specialty,Hydrochlorothiazide,Hydrochlorothiazide,28,64,1920,167.69,,,28,64,167.69,1920,*,
1003013269,Chelson,Jillian,Santa Cruz,CA,06,Physician Assistant,Claim-Specialty,Hydrocodone-Acetaminophen,Hydrocodone/Acetaminophen,13,13,260,241.33,12,#,,,,,#,
1003013269,Chelson,Jillian,Santa Cruz,CA,06,Physician Assistant,Claim-Specialty,Levothyroxine Sodium,Levothyroxine Sodium,38,82,2460,1059.3,17,#,,,,,#,
1003013269,Chelson,Jillian,Santa Cruz,CA,06,Physician Assistant,Claim-Specialty,Lisinopril,Lisinopril,48,91,2730,480.85,16,#,,,,,#,
1003013269,Chelson,Jillian,Santa Cruz,CA,06,Physician Assistant,Claim-Specialty,Lorazepam,Lorazepam,11,11,174,35.8,,*,,,,,*,
1003013269,Chelson,Jillian,Santa Cruz,CA,06,Physician Assistant,Claim-Specialty,Losartan Potassium,Losartan Potassium,44,100,3000,869.68,13,,44,100,869.68,3000,,13
1003013269,Chelson,Jillian,Santa Cruz,CA,06,Physician Assistant,Claim-Specialty,Meloxicam,Meloxicam,12,18,510,112.25,,*,,,,,*,
1003013269,Chelson,Jillian,Santa Cruz,CA,06,Physician Assistant,Claim-Specialty,Metformin Hcl Er,Metformin Hcl,52,82,2460,690.4,19,,52,82,690.4,2460,,19
1003013269,Chelson,Jillian,Santa Cruz,CA,06,Physician Assistant,Claim-Specialty,Ozempic,Semaglutide,30,30.9,872,29981.93,,#,,,,,*,
1003013269,Chelson,Jillian,Santa Cruz,CA,06,Physician Assistant,Claim-Specialty,Paxlovid (Eua),Nirmatrelvir/Ritonavir,13,13,65,125.79,13,#,,,,,#,
1003013269,Chelson,Jillian,Santa Cruz,CA,06,Physician Assistant,Claim-Specialty,Rosuvastatin Calcium,Rosuvastatin Calcium,18,40,1200,398.13,,#,,,,,*,
1003013269,Chelson,Jillian,Santa Cruz,CA,06,Physician Assistant,Claim-Specialty,Trazodone Hcl,Trazodone Hcl,17,29,838,217.12,,#,,,,,*,
1003013269,Chelson,Jillian,Santa Cruz,CA,06,Physician Assistant,Claim-Specialty,Triamcinolone Acetonide,Triamcinolone Acetonide,13,19,462,386.08,11,#,,,,,*,
1003013269,Chelson,Jillian,Santa Cruz,CA,06,Physician Assistant,Claim-Specialty,Trulicity,Dulaglutide,14,14.1,398,13972.97,,,14,14.1,13972.97,398,*,
1003013269,Chelson,Jillian,Santa Cruz,CA,06,Physician Assistant,Claim-Specialty,Valacyclovir,Valacyclovir Hcl,13,15,198,804.81,,,13,15,804.81,198,*,
1003013335,Sarti,Juan,Stockton,CA,06,Anesthesiology,Claim-Specialty,Alprazolam,Alprazolam,12,12,360,39.44,,,12,12,39.44,360,*,
1003013335,Sarti,Juan,Stockton,CA,06,Anesthesiology,Claim-Specialty,Cephalexin,Cephalexin,89,89.3,659,1001.37,71,,78,78.3,800.22,582,#,
1003013335,Sarti,Juan,Stockton,CA,06,Anesthesiology,Claim-Specialty,Gabapentin,Gabapentin,24,26.3,789,440.7,,#,,,,,*,
1003013335,Sarti,Juan,Stockton,CA,06,Anesthesiology,Claim-Specialty,Hydrocodone-Acetaminophen,Hydrocodone/Acetaminophen,52,52,1388,1492.77,,,52,52,1492.77,1388,*,
1003013384,Osleber,Michael,Little Rock,AR,05,Dermatology,Claim-Specialty,Doxycycline Hyclate,Doxycycline Hyclate,29,29,273,442.62,26,,29,29,442.62,273,,26
1003013384,Osleber,Michael,Little Rock,AR,05,Dermatology,Claim-Specialty,Hydrocortisone,Hydrocortisone,31,31,686,173.84,20,,31,31,173.84,686,,20
